date,btc_open,btc_high,btc_low,btc_close,btc_volume,btc_daily_return,total_flow_usd,total_flow_usd_ma5,premium_spot_bps,premium_spot_ma24,funding_rate_bps,next_observation_return,is_etf_observation
2024-01-11 00:00:00+00:00,46663.0,49027.5,45600.0,46337.8,596698.379,,655300000.0,655300000.0,0.7553007003147094,1.2958166568253586,1.0,-0.0765875807655952,True
2024-01-12 00:00:00+00:00,46337.9,46536.2,41370.0,42788.9,575943.258,-0.07658758076559524,203000000.0,429150000.0,-2.2672699942249963,-3.892801894954759,1.0,0.008041805234535,True
2024-01-13 00:00:00+00:00,42789.0,43273.4,42445.7,42846.4,207737.326,0.0013438064544777362,,,,,,,False
2024-01-14 00:00:00+00:00,42846.4,43096.1,41713.5,41734.9,181096.968,-0.025941502670002614,,,,,,,False
2024-01-15 00:00:00+00:00,41734.9,43376.0,41720.0,42515.0,240059.141,0.018691790324165014,,,,,,,False
2024-01-16 00:00:00+00:00,42515.0,43589.0,42050.0,43133.0,287207.233,0.014536046101375932,-52700000.0,268533333.3333333,-1.7386083483339476,-6.682710184151564,1.0,-0.0081051631001785,True
2024-01-17 00:00:00+00:00,43133.0,43198.0,42200.0,42783.4,209396.081,-0.008105163100178503,453800000.0,314850000.0,-8.558517489907214,-7.404603258006024,1.0,-0.034132397144687,True
2024-01-18 00:00:00+00:00,42783.3,42932.3,40673.6,41323.1,335080.756,-0.03413239714468708,-126600000.0,226560000.0,-8.22696751557661,-12.388137358964787,1.0,0.0082060639206642,True
2024-01-19 00:00:00+00:00,41323.2,42197.0,40300.0,41662.2,345941.73,0.008206063920664253,43600000.0,104220000.0,-8.391938074410188,-12.059896567760546,1.0,-0.0502901911084867,True
2024-01-20 00:00:00+00:00,41662.1,41883.5,41453.6,41691.8,95866.062,0.0007104761630447598,,,,,,,False
2024-01-21 00:00:00+00:00,41691.8,41880.9,41500.0,41580.0,67035.552,-0.002681582469454491,,,,,,,False
2024-01-22 00:00:00+00:00,41579.9,41692.3,39402.0,39567.0,459024.106,-0.04841269841269846,-87400000.0,46140000.0,-11.056909089713908,-9.710789692811185,1.0,0.0081633684636186,True
2024-01-23 00:00:00+00:00,39567.1,40172.7,38545.0,39890.0,414373.386,0.008163368463618648,-106100000.0,35460000.0,-4.837383702276377,-10.006072019862293,1.0,0.0047305088994735,True
2024-01-24 00:00:00+00:00,39889.9,40560.6,39493.3,40078.7,272754.171,0.004730508899473573,-158300000.0,-86960000.0,-1.771241425694292,-5.86979872207613,1.0,-0.0031288439994309,True
2024-01-25 00:00:00+00:00,40078.8,40300.0,39535.3,39953.3,203728.679,-0.003128843999430919,-79800000.0,-77600000.0,-4.862229733971768,-5.0311515145583705,1.0,0.0463816505770486,True
2024-01-26 00:00:00+00:00,39953.3,42239.3,39813.1,41806.4,355418.478,0.04638165057704868,14800000.0,-83360000.0,-2.082560741554218,-3.681500019031744,1.0,0.035432373990585,True
2024-01-27 00:00:00+00:00,41806.4,42187.1,41360.1,42102.2,118437.114,0.007075471698113178,,,,,,,False
2024-01-28 00:00:00+00:00,42102.2,42836.0,41600.0,42021.2,205736.453,-0.0019238899629948625,,,,,,,False
2024-01-29 00:00:00+00:00,42021.2,43340.8,41768.3,43287.7,249502.11,0.030139548608797417,255600000.0,-14760000.0,0.803645038300882,-1.3309549399389644,1.0,-0.0085336019238719,True
2024-01-30 00:00:00+00:00,43287.6,43888.0,42665.6,42918.3,257582.784,-0.00853360192387198,247100000.0,55880000.0,0.3912335734290728,-0.0772489511007001,0.5149,-0.00833677009574,True
2024-01-31 00:00:00+00:00,42918.3,43748.6,42257.6,42560.5,313069.11,-0.008336770095740076,197700000.0,127080000.0,-7.496477219350872,-4.607197789689664,1.0,0.0120322834553165,True
2024-02-01 00:00:00+00:00,42560.5,43288.0,41866.8,43072.6,274321.107,0.012032283455316595,38500000.0,150740000.0,-0.9586161018737548,-6.8740233976973455,1.0,0.0025398977540247,True
2024-02-02 00:00:00+00:00,43072.6,43480.0,42512.7,43182.0,205767.574,0.0025398977540247447,80000000.0,163780000.0,-4.245370370369317,-4.811817614834753,1.0,-0.011326478625353,True
2024-02-03 00:00:00+00:00,43182.0,43372.2,42858.3,42992.4,89735.22,-0.004390718354870038,,,,,,,False
2024-02-04 00:00:00+00:00,42992.4,43112.1,42176.7,42570.3,127421.548,-0.009818014346721693,,,,,,,False
2024-02-05 00:00:00+00:00,42570.3,43580.0,42235.1,42692.9,240655.549,0.002879942119270895,68100000.0,126280000.0,-11.948385223619074,-10.033362660284704,1.0,0.0090460006230543,True
2024-02-06 00:00:00+00:00,42692.9,43378.8,42559.8,43079.1,196157.643,0.009046000623054384,33600000.0,83580000.0,-0.7331965163870358,-8.10200134759719,1.0,0.0289490727522161,True
2024-02-07 00:00:00+00:00,43079.1,44388.0,42763.4,44326.2,252057.708,0.028949072752216143,146000000.0,73240000.0,-1.3506322492196077,-4.549430954522565,0.8305999999999999,0.021271843740271,True
2024-02-08 00:00:00+00:00,44326.3,45600.0,44306.8,45269.1,299738.288,0.021271843740271024,405000000.0,146540000.0,3.654337234604288,0.8407922733712213,0.259,0.0408004577073544,True
2024-02-09 00:00:00+00:00,45269.2,48230.3,45218.1,47116.1,519919.419,0.04080045770735441,541500000.0,238840000.0,5.864285082333165,3.020437847142861,0.9801,0.0600113337054637,True
2024-02-10 00:00:00+00:00,47116.1,48189.6,46836.4,47732.6,179626.604,0.013084699285382362,,,,,,,False
2024-02-11 00:00:00+00:00,47732.6,48600.0,47539.4,48303.4,209951.626,0.0119582842753172,,,,,,,False
2024-02-12 00:00:00+00:00,48303.4,50413.2,47702.0,49943.6,450895.202,0.03395620184086412,493400000.0,323900000.0,4.916134235706249,3.887996586258713,1.0,-0.0049495831297703,True
2024-02-13 00:00:00+00:00,49943.6,50428.8,48301.0,49696.4,382348.085,-0.004949583129770341,631300000.0,443440000.0,5.185153438891366,4.715625576842501,1.0,0.0427958564403054,True
2024-02-14 00:00:00+00:00,49696.4,52100.0,49215.7,51823.2,395191.791,0.04279585644030548,339700000.0,482180000.0,12.24438494940694,6.903152682605126,1.2283,0.0014530171814941,True
2024-02-15 00:00:00+00:00,51823.1,52859.0,51334.9,51898.5,392724.603,0.001453017181494154,477400000.0,496660000.0,10.464533538936394,9.045696618468954,1.0,0.0048190217443664,True
2024-02-16 00:00:00+00:00,51898.4,52623.0,51611.7,52148.6,259819.793,0.004819021744366436,331800000.0,454720000.0,7.391972735841801,6.734049640424177,1.0,0.002853384366982,True
2024-02-17 00:00:00+00:00,52148.7,52192.8,50647.5,51679.4,222342.005,-0.008997365221693365,,,,,,,False
2024-02-18 00:00:00+00:00,51679.5,52450.0,51178.0,52175.9,166636.426,0.009607309682387877,,,,,,,False
2024-02-19 00:00:00+00:00,52175.9,52532.9,51688.8,51813.8,196387.978,-0.0069399857022111044,,,,,,,False
2024-02-20 00:00:00+00:00,51813.7,53090.9,50788.0,52297.4,388913.064,0.009333420826111993,135300000.0,383100000.0,3.5783433303682166,1.6756455545532951,2.0259,-0.0080233434166898,True
2024-02-21 00:00:00+00:00,52297.3,52402.3,50528.4,51877.8,308127.301,-0.008023343416689865,-35600000.0,249720000.0,0.4397351637108748,1.417684982479665,1.0,-0.0108119465358978,True
2024-02-22 00:00:00+00:00,51877.9,52130.8,50967.5,51316.9,244144.647,-0.010811946535897898,251400000.0,232060000.0,-5.794680358646165,-2.5780787872177933,1.2557,-0.0106202829866963,True
2024-02-23 00:00:00+00:00,51316.9,51576.3,50512.7,50771.9,215474.562,-0.010620282986696372,232500000.0,183080000.0,0.5714944481294282,-2.0572907741993327,1.2991,0.0736568850092274,True
2024-02-24 00:00:00+00:00,50771.9,51736.6,50611.4,51602.1,104944.457,0.01635156454653064,,,,,,,False
2024-02-25 00:00:00+00:00,51602.1,52050.0,51300.4,51764.9,122177.26,0.0031549103621753005,,,,,,,False
2024-02-26 00:00:00+00:00,51764.9,54991.8,50922.5,54511.6,393466.231,0.053061051021058514,519900000.0,220700000.0,10.46506868011221,3.1182988136634058,2.7227,0.0470156810660482,True
2024-02-27 00:00:00+00:00,54511.7,57780.0,54495.0,57074.5,511475.535,0.047015681066048254,576900000.0,309020000.0,6.965612351488293,7.148410717557156,2.2965,0.0948479618743922,True
2024-02-28 00:00:00+00:00,57074.5,64300.0,56730.1,62487.9,1010118.442,0.09484796187439226,673400000.0,450820000.0,13.9031043325466,7.859596244503368,5.353800000000001,-0.0205575799474777,True
2024-02-29 00:00:00+00:00,62487.9,63762.8,60452.0,61203.3,584713.883,-0.020557579947477755,92300000.0,419000000.0,7.860171716533859,3.7195903485719626,5.7031,0.0200528402880235,True
2024-03-01 00:00:00+00:00,61203.3,63199.0,60844.8,62430.6,299231.827,0.020052840288023566,-139600000.0,344580000.0,7.825235342109327,5.904923738533028,4.601,0.0939571299971486,True
2024-03-02 00:00:00+00:00,62430.6,62513.1,61605.0,62039.9,159283.629,-0.006258149048703587,,,,,,,False
2024-03-03 00:00:00+00:00,62039.9,63330.9,61339.5,63178.5,200312.503,0.018352705275153536,,,,,,,False
2024-03-04 00:00:00+00:00,63178.5,68600.0,62299.0,68296.4,632882.144,0.08100698813678697,562700000.0,353140000.0,16.767354314284333,9.985761505856468,6.361999999999999,-0.0666067318335957,True
2024-03-05 00:00:00+00:00,68296.5,69350.0,59112.0,63747.4,1053025.132,-0.06660673183359578,648300000.0,367420000.0,12.047264445536054,8.983080374022022,8.8148,0.0373458368498167,True
2024-03-06 00:00:00+00:00,63747.5,67729.5,62829.3,66128.1,534011.813,0.03734583684981674,332000000.0,299140000.0,7.300900626026063,8.263697598742727,4.9354,0.0112191337721785,True
2024-03-07 00:00:00+00:00,66128.0,68101.3,65609.3,66870.0,296092.788,0.011219133772178536,472500000.0,375180000.0,17.215585552137203,10.502805980312871,5.4217,0.0195932406161207,True
2024-03-08 00:00:00+00:00,66870.0,70330.8,66120.0,68180.2,459387.207,0.019593240616120777,222900000.0,447680000.0,24.216067743336733,19.128893865383485,6.2913,0.0582808498655036,True
2024-03-09 00:00:00+00:00,68180.2,68608.7,67908.7,68360.1,94899.005,0.002638595956010903,,,,,,,False
2024-03-10 00:00:00+00:00,68360.2,69999.8,68155.0,69001.8,233596.523,0.009387054729293798,,,,,,,False
2024-03-11 00:00:00+00:00,69001.8,72890.0,67000.0,72153.8,474396.897,0.045679967768956775,505400000.0,436220000.0,4.561718469269227,5.7837601894996284,6.6396,-0.0090168501173881,True
2024-03-12 00:00:00+00:00,72153.9,73370.0,68600.0,71503.2,472072.331,-0.009016850117388175,1045000000.0,515560000.0,3.3477014852345555,2.7049466852294146,4.7935,0.0227178643753007,True
2024-03-13 00:00:00+00:00,71503.3,73755.0,71388.1,73127.6,288446.338,0.022717864375300767,683700000.0,585900000.0,8.570950376480813,8.037503900206836,4.5402000000000005,-0.0228655117903501,True
2024-03-14 00:00:00+00:00,73127.6,73881.4,68600.0,71455.5,513901.237,-0.022865511790350124,132700000.0,517940000.0,-3.4122932768021474,0.5966914124186836,3.8258,-0.0266361581683706,True
2024-03-15 00:00:00+00:00,71455.6,72500.0,65580.0,69552.2,705810.685,-0.026636158168370616,198800000.0,513120000.0,1.0115129744892035,-4.113296440129745,1.5306,-0.027205465822792,True
2024-03-16 00:00:00+00:00,69552.1,70097.6,64750.0,65351.0,333426.129,-0.06040355301485789,,,,,,,False
2024-03-17 00:00:00+00:00,65351.0,68972.4,64559.8,68447.9,314890.309,0.047388716316506097,,,,,,,False
2024-03-18 00:00:00+00:00,68447.9,69044.4,66601.6,67660.0,317885.916,-0.01151094482080528,-154300000.0,381180000.0,0.4511167654341896,-3.955569387403639,2.7195,-0.0840363582618977,True
2024-03-19 00:00:00+00:00,67660.0,68178.6,61582.8,61974.1,700466.795,-0.0840363582618977,-326200000.0,106940000.0,-5.026042423480481,-4.069921184732632,2.4018,0.0952381720751087,True
2024-03-20 00:00:00+00:00,61974.1,68140.0,60800.0,67876.4,637362.465,0.09523817207510876,-261500000.0,-82100000.0,2.6960292603939173,-1.8226791156270945,1.0,-0.0344228627328496,True
2024-03-21 00:00:00+00:00,67876.4,68293.9,64550.1,65539.9,347218.385,-0.03442286273284967,-93900000.0,-127420000.0,-2.5297219427955486,-0.6491496893266021,1.951,-0.0261504823779101,True
2024-03-22 00:00:00+00:00,65539.9,66691.9,62294.0,63826.0,401149.333,-0.026150482377910178,-51600000.0,-177500000.0,2.808925360331393,0.1204854879018058,1.1993,0.095486165512487,True
2024-03-23 00:00:00+00:00,63826.1,66050.0,63020.2,64020.3,239124.0,0.0030442139566948523,,,,,,,False
2024-03-24 00:00:00+00:00,64020.4,67700.0,63822.0,67260.9,244179.435,0.05061831950178286,,,,,,,False
2024-03-25 00:00:00+00:00,67260.9,71228.3,66427.6,69920.5,395156.191,0.03954154642593255,15700000.0,-143500000.0,1.4696620678789074,4.005273689390992,2.8815,0.0017677219127438,True
2024-03-26 00:00:00+00:00,69920.6,71649.0,69320.0,70044.1,307861.116,0.0017677219127438804,418000000.0,5340000.0,0.6286792021481524,2.149770874477809,2.6764,-0.0073025422555218,True
2024-03-27 00:00:00+00:00,70044.2,71888.0,68364.8,69532.6,407286.574,-0.007302542255521849,243500000.0,106340000.0,-4.898518050743261,-1.854080158691373,4.363099999999999,0.018783994845583,True
2024-03-28 00:00:00+00:00,69532.6,71636.2,68941.0,70838.7,241970.822,0.01878399484558302,182800000.0,161680000.0,2.9075763697949952,-1.333069360852368,2.943,-0.0160745468225701,True
2024-03-29 00:00:00+00:00,70838.8,70976.9,69000.0,69903.6,187970.841,-0.013200411639400333,,,,,,,False
2024-03-30 00:00:00+00:00,69903.6,70388.0,69577.2,69642.1,91126.75,-0.003740865992595488,,,,,,,False
2024-03-31 00:00:00+00:00,69642.0,71495.5,69608.0,71363.0,132458.79,0.024710627623233616,,,,,,,False
2024-04-01 00:00:00+00:00,71363.0,71388.0,68103.3,69700.0,282812.126,-0.023303392514328114,-85700000.0,154860000.0,4.597285275766971,3.033150021795837,2.7469,-0.0601822094691534,True
2024-04-02 00:00:00+00:00,69700.0,69731.6,64603.2,65505.3,499041.572,-0.060182209469153425,39500000.0,159620000.0,0.0229133604601194,3.906575811694392,1.6456000000000002,0.0071230877501513,True
2024-04-03 00:00:00+00:00,65502.4,66940.0,64500.0,65971.9,275041.23,0.007123087750151358,113500000.0,98720000.0,3.7354115805032784,4.307863359279314,1.0,0.0381677653667698,True
2024-04-04 00:00:00+00:00,65971.8,69329.7,65100.0,68489.9,326385.338,0.0381677653667698,213400000.0,92700000.0,5.466667854225893,3.079157560812868,1.0,-0.0096977802566509,True
2024-04-05 00:00:00+00:00,68489.8,68787.1,65966.0,67825.7,313547.293,-0.009697780256650912,203000000.0,96740000.0,5.291900899755397,3.058835302711394,1.0,0.0568029522732533,True
2024-04-06 00:00:00+00:00,67825.8,69708.0,67450.0,68901.6,127343.726,0.015862718703972156,,,,,,,False
2024-04-07 00:00:00+00:00,68901.5,70395.0,68820.6,69362.7,171783.436,0.006692152286739139,,,,,,,False
2024-04-08 00:00:00+00:00,69362.7,72890.4,69040.4,71678.4,297237.449,0.033385378596853865,-223800000.0,69120000.0,0.3532532812067224,-0.6689010153016391,3.5189,-0.0347259425433602,True
2024-04-09 00:00:00+00:00,71678.3,71820.6,68216.0,69189.3,334059.403,-0.034725942543360255,-19400000.0,57340000.0,-4.192578023314297,-1.2147768162340071,1.9061,0.0215698092046023,True
2024-04-10 00:00:00+00:00,69189.2,71412.2,67546.2,70681.7,337774.756,0.021569809204602386,123700000.0,59380000.0,0.4190789663693905,-0.8054071460128025,1.0,-0.0088566064483451,True
2024-04-11 00:00:00+00:00,70681.8,71387.4,69592.6,70055.7,256194.153,-0.008856606448345183,91300000.0,34960000.0,2.0712442306924927,0.2544862003561743,1.9763,-0.0416711274029094,True
2024-04-12 00:00:00+00:00,70055.6,71297.0,65102.0,67136.4,415528.149,-0.04167112740290946,-55100000.0,-16660000.0,4.78123716783907,-0.0185335205127775,1.2213999999999998,-0.0557625967433463,True
2024-04-13 00:00:00+00:00,67136.4,67975.4,59652.5,63939.7,515005.203,-0.04761500467704549,,,,,,,False
2024-04-14 00:00:00+00:00,63939.7,65822.1,62139.3,65615.9,395770.133,0.02621532475128907,,,,,,,False
2024-04-15 00:00:00+00:00,65615.9,66874.9,62242.5,63392.7,381532.225,-0.03388203164172099,-36700000.0,20760000.0,5.075686703830407,8.18793974310487,1.0,0.005872915966665,True
2024-04-16 00:00:00+00:00,63392.8,64356.3,61521.0,63765.0,405931.439,0.00587291596666506,-58000000.0,13040000.0,3.3780929340809784,4.285297798243918,0.3513,-0.039371128361954,True
2024-04-17 00:00:00+00:00,63764.9,64483.3,59625.0,61254.5,444032.992,-0.039371128361954,-165000000.0,-44700000.0,0.3247528410565969,1.8678628874984244,0.6534,0.0357606379939432,True
2024-04-18 00:00:00+00:00,61254.5,64100.0,60763.8,63445.0,363302.394,0.035760637993943245,-4300000.0,-63820000.0,6.896162727381139,4.237197425738711,-0.3334,0.0053968003782804,True
2024-04-19 00:00:00+00:00,63445.0,65480.0,59541.0,63787.4,574264.058,0.005396800378280497,59700000.0,-40860000.0,4.757277765321533,4.725252401195831,0.588,0.0468838673468428,True
2024-04-20 00:00:00+00:00,63787.4,65400.0,63045.1,64897.2,197142.262,0.017398420377692014,,,,,,,False
2024-04-21 00:00:00+00:00,64897.2,65678.7,64214.2,64912.6,160533.948,0.00023729837342756355,,,,,,,False
2024-04-22 00:00:00+00:00,64912.7,67222.0,64470.5,66778.0,246268.411,0.028737101887769123,62200000.0,-21080000.0,5.963843990031137,4.800475589788837,0.0898,-0.0058657042738625,True
2024-04-23 00:00:00+00:00,66777.9,67158.9,65750.0,66386.3,178665.564,-0.005865704273862571,31600000.0,-3160000.0,0.024091306050078,4.150419550281309,-0.1083,-0.0321798322846732,True
2024-04-24 00:00:00+00:00,66386.2,67068.2,63575.0,64250.0,280545.061,-0.03217983228467325,-120600000.0,5720000.0,-5.259016273084782,-2.9070823131957986,0.7047,0.0035610894941635,True
2024-04-25 00:00:00+00:00,64250.0,65270.6,62721.3,64478.8,275211.062,0.0035610894941635607,-217600000.0,-36940000.0,-2.155094224129961,-2.720654356030648,0.1139999999999999,-0.0113215506492055,True
2024-04-26 00:00:00+00:00,64478.8,64783.1,63291.5,63748.8,202149.813,-0.011321550649205592,-83600000.0,-65600000.0,-4.331189535645708,-2.173853556033713,0.5562,0.0014682629320081,True
2024-04-27 00:00:00+00:00,63748.7,63901.4,62332.8,63421.0,167349.109,-0.005142057575985737,,,,,,,False
2024-04-28 00:00:00+00:00,63420.9,64350.0,62700.0,63088.3,126056.151,-0.00524589646962359,,,,,,,False
2024-04-29 00:00:00+00:00,63088.4,64200.0,61726.2,63842.4,228411.163,0.011953087973522791,-51600000.0,-88360000.0,-3.3116212069017603,-2.039017353117576,0.6828000000000001,-0.0499855895141787,True
2024-04-30 00:00:00+00:00,63842.4,64700.0,59150.0,60651.2,408747.703,-0.04998558951417875,-161600000.0,-127000000.0,-8.22455168776437,-6.747396199789599,1.0,-0.038640620465877,True
2024-05-01 00:00:00+00:00,60651.2,60816.7,56537.7,58307.6,564108.4,-0.03864062046587702,-563700000.0,-215620000.0,-17.02733677409696,-12.266484685402965,0.9902,0.0125043733578469,True
2024-05-02 00:00:00+00:00,58307.7,59637.3,56951.6,59036.7,299229.302,0.012504373357846932,-34400000.0,-178980000.0,1.9099023867164,-3.386432942662406,-0.0123,0.0646546978404958,True
2024-05-03 00:00:00+00:00,59036.7,63333.0,58781.3,62853.7,353606.459,0.06465469784049582,378300000.0,-86600000.0,4.933048418775954,2.430391397058445,0.8090999999999999,0.0045995701128176,True
2024-05-04 00:00:00+00:00,62853.7,64547.9,62520.0,63864.2,205205.199,0.01607701694570096,,,,,,,False
2024-05-05 00:00:00+00:00,63864.3,64644.3,62833.0,63988.0,185495.653,0.0019384882297124317,,,,,,,False
2024-05-06 00:00:00+00:00,63987.9,65500.0,62655.3,63142.8,305110.067,-0.013208726636244283,217000000.0,-32880000.0,-0.4670293875475018,0.9639998547717372,0.7746,-0.0134108718650424,True
2024-05-07 00:00:00+00:00,63142.7,64392.2,62203.6,62296.0,238974.646,-0.013410871865042417,-15700000.0,-3700000.0,0.5905756957558239,0.032321513270539,0.9028,-0.0182692307692307,True
2024-05-08 00:00:00+00:00,62296.0,62994.9,60843.6,61157.9,241651.579,-0.018269230769230704,11500000.0,111340000.0,-3.840306649303127,-1.9195323439025191,0.9292,0.0309395842564901,True
2024-05-09 00:00:00+00:00,61157.9,63447.2,60550.0,63050.1,242451.302,0.030939584256490127,-11300000.0,115960000.0,-0.0697593192511281,-3.274707918274102,0.7253,-0.0360348357893167,True
2024-05-10 00:00:00+00:00,63050.0,63446.5,60117.4,60778.1,307214.96,-0.036034835789316766,-84700000.0,23360000.0,-2.0592108650008267,-1.6566134626933016,0.7653,0.0351113312196333,True
2024-05-11 00:00:00+00:00,60778.0,61491.4,60432.6,60809.2,113294.787,0.0005116974699768129,,,,,,,False
2024-05-12 00:00:00+00:00,60809.2,61849.4,60557.3,61455.8,104043.897,0.010633259441005682,,,,,,,False
2024-05-13 00:00:00+00:00,61455.7,63440.0,60750.0,62912.1,261927.073,0.023696705599796752,66000000.0,-6840000.0,-1.2249746107728663,-2.3622775056609626,0.9151,-0.0216428954048585,True
2024-05-14 00:00:00+00:00,62912.2,63099.6,60950.0,61550.5,244345.274,-0.02164289540485853,100500000.0,16400000.0,-6.114247267954287,-7.369385325622599,0.4392,0.0751399257520246,True
2024-05-15 00:00:00+00:00,61550.5,66440.0,61316.1,66175.4,365031.68,0.07513992575202466,303000000.0,74700000.0,5.768315799807855,1.8100988818078405,0.2373,-0.0144721452382606,True
2024-05-16 00:00:00+00:00,66175.4,66800.0,64567.0,65217.7,242455.324,-0.01447214523826068,257300000.0,128420000.0,2.6013559242010764,2.161751521348593,0.3543,0.027021805430121,True
2024-05-17 00:00:00+00:00,65217.7,67400.6,65061.2,66980.0,227063.919,0.027021805430121004,221500000.0,189660000.0,3.3316423967533204,3.0624090961649717,-0.0298,0.0669826813974321,True
2024-05-18 00:00:00+00:00,66980.0,67340.5,66503.2,66884.9,96931.548,-0.0014198268139744563,,,,,,,False
2024-05-19 00:00:00+00:00,66884.9,67750.0,65835.8,66239.4,148170.35,-0.009650907753468996,,,,,,,False
2024-05-20 00:00:00+00:00,66239.4,71674.6,66010.0,71466.5,366028.078,0.07891224860128565,237200000.0,223900000.0,-2.0224889574893545,1.9666512270356813,0.2552,-0.0181581580180923,True
2024-05-21 00:00:00+00:00,71466.5,72132.8,69165.6,70168.8,263674.327,-0.018158158018092396,305700000.0,264940000.0,-0.7840527658953267,-2.6003685555202325,1.0,-0.0135345053642074,True
2024-05-22 00:00:00+00:00,70168.7,70715.4,68736.8,69219.1,194160.494,-0.013534505364207416,154000000.0,235140000.0,-8.196150108246147,-1.8672630443985572,1.0,-0.017613635542791,True
2024-05-23 00:00:00+00:00,69219.2,70133.3,66156.6,67999.9,300093.622,-0.01761363554279105,107900000.0,205260000.0,-4.296035068592774,-6.030909863342093,1.0,0.0085911891046899,True
2024-05-24 00:00:00+00:00,67999.9,69273.5,66639.0,68584.1,186681.082,0.008591189104689922,251900000.0,211340000.0,-0.3194748824908444,-3.549303070833852,1.0,-0.0020937797536164,True
2024-05-25 00:00:00+00:00,68584.0,69622.8,68523.7,69314.4,85113.605,0.0106482406272006,,,,,,,False
2024-05-26 00:00:00+00:00,69314.5,69590.3,68155.0,68524.3,84069.824,-0.011398785822282154,,,,,,,False
2024-05-27 00:00:00+00:00,68524.4,70750.0,68268.7,69461.6,170291.356,0.01367835935573214,,,,,,,False
2024-05-28 00:00:00+00:00,69461.5,69628.0,67273.0,68440.5,227838.44,-0.014700208460502018,45000000.0,172900000.0,-11.1713155821358,-10.229224661707272,1.0,-0.0110139464206135,True
2024-05-29 00:00:00+00:00,68440.4,68983.0,67129.0,67686.7,158236.599,-0.011013946420613596,28300000.0,117420000.0,-12.26415847356277,-9.92198417075892,1.2558,0.010575194240523,True
2024-05-30 00:00:00+00:00,67686.8,69568.9,67167.0,68402.5,194573.899,0.010575194240523,48800000.0,96380000.0,-1.988232414567026,-4.246431261697389,1.0,-0.0120551149446292,True
2024-05-31 00:00:00+00:00,68402.6,69080.0,66700.5,67577.9,195751.752,-0.012055114944629297,48800000.0,84560000.0,-10.008882142598097,-6.0559665169586845,1.0,0.0188449182351035,True
2024-06-01 00:00:00+00:00,67577.9,67936.0,67480.0,67799.2,50943.058,0.0032747392268774878,,,,,,,False
2024-06-02 00:00:00+00:00,67799.2,68545.9,67296.3,67805.9,102194.718,9.882122502924418e-05,,,,,,,False
2024-06-03 00:00:00+00:00,67805.9,70372.9,67642.6,68851.4,227676.93,0.015419012209851868,105100000.0,55200000.0,-2.7466977862189434,-2.5637111650938142,1.0,0.0251062433007898,True
2024-06-04 00:00:00+00:00,68851.3,71146.4,68595.5,70580.0,216100.016,0.02510624330078981,886600000.0,223520000.0,0.6351201000787121,-0.4977403270924052,1.0,0.0078393312553131,True
2024-06-05 00:00:00+00:00,70580.0,71824.4,70423.6,71133.3,203992.034,0.007839331255313109,488100000.0,315480000.0,1.8436744107552805,0.941352441215654,1.3226000000000002,-0.0042638258031049,True
2024-06-06 00:00:00+00:00,71133.3,71714.8,70101.9,70830.0,158483.564,-0.004263825803104915,217700000.0,349260000.0,-3.5904431499511613,-0.8564207326675529,1.177,-0.0205139065367782,True
2024-06-07 00:00:00+00:00,70830.0,72144.0,68405.0,69377.0,299412.37,-0.020513906536778204,131000000.0,365700000.0,-4.479811291374647,-5.159548460598786,1.0166,0.0026190235957161,True
2024-06-08 00:00:00+00:00,69377.0,69613.6,69192.3,69346.5,65739.857,-0.00043962696570909454,,,,,,,False
2024-06-09 00:00:00+00:00,69346.6,69879.0,69160.0,69667.1,68024.1,0.004623160505577095,,,,,,,False
2024-06-10 00:00:00+00:00,69667.1,70222.7,69201.2,69558.7,127381.604,-0.0015559711829544742,-64900000.0,331700000.0,-6.078515962036901,-2.7555604304348638,1.0,-0.032174264326389,True
2024-06-11 00:00:00+00:00,69558.8,69600.0,66000.0,67320.7,311984.942,-0.032174264326389035,-200400000.0,114300000.0,0.3401954772108695,-4.476898729853471,1.0,0.014105616845933,True
2024-06-12 00:00:00+00:00,67320.6,70028.0,66920.0,68270.3,329918.46,0.014105616845933033,100800000.0,36840000.0,-2.25448292723529,-1.4352365494491963,1.0,-0.0217283357477557,True
2024-06-13 00:00:00+00:00,68270.3,68607.7,66251.1,66786.9,248355.461,-0.02172833574775579,-226200000.0,-51940000.0,-5.115839468670114,-2.8242164837663046,1.0,-0.0111878227616493,True
2024-06-14 00:00:00+00:00,66786.8,67366.5,65052.4,66039.7,239411.231,-0.011187822761649313,-189900000.0,-116120000.0,-5.996003572771302,-6.619789486177567,1.0,0.0065475766849336,True
2024-06-15 00:00:00+00:00,66039.7,66482.6,65801.0,66213.7,72423.755,0.002634778777008462,,,,,,,False
2024-06-16 00:00:00+00:00,66213.7,66960.3,66012.1,66653.6,80361.551,0.006643640213430224,,,,,,,False
2024-06-17 00:00:00+00:00,66653.5,67280.6,65094.9,66472.1,248420.787,-0.0027230337146080252,-145900000.0,-132320000.0,-3.38624567753798,-6.628273886283149,1.0,-0.0198895476448014,True
2024-06-18 00:00:00+00:00,66472.1,66558.9,64009.8,65150.0,335559.394,-0.019889547644801442,-152400000.0,-122720000.0,-3.455295654858359,-2.270355557900533,1.0,-0.0045433614735226,True
2024-06-19 00:00:00+00:00,65149.9,65711.9,64600.0,64933.6,150032.669,-0.0033215656178050557,,,,,,,False
2024-06-20 00:00:00+00:00,64933.6,66467.0,64526.0,64854.0,220954.676,-0.0012258676555743087,-139900000.0,-170860000.0,-4.487437103042336,-4.956064176622199,0.6879,-0.0112560520553859,True
2024-06-21 00:00:00+00:00,64854.0,65055.5,63361.2,64124.0,210109.601,-0.011256052055385934,-105900000.0,-146800000.0,-3.629358894330359,-6.561372738438099,1.0,-0.0600461605639074,True
2024-06-22 00:00:00+00:00,64124.1,64520.0,63915.8,64240.0,53855.862,0.001808995072047903,,,,,,,False
2024-06-23 00:00:00+00:00,64240.1,64500.0,63137.9,63194.9,72052.293,-0.01626867995018677,,,,,,,False
2024-06-24 00:00:00+00:00,63194.9,63357.0,58218.0,60273.6,445903.184,-0.046226831595587714,-174500000.0,-143720000.0,-5.025434003447238,-6.466175165038418,0.7488,0.0249561997292346,True
2024-06-25 00:00:00+00:00,60273.5,62448.1,60230.5,61777.8,264647.317,0.024956199729234685,31000000.0,-108340000.0,-2.637283979342042,-4.074523235239417,0.7752,-0.0148548507716365,True
2024-06-26 00:00:00+00:00,61777.9,62465.1,60696.0,60860.1,170601.18,-0.014854850771636507,21400000.0,-73580000.0,-7.93723945407665,-3.956958819192336,1.0,0.0135047428446553,True
2024-06-27 00:00:00+00:00,60860.1,62379.7,60605.0,61682.0,160172.482,0.013504742844655304,11800000.0,-43240000.0,-14.76020261732658,-10.704342549482428,1.0,-0.0203008981550533,True
2024-06-28 00:00:00+00:00,61682.1,62204.0,60038.0,60429.8,195508.125,-0.020300898155053315,73000000.0,-7460000.0,-18.946565026980444,-15.487795570158596,1.0,0.0406057938301962,True
2024-06-29 00:00:00+00:00,60429.8,61232.0,60400.1,60982.4,79680.289,0.00914449493461822,,,,,,,False
2024-06-30 00:00:00+00:00,60982.5,63058.4,60705.0,62766.0,147777.915,0.02924778296688868,,,,,,,False
2024-07-01 00:00:00+00:00,62766.1,63849.0,62502.2,62883.6,193937.938,0.0018736258483891266,129500000.0,53340000.0,-11.106520048731472,-11.643224234190406,1.0,-0.0120858220585335,True
2024-07-02 00:00:00+00:00,62883.7,63284.0,61800.0,62123.6,163101.243,-0.01208582205853359,-13700000.0,44400000.0,-15.329408468303107,-14.136027603849447,1.0,-0.0308353025259321,True
2024-07-03 00:00:00+00:00,62123.5,62278.2,59299.3,60208.0,295303.265,-0.03083530252593214,-20500000.0,36020000.0,-10.558295844212973,-13.804320992519688,1.0,-0.0598442067499335,True
2024-07-04 00:00:00+00:00,60208.0,60500.0,56560.0,57045.9,445656.277,-0.05251959872442202,,,,,,,False
2024-07-05 00:00:00+00:00,57045.9,57533.4,53329.5,56604.9,577193.595,-0.007730616924266243,143100000.0,62280000.0,1.8789029396537595,-0.5960950640405508,0.1762,0.00143980468122,True
2024-07-06 00:00:00+00:00,56604.9,58472.0,56000.0,58216.0,178580.022,0.028462200268881244,,,,,,,False
2024-07-07 00:00:00+00:00,58216.0,58443.0,55688.0,55830.9,210361.981,-0.04096983647107322,,,,,,,False
2024-07-08 00:00:00+00:00,55831.0,58200.0,54243.1,56686.4,464106.957,0.01532305587049465,294800000.0,106640000.0,-2.678321744904455,-1.4931183771237553,1.0,0.0235823760196447,True
2024-07-09 00:00:00+00:00,56686.4,58290.6,56256.2,58023.2,257237.048,0.023582376019644746,216400000.0,124020000.0,-0.3686477174846825,-0.358056582429415,1.0,-0.0054495443202029,True
2024-07-10 00:00:00+00:00,58023.1,59449.6,57125.0,57707.0,254248.937,-0.005449544320202948,147400000.0,156240000.0,-2.297064486708189,-0.154745296810412,0.5485,-0.0067842722719947,True
2024-07-11 00:00:00+00:00,57707.0,59780.0,57030.0,57315.5,293106.959,-0.00678427227199474,78900000.0,176120000.0,0.1534708210981783,-0.2902069716458529,1.0,0.0096745208538702,True
2024-07-12 00:00:00+00:00,57315.7,58500.0,56500.1,57870.0,238100.616,0.009674520853870217,310100000.0,209520000.0,3.442789747982733,1.6825034842933109,0.4037,0.1176879212026957,True
2024-07-13 00:00:00+00:00,57870.0,59850.0,57728.6,59174.0,157884.322,0.022533264212891035,,,,,,,False
2024-07-14 00:00:00+00:00,59173.9,61412.4,59164.0,60766.0,208060.883,0.02690370770946693,,,,,,,False
2024-07-15 00:00:00+00:00,60766.0,64870.7,60622.6,64680.6,352222.181,0.06442089326267975,300900000.0,210740000.0,5.101651408578878,6.3356266207545415,-0.0514,0.0050927171362047,True
2024-07-16 00:00:00+00:00,64680.6,65388.0,62350.0,65010.0,375258.616,0.0050927171362047385,422500000.0,251960000.0,6.918394766373126,4.855981660831048,0.2717,-0.0146792801107522,True
2024-07-17 00:00:00+00:00,65010.0,66100.0,63823.0,64055.7,276656.393,-0.014679280110752257,53300000.0,233140000.0,-0.3401573368111421,3.2023154265388896,0.2143,-0.0014955733837893,True
2024-07-18 00:00:00+00:00,64055.8,65173.8,63206.4,63959.9,215648.157,-0.0014955733837893614,37200000.0,224800000.0,-0.7907742586410471,0.0898210355203266,0.3127,0.0417136362001815,True
2024-07-19 00:00:00+00:00,63960.0,67362.8,63266.2,66627.9,311859.805,0.041713636200181536,427200000.0,248220000.0,7.142214221422805,1.941891456707414,0.4606,0.0130771043361714,True
2024-07-20 00:00:00+00:00,66627.9,67648.7,66159.1,67095.6,123564.406,0.007019581886867465,,,,,,,False
2024-07-21 00:00:00+00:00,67095.6,68351.2,65750.0,68138.0,207228.372,0.015536041111488652,,,,,,,False
2024-07-22 00:00:00+00:00,68138.0,68459.7,66538.6,67499.2,192991.391,-0.00937509172561568,485900000.0,285220000.0,3.881122448452512,2.6412375093505065,0.2769,-0.0234491668049399,True
2024-07-23 00:00:00+00:00,67499.2,67729.3,65416.5,65916.4,270430.68,-0.023449166804939914,-78000000.0,185120000.0,0.4898688895504932,1.4516440330322269,0.4642,-0.0085805656862327,True
2024-07-24 00:00:00+00:00,65916.3,67087.3,65040.5,65350.8,215079.421,-0.008580565686232777,44500000.0,183360000.0,-1.468428781203901,0.3016640487099598,1.0,0.0064605176983296,True
2024-07-25 00:00:00+00:00,65350.7,66144.0,63456.7,65773.0,319685.441,0.006460517698329671,31100000.0,182140000.0,-0.6884503711623857,-2.771927058896432,1.0,0.0320724309367066,True
2024-07-26 00:00:00+00:00,65773.0,68200.0,65688.2,67882.5,235384.526,0.03207243093670664,51800000.0,107060000.0,2.369382454110447,0.064130693237611,0.3339999999999999,-0.0166832394210584,True
2024-07-27 00:00:00+00:00,67882.5,69381.7,66624.5,67873.8,330982.647,-0.00012816263396309147,,,,,,,False
2024-07-28 00:00:00+00:00,67873.7,68300.0,67037.0,68215.5,116913.935,0.005034343148608178,,,,,,,False
2024-07-29 00:00:00+00:00,68215.5,70081.0,66365.8,66750.0,372537.818,-0.02148338720671983,124100000.0,34700000.0,-1.9824902983012205,-0.885230413805634,1.0,-0.0088494382022471,True
2024-07-30 00:00:00+00:00,66750.1,66966.6,65254.5,66159.3,246551.044,-0.00884943820224715,-18300000.0,46640000.0,-2.7678733305136483,-2.7348546298641696,0.7690999999999999,-0.023541663832598,True
2024-07-31 00:00:00+00:00,66159.3,66826.3,64500.4,64601.8,246389.446,-0.023541663832598037,300000.0,37800000.0,-2.8439685585190944,-3.631172910622445,0.3826,0.0112551043469377,True
2024-08-01 00:00:00+00:00,64601.8,65650.0,62271.2,65328.9,372654.59,0.011255104346937772,50600000.0,41700000.0,-10.074361148709745,-7.203915778258481,1.0,-0.0588590960509055,True
2024-08-02 00:00:00+00:00,65329.0,65577.0,61200.2,61483.7,421628.42,-0.05885909605090556,-237400000.0,-16140000.0,-13.052386950995754,-9.630799575078564,1.0,-0.1216680193287,True
2024-08-03 00:00:00+00:00,61483.7,62166.0,59800.0,60684.6,290469.956,-0.012996940652563183,,,,,,,False
2024-08-04 00:00:00+00:00,60684.5,61089.5,57040.0,58144.5,339512.415,-0.04185740698628648,,,,,,,False
2024-08-05 00:00:00+00:00,58144.5,58286.9,48888.0,54003.1,1281982.025,-0.07122599729983059,-168400000.0,-74640000.0,1.9085944322005943,2.24519591337069,0.5967,0.0368145532386103,True
2024-08-06 00:00:00+00:00,54003.5,56999.9,53925.3,55991.2,435953.439,0.03681455323861038,-148600000.0,-100700000.0,4.65352814010167,4.405964042503152,0.4485,-0.0158649930703395,True
2024-08-07 00:00:00+00:00,55991.3,57699.0,54519.8,55102.9,377442.54,-0.015864993070339506,45100000.0,-91740000.0,2.5283780509210985,4.109894075646168,0.3241,0.1189937371717277,True
2024-08-08 00:00:00+00:00,55102.9,62737.2,54672.4,61659.8,470117.508,0.11899373717172779,194600000.0,-62940000.0,3.1757616275607248,3.639577150773658,0.1147,-0.0138047804241986,True
2024-08-09 00:00:00+00:00,61659.8,61726.0,59500.0,60808.6,308674.339,-0.013804780424198637,-89700000.0,-33400000.0,3.9679154423089,2.718282457535212,0.4846,-0.0244208878349444,True
2024-08-10 00:00:00+00:00,60808.6,61450.0,60208.5,60889.9,115593.354,0.0013369819400546046,,,,,,,False
2024-08-11 00:00:00+00:00,60889.8,62000.0,58255.4,58693.1,202539.076,-0.036078233007444616,,,,,,,False
2024-08-12 00:00:00+00:00,58693.1,60666.0,57615.0,59323.6,367126.29,0.010742318943794071,27800000.0,5840000.0,2.0456086477693702,1.9777295471709584,-0.2238,0.0206814825802885,True
2024-08-13 00:00:00+00:00,59323.7,61545.0,58360.0,60550.5,255934.721,0.020681482580288568,39000000.0,43360000.0,2.6474260631181856,3.145800888413042,-0.3902,-0.031418402820786,True
2024-08-14 00:00:00+00:00,60550.4,61839.7,58367.2,58648.1,295662.808,-0.03141840282078601,-81400000.0,18060000.0,1.2320351636141424,3.668071255535181,-0.7810999999999999,-0.0193885223903246,True
2024-08-15 00:00:00+00:00,58648.1,59820.0,55969.0,57511.0,360815.946,-0.019388522390324625,11100000.0,-18640000.0,0.4431618048061914,1.0164697756317085,-0.6181000000000001,0.0233677035697519,True
2024-08-16 00:00:00+00:00,57511.1,59780.2,57062.1,58854.9,268756.529,0.02336770356975193,35900000.0,6480000.0,2.4441779646910966,2.084393354072206,-0.0557,0.0092362742949185,True
2024-08-17 00:00:00+00:00,58854.9,59690.2,58769.4,59468.5,77085.532,0.010425640006184622,,,,,,,False
2024-08-18 00:00:00+00:00,59468.5,60250.0,58352.0,58390.0,149660.264,-0.018135651647510853,,,,,,,False
2024-08-19 00:00:00+00:00,58390.1,59585.4,57750.0,59398.5,214043.139,0.017271793115259504,62100000.0,13340000.0,2.3839767154276714,1.8450298287708835,-0.1957,-0.0069968096837461,True
2024-08-20 00:00:00+00:00,59398.4,61386.0,58501.1,58982.9,287049.13,-0.0069968096837461635,88000000.0,23140000.0,0.642222666562553,3.235391693787171,0.1419,0.0362325351924031,True
2024-08-21 00:00:00+00:00,58982.7,61793.9,58728.9,61120.0,270583.679,0.036232535192403104,39500000.0,47320000.0,1.1854922564458192,2.4403759428289398,0.0396,-0.0125998036649214,True
2024-08-22 00:00:00+00:00,61120.0,61392.0,59677.6,60349.9,211098.959,-0.012599803664921416,64800000.0,58060000.0,1.2339372835223903,2.337691696692364,-0.7261,0.0608120311715512,True
2024-08-23 00:00:00+00:00,60349.9,65000.0,60301.5,64019.9,382490.709,0.060812031171551206,252000000.0,101280000.0,7.726753995018765,3.3069341356253834,-0.4317,-0.018936299494376,True
2024-08-24 00:00:00+00:00,64020.0,64472.5,63522.7,64116.5,132741.902,0.0015089058245951747,,,,,,,False
2024-08-25 00:00:00+00:00,64116.6,65175.4,63731.3,64190.2,115546.888,0.0011494701051990575,,,,,,,False
2024-08-26 00:00:00+00:00,64190.1,64455.8,62750.2,62807.6,195977.222,-0.021539113447224034,202600000.0,129380000.0,0.9548970302697412,2.6916322370459933,0.3788999999999999,-0.0545013660767168,True
2024-08-27 00:00:00+00:00,62807.7,63196.0,57928.2,59384.5,339269.805,-0.05450136607671685,-127100000.0,86360000.0,4.147100900446787,0.5672486429915876,0.7753,-0.006306359403548,True
2024-08-28 00:00:00+00:00,59384.4,60197.8,57820.0,59010.0,313788.567,-0.0063063594035480675,-105300000.0,57400000.0,1.8599167611021985,1.559787804921812,0.1143,0.0053075749872901,True
2024-08-29 00:00:00+00:00,59010.0,61144.9,58655.0,59323.2,233896.685,0.005307574987290176,-71800000.0,30080000.0,0.9198266615295658,2.054969420942216,0.0559,-0.0038248105294386,True
2024-08-30 00:00:00+00:00,59323.3,59914.9,57525.0,59096.3,268276.469,-0.003824810529438616,-175600000.0,-55440000.0,-1.8977068360914728,-0.6655835912775429,0.2927,-0.0278257691259858,True
2024-08-31 00:00:00+00:00,59096.4,59436.0,58700.0,58941.9,68866.674,-0.0026126847196863423,,,,,,,False
2024-09-01 00:00:00+00:00,58941.9,59052.7,57123.0,57268.1,222909.914,-0.028397455799694327,,,,,,,False
2024-09-02 00:00:00+00:00,57268.1,59412.3,57093.0,59112.1,201218.384,0.032199426906078576,,,,,,,False
2024-09-03 00:00:00+00:00,59112.2,59790.0,57320.0,57451.9,230196.497,-0.028085620372140352,-287800000.0,-153520000.0,-3.28591857775673,-1.9925674737462,0.4598,0.0085793507264337,True
2024-09-04 00:00:00+00:00,57452.0,58500.0,55555.0,57944.8,326983.311,0.008579350726433788,-37200000.0,-135540000.0,0.0172500340678283,-1.5401182493316827,-0.147,-0.0310485151385457,True
2024-09-05 00:00:00+00:00,57944.8,58318.9,55600.0,56145.7,294703.592,-0.031048515138545785,-211100000.0,-156700000.0,-4.126023495906184,-2.205926011464345,0.249,-0.0395043609751057,True
2024-09-06 00:00:00+00:00,56145.7,57000.0,52510.8,53927.7,479063.113,-0.03950436097510579,-170000000.0,-176340000.0,-2.401646907128629,-4.204858103350751,0.1428,0.0571561553709876,True
2024-09-07 00:00:00+00:00,53927.7,54820.2,53725.0,54134.9,127686.594,0.003842181290876656,,,,,,,False
2024-09-08 00:00:00+00:00,54134.9,55300.0,53596.5,54839.6,162078.536,0.013017480405431492,,,,,,,False
2024-09-09 00:00:00+00:00,54839.6,58153.2,54557.0,57010.0,313094.361,0.03957723980481265,28600000.0,-135500000.0,2.0861821114270818,0.8706121080439185,-0.3875,0.0105086826872478,True
2024-09-10 00:00:00+00:00,57010.1,58033.2,56361.0,57609.1,228317.676,0.010508682687247806,117000000.0,-54540000.0,1.6656259396263806,0.0811076949507975,-0.1126,-0.0052613215620448,True
2024-09-11 00:00:00+00:00,57609.2,57954.4,55515.2,57306.0,338231.445,-0.005261321562044841,-43900000.0,-55880000.0,2.579441208274691,0.1880719339305188,-0.5212,0.0138030921718492,True
2024-09-12 00:00:00+00:00,57305.6,58606.6,57283.1,58097.0,261449.688,0.013803092171849274,39000000.0,-5860000.0,0.8979514321816318,0.6979398693320039,-0.295,0.0406079487753239,True
2024-09-13 00:00:00+00:00,58097.1,60597.0,57594.0,60456.2,277429.492,0.04060794877532392,263200000.0,80780000.0,7.496115574068263,2.1544973370510774,-0.2443,-0.0375346118346835,True
2024-09-14 00:00:00+00:00,60456.2,60572.9,59360.1,59964.0,102580.577,-0.008141431317218006,,,,,,,False
2024-09-15 00:00:00+00:00,59963.9,60369.4,58654.0,59100.5,130524.206,-0.01440030685077709,,,,,,,False
2024-09-16 00:00:00+00:00,59100.5,59182.2,57446.3,58187.0,250699.432,-0.015456722024348335,12800000.0,77620000.0,-0.9001272718123232,-1.6708017362337493,0.6762,0.0359874198704177,True
2024-09-17 00:00:00+00:00,58187.0,61345.0,57588.8,60281.0,318442.066,0.03598741987041776,186800000.0,91580000.0,-0.2304606277914178,0.8363651515914023,0.5327000000000001,0.0241253462948525,True
2024-09-18 00:00:00+00:00,60281.0,61765.0,59138.0,61735.3,355729.312,0.024125346294852523,-52700000.0,89820000.0,1.4880183756504906,0.3613678286693937,0.4648,0.0193017609050252,True
2024-09-19 00:00:00+00:00,61735.3,63830.1,61534.0,62926.9,302382.412,0.019301760905025223,158300000.0,113680000.0,1.93016488691633,2.9020484324318585,0.4072,0.0039537940054252,True
2024-09-20 00:00:00+00:00,62926.9,64126.7,62320.0,63175.7,257172.835,0.003953794005425282,92000000.0,79440000.0,1.5252911146257375,0.926177563912676,0.5543,0.0019991863960351,True
2024-09-21 00:00:00+00:00,63175.8,63546.9,62714.2,63320.6,78248.362,0.002293603394976307,,,,,,,False
2024-09-22 00:00:00+00:00,63320.6,64000.0,62339.0,63558.4,149129.884,0.0037554918936333337,,,,,,,False
2024-09-23 00:00:00+00:00,63558.5,64724.8,62534.4,63302.0,234343.564,-0.0040340851877957995,4500000.0,77780000.0,-0.1768235201793366,-0.8975670254804854,0.5304,0.0148668288521689,True
2024-09-24 00:00:00+00:00,63302.1,64666.0,62688.2,64243.1,236987.628,0.014866828852168945,136000000.0,67620000.0,1.5919032346922712,-0.1920167426472848,-0.0182,-0.0175069384883356,True
2024-09-25 00:00:00+00:00,64243.2,64800.0,62910.0,63118.4,184950.772,-0.01750693848833562,105900000.0,99340000.0,-3.344311606234829,-0.4550106883514463,0.1336,0.0320160206849349,True
2024-09-26 00:00:00+00:00,63118.3,65800.0,62634.4,65139.2,321186.356,0.03201602068493492,365700000.0,140820000.0,0.4940621250892896,0.5032392437404517,1.0,0.0093707015130675,True
2024-09-27 00:00:00+00:00,65139.1,66450.0,64788.0,65749.6,226404.021,0.009370701513067514,494400000.0,221300000.0,2.8964595533365056,2.2533045437746666,0.2275,-0.0371180965359486,True
2024-09-28 00:00:00+00:00,65749.5,66237.0,65368.1,65822.6,92773.553,0.0011102729142078438,,,,,,,False
2024-09-29 00:00:00+00:00,65822.7,66059.3,65400.0,65568.1,88131.799,-0.003866453163503092,,,,,,,False
2024-09-30 00:00:00+00:00,65568.2,65588.8,62825.0,63309.1,296848.373,-0.03445272929976628,61300000.0,232660000.0,-4.159324553484334,-1.6369110676658452,1.0,-0.0399989890868768,True
2024-10-01 00:00:00+00:00,63309.0,64092.6,60128.2,60776.8,429817.835,-0.039998989086876824,-242600000.0,156940000.0,-2.595148027045857,-3.6602770838237615,1.0,-0.0025371523344435,True
2024-10-02 00:00:00+00:00,60776.7,62355.0,59934.9,60622.6,327001.805,-0.0025371523344435154,-91700000.0,117420000.0,-2.953044125172388,-2.1480685317740167,0.8190999999999999,0.0017254291303903,True
2024-10-03 00:00:00+00:00,60622.7,61452.6,59815.0,60727.2,286137.212,0.0017254291303903102,-54200000.0,33440000.0,-1.270725207155321,-1.7437706586585315,0.499,0.0218551159941509,True
2024-10-04 00:00:00+00:00,60727.1,62457.1,60434.1,62054.4,234795.836,0.02185511599415091,25600000.0,-60320000.0,0.758625132879498,-1.117849156719632,0.0243,0.0021964598803629,True
2024-10-05 00:00:00+00:00,62054.3,62344.0,61648.0,62023.1,74330.781,-0.0005043961427393384,,,,,,,False
2024-10-06 00:00:00+00:00,62023.1,62961.5,61778.9,62789.3,96413.453,0.012353461855341141,,,,,,,False
2024-10-07 00:00:00+00:00,62789.2,64448.2,62091.8,62190.7,298949.375,-0.009533471467272348,235200000.0,-25540000.0,-3.8120339418878935,-2.0901112489471,0.2177,-0.0009486949013276,True
2024-10-08 00:00:00+00:00,62190.6,63178.7,61836.0,62131.7,226276.359,-0.0009486949013276513,-18600000.0,19260000.0,-6.188818653134476,-4.741090040639902,0.81,-0.0245494650878697,True
2024-10-09 00:00:00+00:00,62131.8,62520.9,60251.9,60606.4,217302.173,-0.024549465087869704,-40600000.0,29480000.0,-9.52239279556899,-7.799471362786026,0.7938999999999999,-0.0051677710604821,True
2024-10-10 00:00:00+00:00,60606.3,61297.0,58900.0,60293.2,262947.653,-0.0051677710604821625,-81100000.0,24100000.0,-7.767744763113038,-11.005809390630024,1.0,0.0367504129818951,True
2024-10-11 00:00:00+00:00,60293.3,63400.0,60057.8,62509.0,263691.142,0.036750412981895186,253600000.0,69700000.0,-3.397825391748821,-4.811201642711492,0.012,0.0568862083859922,True
2024-10-12 00:00:00+00:00,62509.0,63462.6,62458.0,63176.0,102784.406,0.010670463453262835,,,,,,,False
2024-10-13 00:00:00+00:00,63176.0,63260.0,62020.0,62839.8,129696.156,-0.005321641129542809,,,,,,,False
2024-10-14 00:00:00+00:00,62839.7,66533.0,62420.0,66064.9,338251.601,0.05132256945439018,555900000.0,133840000.0,-2.775256155085337,-4.608915019863694,1.0,0.0148217888773012,True
2024-10-15 00:00:00+00:00,66064.9,67953.7,64771.7,67044.1,422005.511,0.014821788877301234,371000000.0,211760000.0,-2.615016756084554,-3.0007149518691825,1.0,0.0081722329034172,True
2024-10-16 00:00:00+00:00,67044.0,68400.0,66724.2,67592.0,254153.501,0.008172232903417287,458500000.0,311580000.0,-1.7110319859447998,-1.2670643215710595,1.0,-0.0028183808734761,True
2024-10-17 00:00:00+00:00,67592.0,67925.9,66600.0,67401.5,220272.837,-0.0028183808734761895,470500000.0,421900000.0,-2.8848244588020044,-3.2547624739236167,1.0,0.0149299347937361,True
2024-10-18 00:00:00+00:00,67401.5,69000.0,67165.0,68407.8,245301.761,0.014929934793736166,273700000.0,425920000.0,-0.2762027240310605,-1.9341252194573129,1.0,-0.0151883264773899,True
2024-10-19 00:00:00+00:00,68407.8,68684.9,68000.0,68357.1,68632.108,-0.0007411435538052791,,,,,,,False
2024-10-20 00:00:00+00:00,68357.1,69425.8,68069.8,69020.1,105939.492,0.009699065642047477,,,,,,,False
2024-10-21 00:00:00+00:00,69020.2,69566.0,66865.9,67368.8,253437.333,-0.02392491462631907,294300000.0,373600000.0,-4.652888575563674,-4.845890363799112,1.0,0.0005581218605643,True
2024-10-22 00:00:00+00:00,67368.7,67825.0,66536.5,67406.4,218518.977,0.0005581218605643645,-79100000.0,283580000.0,-6.8104292112836085,-6.765218469797079,1.0,-0.0112630254693916,True
2024-10-23 00:00:00+00:00,67406.5,67449.0,65222.3,66647.2,248215.058,-0.011263025469391619,192400000.0,230360000.0,-10.13069861171556,-9.265473506070157,1.0,0.0229056884610308,True
2024-10-24 00:00:00+00:00,66647.3,68842.5,66482.0,68173.8,212340.722,0.022905688461030804,188000000.0,173860000.0,-6.076399580752234,-9.2990192262285,1.0,-0.0221639398126552,True
2024-10-25 00:00:00+00:00,68173.8,68748.0,65557.2,66662.8,348511.871,-0.022163939812655298,402000000.0,199520000.0,-20.063470854518872,-9.807593949440337,1.0,0.049160851329377,True
2024-10-26 00:00:00+00:00,66662.7,67450.0,66414.1,67071.8,94169.992,0.006135355850639401,,,,,,,False
2024-10-27 00:00:00+00:00,67071.9,68306.1,66909.4,67992.6,88468.808,0.013728571471169682,,,,,,,False
2024-10-28 00:00:00+00:00,67992.7,70331.0,67584.2,69940.0,256128.622,0.02864135214714536,479400000.0,236540000.0,-5.390052715602556,-9.210259879048657,0.8946000000000001,0.0400271661424078,True
2024-10-29 00:00:00+00:00,69939.9,73660.0,69733.0,72739.5,382502.06,0.040027166142407866,870100000.0,426380000.0,-1.6594162869154605,-5.299331050295,1.0,-0.0053684724255734,True
2024-10-30 00:00:00+00:00,72739.5,72984.9,71444.2,72349.0,227108.808,-0.005368472425573478,893300000.0,566560000.0,-3.017496503546768,-2.256571508358109,1.0,-0.0280183554713956,True
2024-10-31 00:00:00+00:00,72349.0,72720.3,69705.0,70321.9,256485.328,-0.02801835547139564,32300000.0,535420000.0,-13.39839335935844,-6.0525252499892455,1.0,-0.0117516733762881,True
2024-11-01 00:00:00+00:00,70321.9,71650.0,68822.5,69495.5,352591.088,-0.01175167337628813,-54900000.0,444040000.0,-4.1326113542350384,-8.26473829605957,1.0,-0.0239037059953521,True
2024-11-02 00:00:00+00:00,69495.4,69913.1,69022.8,69366.6,79314.105,-0.0018547963537206558,,,,,,,False
2024-11-03 00:00:00+00:00,69366.6,69393.7,67446.6,68762.5,226477.376,-0.00870880221893544,,,,,,,False
2024-11-04 00:00:00+00:00,68762.5,69495.3,66810.0,67834.3,244912.166,-0.013498636611525172,-541100000.0,239940000.0,-6.268237838137347,-7.525821363481381,1.0,0.0223898529210149,True
2024-11-05 00:00:00+00:00,67834.4,70537.4,67454.2,69353.1,273070.87,0.02238985292101492,-116800000.0,42560000.0,1.2569911121218524,-3.823160736039268,1.0,0.0897840183063192,True
2024-11-06 00:00:00+00:00,69353.1,76420.0,69272.7,75579.9,677440.286,0.08978401830631921,621900000.0,-11720000.0,9.866089274610523,7.14028354688423,1.0,0.0036980731649551,True
2024-11-07 00:00:00+00:00,75579.9,76900.0,74450.0,75859.4,280675.033,0.0036980731649551846,1373800000.0,256580000.0,8.187678302151724,8.167138883778494,1.0,0.0082099252037322,True
2024-11-08 00:00:00+00:00,75859.4,77182.9,75576.3,76482.2,230370.324,0.008209925203732205,293400000.0,326240000.0,7.44349284496737,10.863683809655598,1.0,0.1601248395051397,True
2024-11-09 00:00:00+00:00,76482.2,76920.0,75683.2,76675.1,117754.034,0.0025221554819292447,,,,,,,False
2024-11-10 00:00:00+00:00,76675.1,81699.8,76501.1,80410.0,417426.899,0.04871072877635618,,,,,,,False
2024-11-11 00:00:00+00:00,80409.9,89800.0,80261.2,88728.9,614141.662,0.10345603780624302,1114100000.0,657280000.0,13.84577360411532,11.521414964875689,1.0,-0.008530478795522,True
2024-11-12 00:00:00+00:00,88729.0,90070.1,85159.9,87972.0,639481.584,-0.008530478795522045,817500000.0,844140000.0,9.484717859205016,12.044354135496796,3.8754,0.0277508752784978,True
2024-11-13 00:00:00+00:00,87972.0,93421.1,86180.0,90413.3,555288.297,0.027750875278497844,510100000.0,821780000.0,13.125282157053777,15.28595588157831,2.1856,-0.0335194047778369,True
2024-11-14 00:00:00+00:00,90413.3,91846.1,86714.0,87382.7,364621.68,-0.03351940477783699,-400700000.0,466880000.0,1.6959518968029386,4.763162157391578,1.0,0.0422497817073632,True
2024-11-15 00:00:00+00:00,87382.6,91921.5,87111.0,91074.6,314431.908,0.042249781707363265,-239600000.0,360280000.0,2.8879932094261207,2.629272615471088,1.0977,-0.0062278615552526,True
2024-11-16 00:00:00+00:00,91074.6,91849.8,90120.0,90643.3,129023.447,-0.004735678224225048,,,,,,,False
2024-11-17 00:00:00+00:00,90643.2,91539.6,88736.1,89899.9,167504.792,-0.008201378369940282,,,,,,,False
2024-11-18 00:00:00+00:00,89900.0,92700.0,89422.1,90507.4,333557.11,0.00675751585930584,254800000.0,188420000.0,6.214621317102154,3.536690596108912,2.1318,0.0202027679504659,True
2024-11-19 00:00:00+00:00,90507.4,93985.9,90405.6,92335.9,303532.031,0.02020276795046594,829500000.0,190820000.0,13.552045215949882,8.683938594312712,1.7959,0.021141289574261,True
2024-11-20 00:00:00+00:00,92335.9,94849.0,91500.0,94288.0,290044.227,0.02114128957426109,796000000.0,248000000.0,11.30489859848538,12.032150996311906,1.0,0.0432589512981502,True
2024-11-21 00:00:00+00:00,94288.0,99100.0,94008.7,98366.8,418383.136,0.04325895129815027,1005100000.0,529160000.0,12.405774294446116,7.833748232992979,1.0,0.005638081141198,True
2024-11-22 00:00:00+00:00,98366.8,99660.0,97199.9,98921.4,265774.067,0.005638081141198015,490300000.0,675140000.0,13.35092828540274,13.5249438736329,1.0,-0.0592126678352711,True
2024-11-23 00:00:00+00:00,98921.5,98937.3,97173.5,97725.5,120358.422,-0.01208939622771199,,,,,,,False
2024-11-24 00:00:00+00:00,97725.6,98666.0,95822.1,97960.4,173118.84,0.0024036715084598814,,,,,,,False
2024-11-25 00:00:00+00:00,97960.5,98999.0,92666.0,93064.0,329375.021,-0.049983462705338044,-435300000.0,537120000.0,-1.075153093736958,6.107112383649619,2.5233,-0.0112030430671367,True
2024-11-26 00:00:00+00:00,93064.0,95064.0,90866.4,92021.4,344929.233,-0.011203043067136709,-122800000.0,346660000.0,-3.873205896668397,-0.0599224848102838,2.9599,0.0422054000482496,True
2024-11-27 00:00:00+00:00,92021.5,97250.0,91864.0,95905.2,237005.987,0.042205400048249686,103000000.0,208060000.0,9.188101658708092,4.032051145534445,1.0,0.0167988805612209,True
2024-11-28 00:00:00+00:00,95905.2,96627.6,94700.1,95694.4,154007.026,-0.002198003862147191,,,,,,,False
2024-11-29 00:00:00+00:00,95694.4,98713.3,95404.5,97516.3,190520.949,0.019038731629019034,320000000.0,71040000.0,3.135645392982056,5.7281582118705785,2.1921,-0.0166720845643241,True
2024-11-30 00:00:00+00:00,97516.2,97522.1,96150.0,96475.1,93074.218,-0.010677189351933958,,,,,,,False
2024-12-01 00:00:00+00:00,96475.2,97933.0,95736.5,97265.1,113222.99,0.008188641421465137,,,,,,,False
2024-12-02 00:00:00+00:00,97265.0,98266.0,94400.0,95890.5,257613.911,-0.01413251001643967,353600000.0,43700000.0,2.3236494087797155,4.031021130720032,1.3387,0.0002377712077838,True
2024-12-03 00:00:00+00:00,95890.6,96375.0,93605.0,95913.3,206601.98,0.00023777120778389893,676000000.0,265960000.0,7.807015338285872,2.418549499329607,1.1952,0.0287394970249172,True
2024-12-04 00:00:00+00:00,95913.3,99099.9,94650.8,98669.8,275949.205,0.028739497024917293,556800000.0,401880000.0,16.119720061362752,10.00398681815562,2.3234,-0.0169079090055924,True
2024-12-05 00:00:00+00:00,98669.8,104630.4,90200.0,97001.5,580277.391,-0.01690790900559247,766700000.0,534620000.0,10.170649259795272,9.691667969167206,4.7059,0.0288758421261527,True
2024-12-06 00:00:00+00:00,97001.6,101988.8,96429.5,99802.5,282369.608,0.028875842126152795,376600000.0,545940000.0,15.09010752265727,9.99382998720479,1.0,-0.0245825505373111,True
2024-12-07 00:00:00+00:00,99802.5,100499.0,98876.9,99899.2,95858.658,0.0009689136043686819,,,,,,,False
2024-12-08 00:00:00+00:00,99899.2,101457.9,98709.4,101200.0,109755.676,0.013021125294296665,,,,,,,False
2024-12-09 00:00:00+00:00,101200.1,101300.0,94039.7,97349.1,326973.59,-0.03805237154150187,479100000.0,571040000.0,4.969341506737557,0.4038936194078468,1.1115000000000002,-0.0076703328536166,True
2024-12-10 00:00:00+00:00,97349.1,98320.6,94265.5,96602.4,291490.744,-0.007670332853616624,438500000.0,523540000.0,7.015001087034012,3.719651110935436,1.0,0.0467162306526547,True
2024-12-11 00:00:00+00:00,96602.3,101880.0,95650.0,101115.3,221807.705,0.04671623065265473,223100000.0,456800000.0,7.625216316440309,6.5328830386977375,1.0,-0.0112040413270791,True
2024-12-12 00:00:00+00:00,101115.3,102538.4,99280.2,99982.4,215219.075,-0.011204041327079195,597500000.0,422960000.0,2.6178876926197248,4.2449185357477015,1.0,0.0138974459504872,True
2024-12-13 00:00:00+00:00,99982.3,101869.5,99149.6,101371.9,152437.318,0.013897445950487253,428900000.0,433420000.0,0.4436808751351329,1.9707598382801008,1.0,0.0458835239351338,True
2024-12-14 00:00:00+00:00,101371.9,102638.0,100559.8,101381.0,107680.549,8.976846640940117e-05,,,,,,,False
2024-12-15 00:00:00+00:00,101381.0,105374.6,101200.1,104460.4,157733.916,0.030374527771475757,,,,,,,False
2024-12-16 00:00:00+00:00,104460.5,107777.0,103264.6,106023.2,274395.756,0.014960693238777578,636900000.0,464980000.0,3.879928333998528,-0.646358199517851,0.9181,0.0004847995533054,True
2024-12-17 00:00:00+00:00,106023.2,108366.8,105252.0,106074.6,197773.912,0.00048479955330549274,493900000.0,476060000.0,0.3062174196433176,0.1957877836763581,1.0,-0.0555599549750835,True
2024-12-18 00:00:00+00:00,106074.6,106484.6,99951.1,100181.1,328581.935,-0.05555995497508359,275300000.0,486500000.0,-5.31715247723108,-2.922342886691835,1.0,-0.0274173471842494,True
2024-12-19 00:00:00+00:00,100181.2,102756.7,95681.2,97434.4,372968.463,-0.027417347184249485,-671900000.0,232620000.0,-9.198470047667715,-8.146319136780045,1.0,0.0033868941564785,True
2024-12-20 00:00:00+00:00,97434.3,98243.0,92272.6,97764.4,396188.795,0.003386894156478526,-277000000.0,91440000.0,-4.134739335562854,-9.056369448988596,1.0,-0.0296969039854997,True
2024-12-21 00:00:00+00:00,97764.5,99485.0,96375.0,97261.8,161258.48,-0.0051409306455109105,,,,,,,False
2024-12-22 00:00:00+00:00,97261.7,97437.9,94200.0,95153.5,148114.735,-0.021676547215864872,,,,,,,False
2024-12-23 00:00:00+00:00,95153.4,96499.0,92464.4,94861.1,247211.855,-0.0030729295296546555,-226500000.0,-81240000.0,-12.321689366744382,-12.282453747163023,0.8981,0.0397012052358658,True
2024-12-24 00:00:00+00:00,94861.0,99450.0,93525.6,98627.2,211610.632,0.039701205235865844,-338400000.0,-247700000.0,-7.004611022628504,-10.93740242941066,1.0,-0.0291623406119204,True
2024-12-25 00:00:00+00:00,98626.9,99580.7,97570.0,99379.7,124696.892,0.0076297410856234205,,,,,,,False
2024-12-26 00:00:00+00:00,99379.6,99950.0,95153.0,95751.0,194857.651,-0.0365134931983091,475200000.0,-207720000.0,-12.747464287056198,-9.604897311350824,0.8585,-0.015583127069169,True
2024-12-27 00:00:00+00:00,95750.9,97564.5,93440.0,94258.9,206008.243,-0.01558312706916909,-287900000.0,-130920000.0,-13.482641337879686,-13.485111796393465,1.0,-0.0159093730141132,True
2024-12-28 00:00:00+00:00,94258.9,95700.0,94100.0,95259.1,67991.349,0.010611199579031894,,,,,,,False
2024-12-29 00:00:00+00:00,95259.1,95300.0,92961.8,93700.0,95047.934,-0.016366940271323238,,,,,,,False
2024-12-30 00:00:00+00:00,93699.9,95031.6,91510.0,92759.3,222343.593,-0.010039487726787644,-415100000.0,-158540000.0,-18.4649439256912,-19.03970679366406,1.0,0.0085123540173328,True
2024-12-31 00:00:00+00:00,92759.3,96254.3,92000.0,93548.9,178648.116,0.008512354017332857,5300000.0,-112180000.0,-23.7005215012398,-16.62081171340345,1.0,0.0365434548134719,True
2025-01-01 00:00:00+00:00,93548.8,95161.2,92796.5,94580.9,91236.66,0.011031663653982005,,,,,,,False
2025-01-02 00:00:00+00:00,94580.9,97822.4,94357.4,96967.5,181645.495,0.025233424507485225,-242300000.0,-92960000.0,-8.413690435375987,-12.82118012694474,1.0,0.0121504627839224,True
2025-01-03 00:00:00+00:00,96967.6,98949.0,96061.5,98145.7,125220.674,0.0121504627839224,908100000.0,-6380000.0,-3.83705776814236,-6.680907198006505,0.5242,0.0411092895562412,True
2025-01-04 00:00:00+00:00,98145.7,98760.9,97438.2,98173.2,71914.634,0.00028019566827675035,,,,,,,False
2025-01-05 00:00:00+00:00,98173.2,98852.6,97227.0,98340.2,74949.289,0.001701075242530603,,,,,,,False
2025-01-06 00:00:00+00:00,98340.2,102444.0,97872.6,102180.4,207493.329,0.03905015446379001,978600000.0,246920000.0,4.285200067295492,-0.5973024509985566,1.0,-0.0514785614462264,True
2025-01-07 00:00:00+00:00,102180.5,102762.1,96153.0,96920.3,258711.309,-0.05147856144622642,52400000.0,340420000.0,-1.302671425319479,-0.9974570018131402,0.8279,-0.0196677063525391,True
2025-01-08 00:00:00+00:00,96920.2,97242.2,92500.0,95014.1,262012.113,-0.019667706352539116,-568800000.0,225600000.0,-2.5226011068091303,-2.93502683599368,1.0,-0.0035636816009414,True
2025-01-09 00:00:00+00:00,95014.0,95358.7,91055.8,92505.9,257760.902,-0.02639818721642384,,,,,,,False
2025-01-10 00:00:00+00:00,92506.0,95882.5,92173.6,94675.5,261942.954,0.023453639173285135,-149400000.0,244180000.0,-2.631798138866825,-0.4037990915171467,0.8078,-0.0020089674731054,True
2025-01-11 00:00:00+00:00,94675.6,94988.0,93802.1,94562.5,64661.763,-0.0011935506017924924,,,,,,,False
2025-01-12 00:00:00+00:00,94562.4,95444.0,93661.1,94499.9,77298.133,-0.0006619960343688946,,,,,,,False
2025-01-13 00:00:00+00:00,94499.9,95934.5,88909.0,94485.3,361150.49,-0.00015449751798668476,-284100000.0,5740000.0,-3.136368011797952,-5.775618950860882,0.0881,0.0214805901023755,True
2025-01-14 00:00:00+00:00,94485.4,97353.9,94305.4,96514.9,212859.661,0.021480590102375574,-209800000.0,-231940000.0,-2.682246202031502,-4.014734293380738,0.9496,0.0408755539300149,True
2025-01-15 00:00:00+00:00,96514.9,100658.9,96450.2,100460.0,222417.566,0.04087555393001496,755100000.0,-91400000.0,1.2816258339132247,-1.7470978299169897,0.5844,-0.0052020704758113,True
2025-01-16 00:00:00+00:00,100460.0,100850.0,97293.6,99937.4,216802.52,-0.005202070475811338,626100000.0,147580000.0,-0.5520701129047012,-1.4982345025185697,0.4598,0.0410767140229784,True
2025-01-17 00:00:00+00:00,99937.4,105784.0,99902.0,104042.5,249449.969,0.04107671402297841,1072800000.0,392020000.0,2.83634845886116,1.188563491539794,0.3431999999999999,0.0199149386068193,True
2025-01-18 00:00:00+00:00,104042.6,104962.1,102242.8,104524.3,167940.092,0.004630799913496908,,,,,,,False
2025-01-19 00:00:00+00:00,104524.3,106450.0,99600.0,101311.5,280949.178,-0.03073735007074918,,,,,,,False
2025-01-20 00:00:00+00:00,101311.5,110000.0,99501.0,102247.6,530508.18,0.009239819763797952,,,,,,,False
2025-01-21 00:00:00+00:00,102247.7,107241.6,100097.2,106114.5,273296.828,0.03781898059220934,802600000.0,609360000.0,1.4546301423856711,-7.297481672499476,1.0,-0.0230844983484821,True
2025-01-22 00:00:00+00:00,106115.4,106390.0,103211.6,103664.9,151243.528,-0.02308449834848214,248700000.0,701060000.0,-3.813641283982872,-0.9177769384637046,1.0,0.001921576155478,True
2025-01-23 00:00:00+00:00,103664.9,106840.2,101211.0,103864.1,418154.019,0.0019215761554780553,188700000.0,587780000.0,1.5417137505280287,-1.7054607663026522,0.8616,0.0090887996911348,True
2025-01-24 00:00:00+00:00,103864.0,107076.5,102680.0,104808.1,165746.95,0.009088799691134852,517700000.0,566100000.0,-1.929045823181319,1.3116777868065383,0.954,-0.0265895479452447,True
2025-01-25 00:00:00+00:00,104808.0,105274.7,104040.6,104702.0,65630.163,-0.0010123263373728042,,,,,,,False
2025-01-26 00:00:00+00:00,104702.0,105496.9,102450.3,102560.1,75787.087,-0.020457106836545558,,,,,,,False
2025-01-27 00:00:00+00:00,102560.0,103216.5,97680.0,102021.3,325689.874,-0.005253505018033344,-457600000.0,260020000.0,-1.9993567968290549,-3.998382370557172,0.0098,-0.0072700504698528,True
2025-01-28 00:00:00+00:00,102021.3,103797.0,100235.0,101279.6,169917.261,-0.007270050469852851,18400000.0,103180000.0,-4.492008330346797,-1.5788311388672167,0.9848,0.0238804260680334,True
2025-01-29 00:00:00+00:00,101279.7,104755.0,101269.7,103698.2,169989.952,0.023880426068033422,92000000.0,71840000.0,1.3505796213442167,-2.4693201519467025,0.9949,0.0094379651720086,True
2025-01-30 00:00:00+00:00,103698.1,106450.0,103224.5,104676.9,136967.4,0.009437965172008678,588100000.0,151720000.0,1.8811542151131453,0.8938011866663209,0.9499,-0.0219456250614987,True
2025-01-31 00:00:00+00:00,104676.9,106000.0,101509.0,102379.7,172237.817,-0.021945625061498775,318600000.0,111900000.0,-1.786593635665357,-1.1788463988371871,1.0,-0.0106075716182016,True
2025-02-01 00:00:00+00:00,102379.8,102734.9,100215.0,100603.6,90863.091,-0.01734816570081754,,,,,,,False
2025-02-02 00:00:00+00:00,100603.6,101426.0,96029.6,97664.5,232934.693,-0.02921466031036668,,,,,,,False
2025-02-03 00:00:00+00:00,97664.5,102456.0,91130.3,101293.7,455088.034,0.037159868734289336,-234400000.0,156540000.0,12.995354121425606,9.8469387301188,0.4845,-0.0353802852497243,True
2025-02-04 00:00:00+00:00,101293.6,101729.3,96100.0,97709.9,262746.203,-0.035380285249724364,340700000.0,221000000.0,3.2650345789875246,8.020494353762249,0.4138,-0.0118381044295409,True
2025-02-05 00:00:00+00:00,97710.0,99124.2,96106.1,96553.2,151379.666,-0.011838104429540919,66400000.0,215880000.0,2.6808144666290445,4.024145047186641,0.1609999999999999,-0.0003946011110972,True
2025-02-06 00:00:00+00:00,96553.2,99093.0,95613.5,96515.1,161521.013,-0.00039460111109723695,-140200000.0,70220000.0,1.0636496439553331,2.991999164906056,0.5903,-0.0006278810258706,True
2025-02-07 00:00:00+00:00,96515.0,100112.4,95555.0,96454.5,223373.629,-0.0006278810258706358,171300000.0,40760000.0,3.13760273887409,2.760685589063653,0.5166999999999999,0.0095869036696059,True
2025-02-08 00:00:00+00:00,96454.5,96850.0,95600.0,96411.9,69050.432,-0.00044165902057458073,,,,,,,False
2025-02-09 00:00:00+00:00,96412.0,97301.7,94650.1,96423.6,101177.286,0.00012135431414606046,,,,,,,False
2025-02-10 00:00:00+00:00,96423.6,98328.0,95200.1,97379.2,132932.545,0.009910436864004168,-186300000.0,50380000.0,1.3948358435245112,2.274650660528492,0.7457,-0.0169214780979921,True
2025-02-11 00:00:00+00:00,97379.2,98482.2,94814.3,95731.4,154832.904,-0.01692147809799216,-56700000.0,-29100000.0,-0.430160516693423,0.7180241782471507,-0.2445999999999999,0.0217786431620137,True
2025-02-12 00:00:00+00:00,95731.4,98090.9,94003.9,97816.3,202448.079,0.021778643162013722,-251000000.0,-92580000.0,-0.7622356965608645,-0.7703486396016164,0.496,-0.0128373287478671,True
2025-02-13 00:00:00+00:00,97816.3,98053.8,95160.1,96560.6,142240.526,-0.012837328747867138,-156800000.0,-95900000.0,1.7752127305215026,0.9415811671349696,0.0804999999999999,0.0091600507867597,True
2025-02-14 00:00:00+00:00,96560.6,98792.8,96225.7,97445.1,144452.957,0.009160050786759744,70600000.0,-116040000.0,0.8769187597845729,2.250037820881873,0.7093,-0.0187089961424433,True
2025-02-15 00:00:00+00:00,97445.2,97941.2,97170.0,97538.0,47418.593,0.0009533573263302841,,,,,,,False
2025-02-16 00:00:00+00:00,97538.0,97665.8,96002.0,96067.0,56684.873,-0.01508130164653776,,,,,,,False
2025-02-17 00:00:00+00:00,96067.0,97000.0,95150.6,95743.2,105576.986,-0.0033705642936701086,,,,,,,False
2025-02-18 00:00:00+00:00,95743.1,96737.3,93321.6,95622.0,179173.362,-0.0012658862457072262,-60700000.0,-90920000.0,-6.725078899998405,-3.2341271514232943,1.0,0.0102068561628076,True
2025-02-19 00:00:00+00:00,95622.0,96878.7,95012.5,96598.0,124996.873,0.010206856162807698,-64100000.0,-92400000.0,-1.276846235326312,-2.3919438108871427,0.8959999999999999,0.017131824675459,True
2025-02-20 00:00:00+00:00,96597.9,98662.1,96366.0,98252.9,129180.172,0.01713182467545904,-364800000.0,-115160000.0,4.292762321347343,1.9751277657492623,0.7346,-0.0216278603481423,True
2025-02-21 00:00:00+00:00,98252.8,99431.5,94830.4,96127.9,250618.273,-0.021627860348142347,-62900000.0,-96380000.0,-2.594041004354564,0.5183870599314208,-0.0097,-0.0479923102449965,True
2025-02-22 00:00:00+00:00,96128.0,96988.0,95701.9,96503.3,65792.15,0.003905213782887218,,,,,,,False
2025-02-23 00:00:00+00:00,96503.3,96602.9,95180.2,96218.4,69298.691,-0.0029522306491074346,,,,,,,False
2025-02-24 00:00:00+00:00,96218.4,96470.0,91300.0,91514.5,217488.75,-0.04888773872772767,-539000000.0,-218300000.0,-4.594066292616938,-0.0093133232843822,0.205,-0.0314201574613858,True
2025-02-25 00:00:00+00:00,91514.5,92500.0,86020.4,88639.1,472296.502,-0.03142015746138582,-1138900000.0,-433940000.0,-10.899815517294575,-6.263138959692142,0.1384999999999999,-0.049984713292441,True
2025-02-26 00:00:00+00:00,88639.1,89367.1,82222.0,84208.5,401141.821,-0.04998471329244103,-754600000.0,-572040000.0,-16.41659967366205,-11.698677542638464,1.0,0.0054578813302694,True
2025-02-27 00:00:00+00:00,84208.6,87066.0,82667.0,84668.1,269408.53,0.005457881330269476,-275900000.0,-554260000.0,-9.844339262917725,-11.45682287696468,0.9433,-0.0043522885242494,True
2025-02-28 00:00:00+00:00,84668.2,85084.5,78200.2,84299.6,536343.231,-0.004352288524249404,94300000.0,-522820000.0,-6.189690235701706,-7.281200834445278,-0.0373,0.0224568088104806,True
2025-03-01 00:00:00+00:00,84299.6,86516.5,83779.0,86007.7,146996.671,0.02026225509966828,,,,,,,False
2025-03-02 00:00:00+00:00,86007.7,94971.0,85015.0,94222.8,364711.538,0.09551586660264144,,,,,,,False
2025-03-03 00:00:00+00:00,94222.0,94373.4,85029.0,86192.7,436032.402,-0.08522459532087778,-74200000.0,-429860000.0,-6.902062047576818,-5.521019192818767,0.5272,0.0122191322466984,True
2025-03-04 00:00:00+00:00,86193.3,88931.0,81200.0,87245.9,432434.798,0.012219132246698461,-143500000.0,-230780000.0,-3.668569388548537,-5.5257742803153,0.1306,0.0380556564835712,True
2025-03-05 00:00:00+00:00,87245.9,91000.0,86328.0,90566.1,279001.09,0.03805565648357123,22100000.0,-75440000.0,-0.2516389365336824,-1.9593133483371732,0.5028,-0.0074895573509293,True
2025-03-06 00:00:00+00:00,90566.1,92780.3,87790.5,89887.8,303058.632,-0.007489557350929377,-134300000.0,-47120000.0,-1.1164004225860946,-1.2698436023017106,0.6818,-0.0348656881134036,True
2025-03-07 00:00:00+00:00,89887.9,91257.7,84600.0,86753.8,452474.195,-0.034865688113403626,-409300000.0,-147840000.0,-5.157730114888626,-1.7374876914793187,0.2027999999999999,-0.0943589790879477,True
2025-03-08 00:00:00+00:00,86753.8,86876.5,85108.0,86184.7,96106.187,-0.006559943195571849,,,,,,,False
2025-03-09 00:00:00+00:00,86184.7,86470.6,79933.4,80688.8,221609.348,-0.06376885920586828,,,,,,,False
2025-03-10 00:00:00+00:00,80690.7,84031.5,77410.1,78567.8,416386.797,-0.02628617602442962,-369300000.0,-206860000.0,-6.507976374326985,-3.922515627095558,0.4037,0.0550887259157057,True
2025-03-11 00:00:00+00:00,78567.8,83600.0,76560.0,82896.0,390779.169,0.055088725915705794,-371000000.0,-252360000.0,-2.228305044833512,-3.507537423430296,0.8746,0.0089835456475584,True
2025-03-12 00:00:00+00:00,82896.0,84487.0,80578.5,83640.7,306171.124,0.008983545647558433,13300000.0,-254120000.0,-2.472510794678806,-3.521648721907152,0.4013,-0.0305509160014203,True
2025-03-13 00:00:00+00:00,83640.7,84307.1,79903.4,81085.4,247960.052,-0.030550916001420347,-135200000.0,-254300000.0,-5.220932351264196,-3.90090088906304,0.319,0.03520239155261,True
2025-03-14 00:00:00+00:00,81085.5,85270.2,80772.0,83939.8,233544.708,0.03520239155261007,41300000.0,-164180000.0,-0.3226835843350706,-0.8232094217967371,0.0357,0.0002751972246775,True
2025-03-15 00:00:00+00:00,83939.9,84625.0,83564.5,84302.9,76674.97,0.00432571914634039,,,,,,,False
2025-03-16 00:00:00+00:00,84303.0,85136.0,81925.6,82541.6,174630.7,-0.02089251971165862,,,,,,,False
2025-03-17 00:00:00+00:00,82541.6,84727.1,82384.0,83962.9,182662.082,0.017219196138674064,274600000.0,-35400000.0,0.1630757660708859,-1.1833246117856635,0.0859,-0.0154449167429898,True
2025-03-18 00:00:00+00:00,83963.0,83979.8,81113.5,82666.1,188897.749,-0.015444916742989867,209100000.0,80620000.0,-1.9669943902578255,-1.4063631404073738,0.3514,0.050125746829716,True
2025-03-19 00:00:00+00:00,82666.2,86990.0,82501.8,86809.8,251961.741,0.050125746829716045,11800000.0,80320000.0,3.6869887066681706,1.6851557579071013,0.5024,-0.0302523447813495,True
2025-03-20 00:00:00+00:00,86809.8,87500.0,83613.6,84183.6,242943.492,-0.030252344781349527,165700000.0,140500000.0,-4.745712562745919,-1.5396170036084216,0.1085999999999999,-0.001583443806157,True
2025-03-21 00:00:00+00:00,84183.6,84813.6,83122.0,84050.3,144422.271,-0.0015834438061570477,83100000.0,148860000.0,-3.190674999603571,-4.229889046119956,0.2517999999999999,0.0406078265038909,True
2025-03-22 00:00:00+00:00,84050.3,84509.0,83589.5,83804.9,52218.652,-0.002919680239095057,,,,,,,False
2025-03-23 00:00:00+00:00,83804.9,86110.9,83761.2,86044.2,90899.873,0.026720394630862954,,,,,,,False
2025-03-24 00:00:00+00:00,86044.1,88752.0,85478.3,87463.4,210907.484,0.016493848510416687,84200000.0,110780000.0,2.909775474135845,2.014848354928341,-0.3422,-0.0010701619191569,True
2025-03-25 00:00:00+00:00,87463.4,88500.0,86260.0,87369.8,173505.289,-0.0010701619191569867,26800000.0,74320000.0,4.006047632949539,3.1890615843924164,-0.3776,-0.0056770188325943,True
2025-03-26 00:00:00+00:00,87369.9,88270.2,85816.3,86873.8,187956.695,-0.005677018832594305,89600000.0,89880000.0,1.9376551404182152,2.230098806669384,-0.3082,0.0036535756465123,True
2025-03-27 00:00:00+00:00,86873.9,87722.4,85724.5,87191.2,163451.689,0.0036535756465123637,89000000.0,74540000.0,-1.6656729565212025,0.6412242362058285,-0.376,-0.0322326106304304,True
2025-03-28 00:00:00+00:00,87191.2,87470.0,83531.7,84380.8,222284.56,-0.03223261063043048,-93200000.0,39280000.0,-5.0435667990689215,-4.05092544292246,0.8118000000000001,-0.0220820376199325,True
2025-03-29 00:00:00+00:00,84380.8,84589.7,81601.0,82604.7,135513.705,-0.021048627175850543,,,,,,,False
2025-03-30 00:00:00+00:00,82604.8,83490.0,81501.4,82352.8,109565.925,-0.0030494632871979066,,,,,,,False
2025-03-31 00:00:00+00:00,82353.1,83895.8,81222.0,82517.5,212064.576,0.001999931999883353,-60600000.0,10320000.0,-1.9006660326248423,-1.3831576228322724,0.1845,0.0315496712818492,True
2025-04-01 00:00:00+00:00,82517.5,85595.5,82383.3,85120.9,197263.176,0.03154967128184927,-157800000.0,-26600000.0,1.412662576560919,-1.0368100113591907,0.3573,-0.0309653680823391,True
2025-04-02 00:00:00+00:00,85121.0,88500.0,82300.0,82485.1,348964.378,-0.030965368082339184,218100000.0,-900000.0,-3.176342513701025,0.0992166381734438,0.0733,0.0084427369306698,True
2025-04-03 00:00:00+00:00,82485.1,83889.2,81172.2,83181.5,239163.519,0.00844273693066988,-99800000.0,-38660000.0,-4.657921007379384,-2.741706302161519,0.6484,0.0081724902772852,True
2025-04-04 00:00:00+00:00,83181.7,84686.2,81624.6,83861.3,353109.206,0.008172490277285283,-64900000.0,-33000000.0,-3.541547984279303,-3.1330108753343158,0.8038,-0.0562989126092727,True
2025-04-05 00:00:00+00:00,83861.4,84244.5,82333.8,83506.1,99574.204,-0.004235565153413945,,,,,,,False
2025-04-06 00:00:00+00:00,83506.1,83790.5,77111.0,78390.0,281191.753,-0.06126618294950914,,,,,,,False
2025-04-07 00:00:00+00:00,78390.1,81200.0,74457.0,79140.0,693843.503,0.009567546880979716,-103900000.0,-41660000.0,-2.9344428045152693,-6.271433638100528,0.4997999999999999,-0.0359123073035128,True
2025-04-08 00:00:00+00:00,79140.1,80832.1,76200.1,76297.9,328409.534,-0.0359123073035128,-326300000.0,-75360000.0,-9.27381495502866,-5.405557663960882,0.3134,0.0824413253837916,True
2025-04-09 00:00:00+00:00,76298.0,83554.9,74578.5,82588.0,560649.862,0.08244132538379167,-127200000.0,-144420000.0,-2.477751678201523,-5.685430357307517,0.6856,-0.0366615004601152,True
2025-04-10 00:00:00+00:00,82587.9,82706.9,78416.0,79560.2,293662.1,-0.03666150046011529,-149500000.0,-154360000.0,-6.903889467424484,-5.157602996185655,0.6774999999999999,0.0479900754397299,True
2025-04-11 00:00:00+00:00,79560.3,84300.0,78935.5,83378.3,295777.871,0.047990075439729996,-1000000.0,-141580000.0,-5.198753737539752,-4.730248390000201,0.329,0.014099591860232,True
2025-04-12 00:00:00+00:00,83378.3,85884.2,82756.0,85237.8,158002.837,0.022301965859222284,,,,,,,False
2025-04-13 00:00:00+00:00,85237.9,86100.0,82991.5,83713.7,207038.38,-0.01788056472597843,,,,,,,False
2025-04-14 00:00:00+00:00,83713.8,85755.0,83630.9,84553.9,209349.356,0.01003658899319948,1500000.0,-120500000.0,-0.1442223918746155,-0.9975694421715068,0.2428,-0.0111786682814156,True
2025-04-15 00:00:00+00:00,84553.9,86443.0,83560.0,83608.7,184522.182,-0.011178668281415671,76400000.0,-39960000.0,-1.698866828329093,-0.5690811844596041,0.1883,0.0045605301840598,True
2025-04-16 00:00:00+00:00,83608.6,85493.5,83063.9,83990.0,209441.418,0.0045605301840598855,-171100000.0,-48740000.0,-0.1975476012372468,-0.2129015051182773,0.1978,0.0110132158590308,True
2025-04-17 00:00:00+00:00,83990.1,85441.5,83700.0,84915.0,141033.195,0.011013215859030812,106900000.0,2540000.0,1.6551319508617546,0.3219255628201152,0.3424999999999999,0.0300418065123948,True
2025-04-18 00:00:00+00:00,84914.9,85100.0,84260.0,84421.0,55218.842,-0.005817582288170531,,,,,,,False
2025-04-19 00:00:00+00:00,84421.0,85600.0,84317.2,85046.9,73380.566,0.007414032053635777,,,,,,,False
2025-04-20 00:00:00+00:00,85046.9,85283.6,83900.0,85138.8,90651.818,0.001080580244547491,,,,,,,False
2025-04-21 00:00:00+00:00,85138.9,88418.2,85100.0,87466.0,274069.871,0.027334188407635462,381300000.0,79000000.0,0.6673047959226963,1.202508597502409,0.1553,0.0678995266732216,True
2025-04-22 00:00:00+00:00,87466.0,94142.5,87017.5,93404.9,334005.081,0.06789952667322163,912700000.0,261240000.0,4.934559564071517,3.753541603344716,-0.7045,0.0024324205689423,True
2025-04-23 00:00:00+00:00,93404.9,94904.3,91898.0,93632.1,232748.428,0.0024324205689423284,917000000.0,429360000.0,5.319609935119374,3.4820001628709427,0.4587,0.0031986893383786,True
2025-04-24 00:00:00+00:00,93632.2,93980.6,91619.0,93931.6,157092.728,0.0031986893383786352,442000000.0,551980000.0,4.414747021377341,4.248580685613789,-0.2165,0.0070285186241902,True
2025-04-25 00:00:00+00:00,93931.5,95769.6,92788.0,94591.8,191830.477,0.007028518624190294,380000000.0,606600000.0,7.408176022742907,6.99556296596765,0.012,0.0039876606640321,True
2025-04-26 00:00:00+00:00,94591.8,95157.1,93833.0,94575.7,72538.209,-0.00017020502834286244,,,,,,,False
2025-04-27 00:00:00+00:00,94575.7,95280.5,93547.3,93697.1,83816.183,-0.00928991273656965,,,,,,,False
2025-04-28 00:00:00+00:00,93697.0,95578.8,92700.0,94969.0,194420.716,0.013574593023690129,591200000.0,648580000.0,3.30382171866761,3.771934371189408,-0.5821,-0.0080963261695921,True
2025-04-29 00:00:00+00:00,94969.0,95426.4,93678.7,94200.1,147831.794,-0.008096326169592105,172800000.0,500600000.0,1.5139488049764616,3.5931988193400417,0.1305,-0.00079617749875,True
2025-04-30 00:00:00+00:00,94200.1,95186.5,92848.1,94125.1,170929.31,-0.0007961774987500503,-56300000.0,305940000.0,1.1192286454564382,2.364808704812676,-0.3797,0.0244164415230367,True
2025-05-01 00:00:00+00:00,94125.2,97388.0,94086.7,96423.3,184526.755,0.02441644152303679,422500000.0,302040000.0,3.6345769210477386,4.2345105239181375,-0.8028,0.0042303053307655,True
2025-05-02 00:00:00+00:00,96423.2,97865.4,96283.1,96831.2,139197.526,0.004230305330765516,674900000.0,361020000.0,4.404093257370789,4.230095253220749,-0.8689,-0.0220435149001561,True
2025-05-03 00:00:00+00:00,96831.2,96868.4,95700.0,95803.3,71420.629,-0.010615380166723032,,,,,,,False
2025-05-04 00:00:00+00:00,95803.3,96266.6,94116.4,94230.2,94260.877,-0.016420102439060114,,,,,,,False
2025-05-05 00:00:00+00:00,94230.2,95165.1,93445.1,94696.7,154902.375,0.004950642150817863,425500000.0,327880000.0,0.032723314455918,0.443892737863466,-0.2247,0.0221992952235927,True
2025-05-06 00:00:00+00:00,94696.7,96879.5,93327.0,96798.9,173683.066,0.022199295223592763,-85700000.0,276180000.0,0.5318378809415769,-0.4661594654016092,0.0757,0.0019576668743137,True
2025-05-07 00:00:00+00:00,96798.9,97700.0,95718.5,96988.4,185267.142,0.001957666874313757,142300000.0,315900000.0,2.86713971380248,1.2745412182311089,0.132,0.0643344977337496,True
2025-05-08 00:00:00+00:00,96988.4,104305.3,96831.5,103228.1,317422.469,0.06433449773374966,117400000.0,254880000.0,-0.7853839181259925,1.6169525922911838,0.5728,-0.0027725008984957,True
2025-05-09 00:00:00+00:00,103228.0,104373.0,102240.0,102941.9,172883.922,-0.002772500898495789,334500000.0,186800000.0,1.4537934053726609,0.3748228189748293,0.4377999999999999,-0.0019681004527796,True
2025-05-10 00:00:00+00:00,102941.9,105000.1,102784.0,104788.8,104384.537,0.017941188184791734,,,,,,,False
2025-05-11 00:00:00+00:00,104788.8,104950.0,103283.3,104072.7,139136.421,-0.006833745591131923,,,,,,,False
2025-05-12 00:00:00+00:00,104072.7,105863.1,100678.0,102739.3,256542.699,-0.012812197627235511,5200000.0,102740000.0,0.8648590172777304,0.5074435273919505,0.2301,0.0130690008594569,True
2025-05-13 00:00:00+00:00,102739.3,104949.2,101400.0,104082.0,162368.328,0.013069000859456947,-91400000.0,101600000.0,2.626226997459735,1.6112930368850087,0.7255999999999999,-0.0059943121769373,True
2025-05-14 00:00:00+00:00,104082.0,104319.0,102536.0,103458.1,126264.097,-0.005994312176937355,319500000.0,137040000.0,3.628711337944068,1.087050011633293,0.3175,0.0024782979776354,True
2025-05-15 00:00:00+00:00,103458.1,104162.8,101270.8,103714.5,176344.106,0.0024782979776354352,114900000.0,136540000.0,2.1895901756008307,2.332912966962475,0.1439,-0.0029147322698369,True
2025-05-16 00:00:00+00:00,103714.2,104524.2,103062.3,103412.2,115513.049,-0.0029147322698369615,260200000.0,121680000.0,3.4920392523396515,3.333219754163378,0.4768,0.0204946805115837,True
2025-05-17 00:00:00+00:00,103412.2,103658.0,102541.6,103079.6,90372.669,-0.0032162549486423053,,,,,,,False
2025-05-18 00:00:00+00:00,103079.5,106629.8,103052.2,106407.6,173224.284,0.03228572869898594,,,,,,,False
2025-05-19 00:00:00+00:00,106407.5,107114.3,102038.8,105531.6,257825.604,-0.008232494671433277,667400000.0,254120000.0,4.019939049235699,2.6885491624878406,0.211,0.0120200963502874,True
2025-05-20 00:00:00+00:00,105531.5,107292.5,104115.2,106800.1,226187.246,0.012020096350287446,329200000.0,338240000.0,3.111839317906373,3.2681666582138704,0.1266,0.026305218815338,True
2025-05-21 00:00:00+00:00,106800.0,110830.0,106037.9,109609.5,413589.854,0.026305218815338094,607100000.0,395760000.0,5.066397164130709,4.877570952105947,0.5119,0.0187319529785283,True
2025-05-22 00:00:00+00:00,109609.6,111959.5,109153.4,111662.7,246067.033,0.018731952978528366,934800000.0,559740000.0,2.3563915015545334,2.2470407939509385,1.0,-0.0393255760428504,True
2025-05-23 00:00:00+00:00,111662.6,111770.4,106721.9,107271.5,279480.347,-0.039325576042850474,211700000.0,550040000.0,1.0538743159371755,1.5176208583146205,0.8613999999999999,0.0150813589816494,True
2025-05-24 00:00:00+00:00,107271.6,109440.2,106836.0,107698.9,165158.758,0.003984282871032807,,,,,,,False
2025-05-25 00:00:00+00:00,107699.0,109285.1,106497.0,108955.9,159465.803,0.011671428398990047,,,,,,,False
2025-05-26 00:00:00+00:00,108956.0,110400.0,108616.6,109386.8,146992.22,0.003954811074939668,,,,,,,False
2025-05-27 00:00:00+00:00,109386.8,110700.0,107438.0,108889.3,223599.905,-0.0045480807556305125,385400000.0,493640000.0,3.6984282001450985,4.104733312553048,0.2476,-0.0107099595644383,True
2025-05-28 00:00:00+00:00,108889.2,109252.6,106723.9,107723.1,158417.759,-0.01070995956443832,432700000.0,514340000.0,3.4801800452721743,3.798889223544932,0.5368,-0.020266776578097,True
2025-05-29 00:00:00+00:00,107723.1,108860.0,105054.2,105539.9,213101.255,-0.020266776578097057,-346800000.0,323560000.0,-1.6261048065746575,2.382936929450676,0.8379,-0.0150644448213423,True
2025-05-30 00:00:00+00:00,105539.9,106266.0,103555.0,103950.0,219701.302,-0.015064444821342393,-616100000.0,13380000.0,4.594872284091611,2.292589059185955,0.7392,0.0179345839345839,True
2025-05-31 00:00:00+00:00,103949.9,104859.3,103032.1,104544.7,103607.84,0.005721019721019793,,,,,,,False
2025-06-01 00:00:00+00:00,104544.6,105823.6,103704.1,105583.3,97420.24,0.00993450648382943,,,,,,,False
2025-06-02 00:00:00+00:00,105583.3,105900.0,103600.6,105814.3,158252.918,0.0021878459945843254,-267500000.0,-82460000.0,4.435187178595257,5.003527828701578,0.4467,-0.0045759410590061,True
2025-06-03 00:00:00+00:00,105814.4,106775.0,104822.4,105330.1,139216.007,-0.004575941059006161,375100000.0,-84520000.0,6.731077373796079,6.627137307837945,0.4456,-0.0065346942611845,True
2025-06-04 00:00:00+00:00,105330.1,105967.2,104111.7,104641.8,118534.125,-0.0065346942611845815,87000000.0,-153660000.0,5.39844270401213,5.814234959845382,0.0962,-0.0304199660174041,True
2025-06-05 00:00:00+00:00,104641.8,105878.3,100305.1,101458.6,246238.674,-0.030419966017404154,-278400000.0,-139980000.0,6.060565461003531,4.052857320451566,0.5156000000000001,0.0274141373920002,True
2025-06-06 00:00:00+00:00,101458.7,105283.0,101003.4,104240.0,174300.906,0.02741413739200027,-47800000.0,-26320000.0,10.504519964054104,7.706879903134438,-0.2995,0.057443399846508,True
2025-06-07 00:00:00+00:00,104240.1,105878.3,103800.1,105507.5,79833.173,0.012159439754412915,,,,,,,False
2025-06-08 00:00:00+00:00,105507.5,106482.6,104927.4,105676.5,75105.104,0.001601781863848517,,,,,,,False
2025-06-09 00:00:00+00:00,105676.5,110653.6,105253.2,110227.9,192956.409,0.04306917810487665,386200000.0,104420000.0,3.458095016806162,5.6171398069571055,0.3057,6.804084991185455e-05,True
2025-06-10 00:00:00+00:00,110228.0,110367.2,108282.0,110235.4,152216.974,6.804084991185455e-05,431200000.0,115640000.0,2.3441526178480387,3.3067639747055844,0.8165000000000001,-0.0148355247044053,True
2025-06-11 00:00:00+00:00,110235.4,110350.0,108001.2,108600.0,134422.321,-0.0148355247044053,164600000.0,131160000.0,2.232037665381714,2.037244528249327,0.5039,-0.027536832412523,True
2025-06-12 00:00:00+00:00,108600.1,108782.1,105602.0,105609.5,185790.19,-0.027536832412523027,86300000.0,204100000.0,4.667284239598946,2.5933166312703637,0.1198,0.0039560834962764,True
2025-06-13 00:00:00+00:00,105609.4,106141.1,102614.0,106027.3,245935.413,0.003956083496276408,322700000.0,278200000.0,4.91295138271175,5.848309723323619,0.3857,0.0068171121965758,True
2025-06-14 00:00:00+00:00,106027.3,106173.6,104225.4,105359.9,79911.57,-0.006294605257325281,,,,,,,False
2025-06-15 00:00:00+00:00,105359.8,106099.4,104399.9,105534.6,78819.399,0.0016581260992085678,,,,,,,False
2025-06-16 00:00:00+00:00,105534.7,108900.0,104920.0,106750.1,166813.219,0.011517549694602502,412200000.0,283400000.0,5.510581862198105,3.021393931741945,0.2793,-0.0210032590133405,True
2025-06-17 00:00:00+00:00,106750.1,107727.4,103300.0,104508.0,226051.863,-0.021003259013340547,216500000.0,240460000.0,3.756055527643909,2.5728643839350216,0.2211,0.0031078960462356,True
2025-06-18 00:00:00+00:00,104508.0,105500.0,103426.1,104832.8,172706.399,0.0031078960462356253,388300000.0,285200000.0,2.7477247370932822,2.243175561439566,0.6692,-0.015135530101266,True
2025-06-19 00:00:00+00:00,104832.8,105185.7,103870.3,104607.1,87710.605,-0.0021529521294861853,,,,,,,False
2025-06-20 00:00:00+00:00,104607.1,106486.2,102255.3,103246.1,199102.135,-0.013010589147390617,6400000.0,269220000.0,1.917752707483178,1.9288112127774832,0.24,0.0198051064398556,True
2025-06-21 00:00:00+00:00,103246.1,103940.6,100789.9,102079.8,120771.35,-0.011296310465964354,,,,,,,False
2025-06-22 00:00:00+00:00,102079.8,103362.6,98115.4,100904.7,293562.636,-0.011511582115168784,,,,,,,False
2025-06-23 00:00:00+00:00,100904.7,106050.0,99547.6,105290.9,297222.041,0.04346873832437925,350600000.0,274800000.0,8.11324518130263,4.984359573416049,0.4889,0.0070661377194041,True
2025-06-24 00:00:00+00:00,105291.0,106239.0,104570.8,106034.9,144449.887,0.00706613771940412,588600000.0,310080000.0,5.46741702251996,6.388365730391013,0.0447,0.0117423602983546,True
2025-06-25 00:00:00+00:00,106034.9,108095.7,105755.6,107280.0,159277.823,0.011742360298354626,547700000.0,376320000.0,5.556146612959445,6.003811964122122,0.0962,-0.0034144295302013,True
2025-06-26 00:00:00+00:00,107280.1,108249.9,106500.0,106913.7,114433.386,-0.003414429530201324,226700000.0,344000000.0,7.7215773860461745,5.307127180767535,0.0682,0.0009072738105593,True
2025-06-27 00:00:00+00:00,106913.8,107686.0,106313.1,107010.7,118637.45,0.0009072738105593281,501200000.0,442960000.0,6.14586465701894,5.344650754193862,0.2557,0.0007167507548311,True
2025-06-28 00:00:00+00:00,107010.6,107538.0,106767.0,107241.0,35670.419,0.002152121236474569,,,,,,,False
2025-06-29 00:00:00+00:00,107240.9,108499.0,107112.6,108309.8,79448.325,0.009966337501515321,,,,,,,False
2025-06-30 00:00:00+00:00,108309.8,108783.9,106686.4,107087.4,114681.386,-0.011286144005436372,102100000.0,393260000.0,2.49284857648302,2.907460156256481,0.4923,-0.0135356727308721,True
2025-07-01 00:00:00+00:00,107087.3,107499.9,105182.6,105637.9,120434.401,-0.013535672730872195,-342200000.0,207100000.0,2.8992874225242105,2.775879248850348,0.1109,0.0299333856504153,True
2025-07-02 00:00:00+00:00,105637.9,109690.4,105010.0,108800.0,177567.261,0.029933385650415367,407800000.0,179120000.0,3.5572018638552194,4.372526507138615,0.413,0.0068492647058824,True
2025-07-03 00:00:00+00:00,108800.0,110484.0,108480.6,109545.2,141487.997,0.00684926470588243,601800000.0,254140000.0,4.019718796717253,4.0357889128582,0.5028,-0.0122442608165397,True
2025-07-04 00:00:00+00:00,109545.1,109732.3,107200.0,107935.4,132305.847,-0.014695303856307795,,,,,,,False
2025-07-05 00:00:00+00:00,107935.3,108368.1,107688.3,108153.4,36660.948,0.002019726614252537,,,,,,,False
2025-07-06 00:00:00+00:00,108153.4,109684.7,107743.4,109145.8,72388.603,0.009175855775223063,,,,,,,False
2025-07-07 00:00:00+00:00,109145.8,109667.3,107456.0,108203.9,106397.578,-0.008629741135252167,216500000.0,197200000.0,0.637337208835298,1.4623999196169504,0.4271,0.0061846199628665,True
2025-07-08 00:00:00+00:00,108203.9,109180.0,107400.0,108873.1,95156.027,0.006184619962866567,80100000.0,192800000.0,3.21878817491017,1.4027756990298936,0.3601,0.0213716703207678,True
2025-07-09 00:00:00+00:00,108873.2,112036.8,108273.5,111199.9,167834.731,0.02137167032076781,215700000.0,304380000.0,4.392542243607522,2.190446288254655,0.4253,0.0429793551972619,True
2025-07-10 00:00:00+00:00,111199.8,117500.0,110432.2,115979.2,225570.213,0.042979355197261926,1175600000.0,457940000.0,1.83604861649922,4.748604076367606,0.1908,0.0131126960696401,True
2025-07-11 00:00:00+00:00,115979.2,118882.8,115186.7,117500.0,199819.357,0.013112696069640162,1029600000.0,543500000.0,4.637206254254345,3.54178616007783,1.0,0.0197148936170212,True
2025-07-12 00:00:00+00:00,117500.0,118176.9,116862.4,117389.3,63722.472,-0.0009421276595744654,,,,,,,False
2025-07-13 00:00:00+00:00,117389.4,119655.0,117164.3,119038.3,90052.381,0.014047276881283155,,,,,,,False
2025-07-14 00:00:00+00:00,119038.3,123300.0,118862.6,119816.5,221556.12,0.006537391747025945,297400000.0,559680000.0,1.8799881643372096,1.376387585394767,1.0,-0.0173431872905651,True
2025-07-15 00:00:00+00:00,119816.5,119919.4,115678.1,117738.5,269977.446,-0.017343187290565165,403100000.0,624280000.0,1.999862599673108,-0.6376151906649826,1.0,0.0072380742068227,True
2025-07-16 00:00:00+00:00,117738.6,120100.0,117017.1,118590.7,159165.948,0.007238074206822764,799400000.0,741020000.0,4.320139444828897,3.609741238546072,1.0,0.0049405223175174,True
2025-07-17 00:00:00+00:00,118590.7,120951.5,117412.8,119176.6,164274.401,0.004940522317517404,522600000.0,610420000.0,8.066115802338736,4.672962589540586,1.0,-0.010742041642403,True
2025-07-18 00:00:00+00:00,119176.5,120846.1,116788.9,117896.4,162246.906,-0.010742041642403,363500000.0,477200000.0,8.328185986938852,6.571884781724305,1.0,-0.0048025215358569,True
2025-07-19 00:00:00+00:00,117896.5,118456.0,117245.9,117814.4,52531.193,-0.0006955259024024052,,,,,,,False
2025-07-20 00:00:00+00:00,117814.3,118856.6,116370.1,117216.0,82380.582,-0.00507917538093805,,,,,,,False
2025-07-21 00:00:00+00:00,117216.1,119720.6,116454.1,117330.2,141885.848,0.0009742697242696163,-131400000.0,391440000.0,4.125903174942991,4.346303734919602,1.0,0.0227008903078662,True
2025-07-22 00:00:00+00:00,117330.2,120300.1,115865.0,119993.7,186832.45,0.02270089030786626,-68000000.0,297220000.0,6.002279865968685,4.766704918445034,1.0,-0.0106688934502394,True
2025-07-23 00:00:00+00:00,119993.7,120146.5,117250.0,118713.5,136986.897,-0.01066889345023947,-85800000.0,120180000.0,4.585031879233981,4.998972288747516,1.0,-0.0035311906396492,True
2025-07-24 00:00:00+00:00,118713.4,119469.9,117050.2,118294.3,137377.613,-0.00353119063964924,226700000.0,61000000.0,4.736313258828506,5.295158874581337,1.0,-0.0060087426021372,True
2025-07-25 00:00:00+00:00,118294.4,118410.8,114667.3,117583.5,260386.754,-0.00600874260213724,130800000.0,14460000.0,1.6120487379467363,1.864978999437522,1.0,0.0038942538706536,True
2025-07-26 00:00:00+00:00,117583.4,118300.0,117114.2,117889.2,57218.604,0.002599854571432081,,,,,,,False
2025-07-27 00:00:00+00:00,117889.3,119766.0,117800.8,119423.4,75978.959,0.013013914760639622,,,,,,,False
2025-07-28 00:00:00+00:00,119423.5,119812.0,117388.0,118041.4,106712.329,-0.011572271430892123,157100000.0,72160000.0,0.7004775105201588,0.6675564392525738,1.0,-0.0012232996219969,True
2025-07-29 00:00:00+00:00,118041.5,119258.7,116923.0,117897.0,115263.463,-0.001223299621996965,80000000.0,101760000.0,-1.4726484170168863,-0.8989251624476798,1.0,-0.0010687294842107,True
2025-07-30 00:00:00+00:00,117897.1,118763.5,115700.0,117771.0,124917.857,-0.001068729484210773,47100000.0,128340000.0,-0.861335213845349,-0.5283518235708884,1.0,-0.0176079000772685,True
2025-07-31 00:00:00+00:00,117771.1,118910.0,115373.9,115697.3,135037.467,-0.017607900077268535,-114800000.0,60040000.0,-0.2548286135040101,-0.91881628503603,1.0,-0.021197556036312,True
2025-08-01 00:00:00+00:00,115697.3,116000.0,112660.0,113244.8,221282.099,-0.021197556036312015,-812300000.0,-128580000.0,-4.342533001264748,-3.092100165975748,0.5681,0.0155177103054622,True
2025-08-02 00:00:00+00:00,113244.8,114000.0,111910.0,112508.8,102459.448,-0.006499194665008923,,,,,,,False
2025-08-03 00:00:00+00:00,112508.8,114730.0,111850.0,114150.8,63183.869,0.014594413948064489,,,,,,,False
2025-08-04 00:00:00+00:00,114150.9,115686.0,114053.8,115002.1,83328.591,0.007457678789811295,-323500000.0,-224700000.0,-0.2763894807544798,0.3278272460613407,0.3912,-0.0081085475830441,True
2025-08-05 00:00:00+00:00,115002.1,115073.3,112582.4,114069.6,119316.428,-0.008108547583044134,-196200000.0,-279940000.0,-1.4720088320530067,-1.3651283155285965,0.4784,0.0076391957191048,True
2025-08-06 00:00:00+00:00,114069.6,115674.2,113304.5,114941.0,98598.67,0.007639195719104874,91600000.0,-271040000.0,3.1793441420013835,0.7112319127709302,0.8288000000000001,0.0215667168373339,True
2025-08-07 00:00:00+00:00,114941.0,117580.0,114211.4,117419.9,134409.055,0.02156671683733391,277400000.0,-192600000.0,3.701307230548068,2.626478457135225,0.6275,-0.006742468695681,True
2025-08-08 00:00:00+00:00,117419.9,117591.8,115850.0,116628.2,89828.611,-0.00674246869568107,403900000.0,50640000.0,0.7756606099995622,2.3646116058584354,0.7973,0.0172659785540718,True
2025-08-09 00:00:00+00:00,116628.2,117906.7,116304.0,116422.1,77924.534,-0.0017671540845181077,,,,,,,False
2025-08-10 00:00:00+00:00,116422.1,119291.9,116413.2,119255.3,130331.779,0.024335585769368562,,,,,,,False
2025-08-11 00:00:00+00:00,119255.3,122450.0,118050.0,118641.9,217088.254,-0.005143586909764242,178100000.0,150960000.0,1.3346140235581672,-0.7978456043672422,1.0,0.0121297787712435,True
2025-08-12 00:00:00+00:00,118641.8,120270.0,118154.3,120081.0,125708.555,0.012129778771243549,65900000.0,203380000.0,-1.739722816374023,0.1311409236888031,0.8543,0.027005937658747,True
2025-08-13 00:00:00+00:00,120080.9,123715.9,118829.0,123323.9,188073.873,0.027005937658747037,86900000.0,202440000.0,4.801047277096515,1.306620407478161,1.0,-0.0412061246846717,True
2025-08-14 00:00:00+00:00,123323.9,124545.6,117004.0,118242.2,259801.57,-0.041206124684671774,230800000.0,193120000.0,8.00540411271422,4.847769660175638,1.0,-0.0081443004274277,True
2025-08-15 00:00:00+00:00,118242.2,119184.0,116736.3,117279.2,120542.357,-0.008144300427427753,-14100000.0,109520000.0,8.08831957512357,6.963182239391464,0.3722,-0.0093418099714185,True
2025-08-16 00:00:00+00:00,117279.1,117857.1,117089.7,117329.7,46674.42,0.0004305963887885067,,,,,,,False
2025-08-17 00:00:00+00:00,117329.8,118558.0,117121.6,117353.8,54386.804,0.00020540408779701202,,,,,,,False
2025-08-18 00:00:00+00:00,117353.9,117499.4,114605.0,116183.6,147219.779,-0.009971556097885137,-121700000.0,49560000.0,5.13735829998252,5.99324423621067,0.5296,-0.0289145800267852,True
2025-08-19 00:00:00+00:00,116183.6,116687.7,112666.6,112824.2,141024.287,-0.028914580026785264,-523300000.0,-68280000.0,-1.483969497029225,1.6775160146534815,0.3167,0.0123758909879263,True
2025-08-20 00:00:00+00:00,112824.1,114569.0,112301.8,114220.5,130522.37,0.012375890987926352,-315900000.0,-148840000.0,0.4165527564059523,-0.0758198290851571,0.4936,-0.0153939091494084,True
2025-08-21 00:00:00+00:00,114220.5,114777.0,111944.0,112462.2,96406.356,-0.015393909149408413,-194400000.0,-233880000.0,-1.7511111111112587,-1.898295348892742,0.7414000000000001,0.0394381401039638,True
2025-08-22 00:00:00+00:00,112462.2,117397.4,111625.9,116897.5,199447.977,0.03943814010396385,-23200000.0,-235700000.0,-2.335465753530164,-2.501781482465484,0.5867,-0.0584571954062319,True
2025-08-23 00:00:00+00:00,116897.5,116988.0,114510.0,115377.1,78419.415,-0.013006266173356984,,,,,,,False
2025-08-24 00:00:00+00:00,115377.1,115640.0,110484.0,113446.3,133388.002,-0.016734689986141138,,,,,,,False
2025-08-25 00:00:00+00:00,113446.2,113621.3,109219.8,110064.0,204839.785,-0.02981410588093225,219100000.0,-167540000.0,1.431270239624638,-1.362787670603031,0.8344,0.0149540267480738,True
2025-08-26 00:00:00+00:00,110064.1,112330.0,108559.7,111709.9,145041.438,0.01495402674807389,88100000.0,-45260000.0,2.218082120395426,0.734982561221703,1.0,-0.004610155411472,True
2025-08-27 00:00:00+00:00,111710.0,112568.5,110306.9,111194.9,114205.122,-0.004610155411472028,81400000.0,34200000.0,-0.7909258515093054,0.5686827933816067,0.3495999999999999,0.0118026995842435,True
2025-08-28 00:00:00+00:00,111194.9,113429.0,110811.0,112507.3,97630.277,0.011802699584243515,178900000.0,108860000.0,0.7062466853047233,0.4541675978743387,0.7512,-0.0371078143373808,True
2025-08-29 00:00:00+00:00,112507.3,112585.7,107411.4,108332.4,179725.172,-0.03710781433738086,-126700000.0,88160000.0,0.0848885468762716,0.2910122207788283,0.0644,0.0263596117135778,True
2025-08-30 00:00:00+00:00,108332.4,108879.6,107281.0,108757.9,60656.883,0.003927726146563781,,,,,,,False
2025-08-31 00:00:00+00:00,108758.0,109439.9,108021.0,108208.4,70149.546,-0.005052506530560108,,,,,,,False
2025-09-01 00:00:00+00:00,108208.4,109874.8,107211.5,109187.9,150280.626,0.009051977480491358,,,,,,,False
2025-09-02 00:00:00+00:00,109187.9,111742.1,108333.0,111188.0,175961.356,0.01831796380368167,332800000.0,110900000.0,0.7128730031591424,0.4932183136861778,0.6355999999999999,0.0042432636615461,True
2025-09-03 00:00:00+00:00,111187.9,112541.2,110486.9,111659.8,105504.421,0.004243263661546148,300500000.0,153380000.0,4.538711584214372,1.74795614412022,0.2344,-0.00878024141186,True
2025-09-04 00:00:00+00:00,111659.7,112136.8,109269.1,110679.4,122300.369,-0.008780241411860068,-222900000.0,92520000.0,-0.9103152535516744,1.7223566093881963,0.7941,-0.0005827642723036,True
2025-09-05 00:00:00+00:00,110679.5,113344.3,110153.3,110614.9,193375.404,-0.0005827642723036375,-160100000.0,24720000.0,0.9063799843112008,0.2872976664011299,0.7872,0.0126357299061881,True
2025-09-06 00:00:00+00:00,110614.8,111256.2,109850.0,110135.3,46282.516,-0.004335763084358346,,,,,,,False
2025-09-07 00:00:00+00:00,110135.2,111559.5,110120.5,111076.0,53840.584,0.008541312367605913,,,,,,,False
2025-09-08 00:00:00+00:00,111075.5,112867.6,110566.5,112012.6,99117.859,0.008432064532392314,364300000.0,122920000.0,0.6549756780049876,-0.0910215529148032,0.7311,-0.004577163640519,True
2025-09-09 00:00:00+00:00,112012.7,113238.0,110714.9,111499.9,137275.133,-0.004577163640519077,23000000.0,60960000.0,0.2626709837949548,0.2895841020290428,1.0,0.0214968802662605,True
2025-09-10 00:00:00+00:00,111499.9,114287.9,110855.8,113896.8,151901.539,0.02149688026626051,741500000.0,149160000.0,2.1033696033700977,0.9917255529826492,1.0,0.0134349692001882,True
2025-09-11 00:00:00+00:00,113896.8,115439.0,113340.7,115427.0,113066.078,0.013434969200188274,552700000.0,304280000.0,4.962648514681423,2.930082149322129,0.3325999999999999,0.0047770452320514,True
2025-09-12 00:00:00+00:00,115427.0,116605.7,114681.5,115978.4,119013.718,0.004777045232051469,642400000.0,464780000.0,6.602635779786592,5.048234225037141,0.6891,-0.0058441916770708,True
2025-09-13 00:00:00+00:00,115978.4,116245.4,115032.0,115862.7,52529.59,-0.0009975995530201454,,,,,,,False
2025-09-14 00:00:00+00:00,115862.7,116118.6,115057.0,115210.0,55087.99,-0.0056333919371808205,,,,,,,False
2025-09-15 00:00:00+00:00,115210.0,116759.9,114338.5,115300.6,117911.279,0.000786390070306453,259900000.0,443900000.0,2.71955603529328,2.724617578619045,0.8189000000000001,0.0125472027031949,True
2025-09-16 00:00:00+00:00,115300.5,116910.8,114600.0,116747.3,99446.184,0.012547202703194982,292300000.0,497760000.0,3.7332295792325,2.377233780138932,0.6472,-0.0029533873588512,True
2025-09-17 00:00:00+00:00,116747.3,117266.4,114623.3,116402.5,158125.07,-0.0029533873588512005,-51300000.0,339200000.0,3.1610787307823074,3.4903803874182056,0.6303,0.00527995532742,True
2025-09-18 00:00:00+00:00,116402.6,117875.2,116033.5,117017.1,107215.717,0.005279955327420094,163000000.0,261260000.0,3.797613346074869,3.3782006315709783,0.4207999999999999,-0.0123708415265803,True
2025-09-19 00:00:00+00:00,117017.1,117406.8,115049.9,115569.5,88151.649,-0.0123708415265803,222600000.0,177300000.0,5.030597830815164,4.32467499241936,0.5264,-0.0256538273506418,True
2025-09-20 00:00:00+00:00,115569.6,116059.2,115343.0,115624.9,32355.678,0.00047936523044578294,,,,,,,False
2025-09-21 00:00:00+00:00,115625.0,115778.0,115137.6,115183.9,32793.431,-0.0038140573526982413,,,,,,,False
2025-09-22 00:00:00+00:00,115183.9,115344.6,111469.2,112604.7,159461.568,-0.022392018328950436,-363100000.0,52700000.0,7.598690433168187,6.461577383539605,0.4838,-0.0058407863970153,True
2025-09-23 00:00:00+00:00,112604.7,113254.8,111405.1,111947.0,102258.264,-0.005840786397015352,-103800000.0,-26520000.0,1.6437676117964095,4.745182026823872,0.7478,0.0116751677132929,True
2025-09-24 00:00:00+00:00,111947.0,113895.8,110935.0,113254.0,105314.096,0.011675167713292911,241000000.0,31940000.0,3.633491311216819,3.120013971135704,0.4886,-0.0381399332473908,True
2025-09-25 00:00:00+00:00,113253.9,113462.1,108574.1,108934.5,178663.741,-0.038139933247390845,-253400000.0,-51340000.0,3.782760027593035,2.225771365517484,0.956,0.0060036076725005,True
2025-09-26 00:00:00+00:00,108934.6,110250.0,108566.0,109588.5,112277.659,0.006003607672500522,-418300000.0,-179520000.0,4.909549552702952,5.044556933507619,0.7716,0.0426011853433527,True
2025-09-27 00:00:00+00:00,109588.5,109700.0,109021.9,109577.3,35871.924,-0.00010220050461495767,,,,,,,False
2025-09-28 00:00:00+00:00,109577.2,112300.0,109136.5,112119.6,77247.963,0.023200973194265728,,,,,,,False
2025-09-29 00:00:00+00:00,112119.7,114377.2,111501.0,114257.1,125405.709,0.01906446330525613,518000000.0,-3300000.0,4.646058032773404,4.215599534743338,0.0032,-0.0023482129338133,True
2025-09-30 00:00:00+00:00,114257.1,114800.0,112615.3,113988.8,119320.015,-0.002348212933813376,429900000.0,103440000.0,1.64666165653804,3.384688116214821,0.2584,0.0400355122608535,True
2025-10-01 00:00:00+00:00,113988.7,118631.8,113899.4,118552.4,172989.429,0.040035512260853556,675800000.0,190400000.0,5.479152196901094,4.08476301820615,1.0,0.0162704424372683,True
2025-10-02 00:00:00+00:00,118552.0,120999.0,118226.4,120481.3,145456.938,0.016270442437268384,627200000.0,366520000.0,7.630506594451525,6.39069669254172,0.9543,0.0141216935740233,True
2025-10-03 00:00:00+00:00,120481.3,123900.0,119200.0,122182.7,167880.262,0.014121693574023375,985100000.0,647200000.0,7.068525427056382,7.996570306259739,1.0,0.0200175638613322,True
2025-10-04 00:00:00+00:00,122182.6,122781.1,121432.0,122343.2,70479.21,0.0013136065907857208,,,,,,,False
2025-10-05 00:00:00+00:00,122343.2,125877.3,122088.1,123426.7,162571.0,0.008856233938625113,,,,,,,False
2025-10-06 00:00:00+00:00,123426.7,126208.5,123018.5,124628.5,140201.329,0.009736953187600372,1205200000.0,784640000.0,4.937487636227367,4.213265384614233,0.5831000000000001,-0.0268156962492527,True
2025-10-07 00:00:00+00:00,124628.6,125098.0,120516.0,121286.5,181899.347,-0.02681569624925273,875600000.0,873780000.0,5.027488411020187,5.672975733292766,0.6194000000000001,0.016085879302313,True
2025-10-08 00:00:00+00:00,121286.6,124170.6,121005.3,123237.5,127099.786,0.01608587930231309,440700000.0,826760000.0,3.0209397758418355,3.2909939250123457,0.5396,-0.0134553200121716,True
2025-10-09 00:00:00+00:00,123237.4,123740.1,119572.8,121579.3,163596.38,-0.013455320012171645,197800000.0,740880000.0,4.283163902734088,3.978740403277707,0.1455,-0.0729104378788165,True
2025-10-10 00:00:00+00:00,121579.4,122497.0,101516.5,112714.9,391963.632,-0.07291043787881657,-4500000.0,542960000.0,18.2470327955353,6.47978995982799,0.1013,0.0212660437972265,True
2025-10-11 00:00:00+00:00,112715.0,113300.1,109501.0,110579.1,163671.59,-0.01894869267505883,,,,,,,False
2025-10-12 00:00:00+00:00,110579.1,115730.3,109509.3,114894.4,217928.037,0.03902455346444289,,,,,,,False
2025-10-13 00:00:00+00:00,114894.5,115912.0,113600.5,115111.9,195996.783,0.001893042654820487,-326400000.0,236640000.0,9.380372679437254,8.293849518821357,-0.2305,-0.0184872285141673,True
2025-10-14 00:00:00+00:00,115112.0,115360.2,109802.0,112983.8,259244.496,-0.018487228514167398,102700000.0,82060000.0,3.526555422392885,6.0624334899789245,-0.4498,-0.0202223681625153,True
2025-10-15 00:00:00+00:00,112983.9,113576.1,110096.9,110699.0,131777.09,-0.020222368162515325,-104100000.0,-26900000.0,3.687142525934384,5.121610185799356,0.0225,-0.0232124951444909,True
2025-10-16 00:00:00+00:00,110699.1,111960.0,107350.0,108129.4,193544.785,-0.023212495144490974,-530900000.0,-172640000.0,0.3438259397814391,3.4420046263400343,-0.3004,-0.01619171104251,True
2025-10-17 00:00:00+00:00,108129.4,109199.8,103470.0,106378.6,242789.692,-0.01619171104251005,-366600000.0,-245060000.0,2.9709199366223515,1.2606460606123342,-0.0291,0.0384598030054916,True
2025-10-18 00:00:00+00:00,106378.5,107452.6,106270.0,107117.5,68509.903,0.006945945895133088,,,,,,,False
2025-10-19 00:00:00+00:00,107117.5,109399.9,106055.8,108586.2,113473.72,0.01371111162975236,,,,,,,False
2025-10-20 00:00:00+00:00,108586.2,111650.0,107377.2,110469.9,139646.949,0.017347508246904342,-40400000.0,-187860000.0,3.254258559663992,2.964284069901328,-0.0018,-0.0200615733335505,True
2025-10-21 00:00:00+00:00,110469.9,113940.0,107400.0,108253.7,241127.426,-0.02006157333355052,477200000.0,-112960000.0,5.965040614448469,3.98540285173767,-0.2506,-0.006666746725516,True
2025-10-22 00:00:00+00:00,108253.8,109160.0,106360.3,107532.0,180893.983,-0.006666746725516037,-101400000.0,-112420000.0,1.723569883227416,2.884807203895381,0.5702,0.0231921660528957,True
2025-10-23 00:00:00+00:00,107532.1,111240.0,107462.9,110025.9,129640.717,0.023192166052895757,20300000.0,-2180000.0,3.438465279859137,3.073314158867357,0.3933,0.008538898568428,True
2025-10-24 00:00:00+00:00,110026.0,112086.0,109650.0,110965.4,110759.532,0.008538898568428044,90600000.0,89260000.0,3.354807162099238,2.4898394303198472,0.3224,0.0279249207410599,True
2025-10-25 00:00:00+00:00,110965.4,111903.9,110600.5,111589.4,45269.483,0.005623374493310518,,,,,,,False
2025-10-26 00:00:00+00:00,111589.4,115521.7,111200.0,114497.8,97335.387,0.026063407456263787,,,,,,,False
2025-10-27 00:00:00+00:00,114497.9,116380.2,113792.4,114064.1,118611.612,-0.0037878457053323045,149300000.0,127200000.0,-1.8044364247271627,0.3096535284399793,0.7304,-0.01078867058084,True
2025-10-28 00:00:00+00:00,114064.2,116074.3,112121.4,112833.5,131088.84,-0.010788670580840098,202400000.0,72240000.0,0.7351739550021108,0.1741425117554596,0.2992,-0.0252398445497126,True
2025-10-29 00:00:00+00:00,112833.5,113593.0,109026.4,109985.6,163920.866,-0.02523984454971262,-470700000.0,-1620000.0,0.9852638521157252,0.8208343289959249,0.5003,-0.0156575042551024,True
2025-10-30 00:00:00+00:00,109985.6,111565.1,106200.0,108263.5,205753.644,-0.015657504255102483,-488400000.0,-103360000.0,-1.357054022198545,-0.631112951899974,0.3562,0.0119504726893182,True
2025-10-31 00:00:00+00:00,108263.6,111233.0,108226.6,109557.3,152063.776,0.011950472689318259,-191600000.0,-159800000.0,-4.811692138192436,-4.436752862525817,1.0,-0.0275043287850285,True
2025-11-01 00:00:00+00:00,109557.2,110557.0,109351.5,110047.2,41614.221,0.004471632652502278,,,,,,,False
2025-11-02 00:00:00+00:00,110047.3,111216.0,109368.9,110494.9,61109.173,0.004068254349042899,,,,,,,False
2025-11-03 00:00:00+00:00,110494.9,110711.0,105300.0,106544.0,174258.047,-0.035756401426672135,-186500000.0,-226960000.0,-2.3512183551899213,-1.7063085943407053,0.5329,-0.0478084171797567,True
2025-11-04 00:00:00+00:00,106544.0,107271.9,98888.8,101450.3,281742.16,-0.0478084171797567,-566400000.0,-380720000.0,-2.8641178546573443,-4.609085233876255,0.6339,0.0235258052465099,True
2025-11-05 00:00:00+00:00,101450.2,104497.6,98909.7,103837.0,167770.094,0.023525805246509934,-137000000.0,-313980000.0,-1.555563855318853,-1.206262510866409,0.2816,-0.0243785933723046,True
2025-11-06 00:00:00+00:00,103837.0,104210.2,100238.4,101305.6,145029.821,-0.024378593372304636,239900000.0,-168320000.0,-5.480233860147843,-3.614598239606026,0.4494,0.0197382967970181,True
2025-11-07 00:00:00+00:00,101305.6,104070.7,99200.0,103305.2,163967.458,0.019738296797018107,-558400000.0,-241680000.0,-5.303898583187694,-5.7238989277854735,0.8631000000000001,0.0257595939023398,True
2025-11-08 00:00:00+00:00,103305.3,103373.8,101400.1,102269.3,70691.949,-0.010027568796149633,,,,,,,False
2025-11-09 00:00:00+00:00,102269.3,105440.0,101300.0,104670.6,92367.67,0.02348016462418334,,,,,,,False
2025-11-10 00:00:00+00:00,104670.7,106666.0,104205.9,105966.3,120403.538,0.012378834171199893,1200000.0,-204140000.0,-2.994968547170851,-2.371088490324737,0.4979,-0.0279381274990255,True
2025-11-11 00:00:00+00:00,105966.3,107473.7,102400.0,103005.8,132603.774,-0.027938127499025578,524000000.0,13940000.0,-4.816658886332981,-2.440954651965153,0.5823,-0.0135914676649275,True
2025-11-12 00:00:00+00:00,103005.8,105297.0,100711.0,101605.8,140876.276,-0.013591467664927581,-278100000.0,-14280000.0,-1.511002429113173,-1.962818642694264,0.5786,-0.0192065807266907,True
2025-11-13 00:00:00+00:00,101605.8,104024.6,97959.0,99654.3,236046.799,-0.019206580726690792,-866700000.0,-235600000.0,-7.771936008520441,-3.668587401478342,0.7448,-0.0512712446929034,True
2025-11-14 00:00:00+00:00,99654.3,99862.8,93955.0,94544.9,287072.783,-0.05127124469290345,-492100000.0,-222340000.0,-9.518574116751388,-6.463396682461855,0.9078,-0.0251224550451689,True
2025-11-15 00:00:00+00:00,94544.9,96800.0,94523.9,95560.3,90220.319,0.010739870685779973,,,,,,,False
2025-11-16 00:00:00+00:00,95560.4,96600.0,92922.8,94221.7,135749.509,-0.014007909142185637,,,,,,,False
2025-11-17 00:00:00+00:00,94221.7,96012.2,91250.0,92169.7,205161.285,-0.021778422592672375,-254600000.0,-273500000.0,-12.420953869396456,-9.172480170742864,0.7208,0.0081067856356265,True
2025-11-18 00:00:00+00:00,92169.8,93799.1,89012.0,92916.9,232691.156,0.008106785635626501,-372800000.0,-452860000.0,-4.988122416720309,-9.682560006045726,0.3725,-0.0151533251755062,True
2025-11-19 00:00:00+00:00,92916.8,92944.8,88564.4,91508.9,226438.45,-0.015153325175506271,75400000.0,-382160000.0,-10.197153709641247,-8.229141091194714,0.3979999999999999,-0.053629756231361,True
2025-11-20 00:00:00+00:00,91509.0,93150.0,86066.6,86601.3,276513.027,-0.053629756231361014,-903200000.0,-389460000.0,-11.582780289719484,-10.90537798445331,0.8998999999999999,-0.0174108240869363,True
2025-11-21 00:00:00+00:00,86601.4,87465.4,80600.0,85093.5,449804.324,-0.017410824086936394,238400000.0,-243360000.0,-7.1126988633651855,-11.359832755058704,0.2642,0.0370604100195668,True
2025-11-22 00:00:00+00:00,85093.6,85599.9,83456.0,84689.4,94197.055,-0.004748893863808723,,,,,,,False
2025-11-23 00:00:00+00:00,84689.4,88100.0,84622.0,86807.7,138930.073,0.02501257536362278,,,,,,,False
2025-11-24 00:00:00+00:00,86807.6,89177.3,85226.4,88247.1,211113.332,0.01658147837115842,-151100000.0,-222660000.0,-3.828991638845647,-4.887625246130049,0.5044,-0.010459267216713,True
2025-11-25 00:00:00+00:00,88247.1,88477.6,86061.1,87324.1,149637.655,-0.010459267216713086,128700000.0,-122360000.0,-5.1447888954070375,-4.056332213179803,-0.3019,0.0356602587372787,True
2025-11-26 00:00:00+00:00,87324.1,90655.4,86260.9,90438.1,159146.533,0.03566025873727874,21100000.0,-133220000.0,-1.6776442956456528,-3.1061218364365293,-0.0419,0.0045301703596161,True
2025-11-27 00:00:00+00:00,90438.0,91931.9,90024.4,91292.2,113685.232,0.009444028567605844,,,,,,,False
2025-11-28 00:00:00+00:00,91292.2,93080.0,90155.0,90847.8,146920.347,-0.004867885755847623,71400000.0,61700000.0,1.320267090032523,-0.6847125325950182,-0.1703,-0.0507023835469873,True
2025-11-29 00:00:00+00:00,90847.8,91130.0,90092.7,90765.0,54196.679,-0.0009114144756394715,,,,,,,False
2025-11-30 00:00:00+00:00,90764.9,91934.4,90300.0,90320.6,66139.718,-0.004896160414256556,,,,,,,False
2025-12-01 00:00:00+00:00,90320.5,90396.9,83786.0,86241.6,296847.166,-0.04516134746669087,8500000.0,15720000.0,-0.4230117953063494,-0.6558528146341963,0.1490999999999999,0.058063625906755,True
2025-12-02 00:00:00+00:00,86241.5,92273.2,86140.1,91249.1,228101.165,0.05806362590675507,58500000.0,57640000.0,3.305291490116602,0.9665863463981704,0.3999,0.0233163943534784,True
2025-12-03 00:00:00+00:00,91249.1,94185.0,90954.8,93376.7,201298.317,0.02331639435347843,-14900000.0,28920000.0,2.556995909770432,2.144346403244642,-0.0885,-0.0143718936308522,True
2025-12-04 00:00:00+00:00,93376.8,94040.0,90822.5,92034.7,146772.427,-0.014371893630852228,-194600000.0,-14220000.0,1.6811822490603312,1.8719200976953048,0.3928,-0.0298387456035603,True
2025-12-05 00:00:00+00:00,92034.7,92665.5,87976.3,89288.5,179125.057,-0.029838745603560368,54800000.0,-17540000.0,1.707152487562258,2.671247947917584,0.0390999999999999,0.0148092979499039,True
2025-12-06 00:00:00+00:00,89288.6,90257.3,88870.1,89197.1,56826.867,-0.00102364806218036,,,,,,,False
2025-12-07 00:00:00+00:00,89197.1,91722.0,87688.0,90345.4,129592.005,0.012873736926424684,,,,,,,False
2025-12-08 00:00:00+00:00,90345.4,92262.6,89553.8,90610.8,152474.739,0.002937614975416558,-60400000.0,-31320000.0,2.1537090687706595,0.7783142151205255,0.3394999999999999,0.0223770234894735,True
2025-12-09 00:00:00+00:00,90610.8,94555.0,89368.9,92638.4,181930.263,0.02237702348947357,151900000.0,-12640000.0,1.2084748615648344,1.2327679343396294,0.5443,-0.0071341905732394,True
2025-12-10 00:00:00+00:00,92638.3,94443.7,91520.0,91977.5,160488.78,-0.007134190573239496,223500000.0,35040000.0,2.240929966375038,1.3602917769784304,0.3205,0.0054361120926313,True
2025-12-11 00:00:00+00:00,91977.5,93547.3,89200.0,92477.5,191148.068,0.0054361120926313955,-77500000.0,58460000.0,3.093606568043139,1.5296340675079645,0.61,-0.0243075342650914,True
2025-12-12 00:00:00+00:00,92477.6,92719.0,89429.0,90229.6,144844.11,-0.02430753426509147,49100000.0,57320000.0,1.061279238077084,1.859085382933575,0.3383,-0.0425547713832269,True
2025-12-13 00:00:00+00:00,90229.7,90599.0,89711.9,90191.3,36237.733,-0.00042447267858891635,,,,,,,False
2025-12-14 00:00:00+00:00,90191.3,90440.0,87504.3,88118.8,92086.654,-0.022978934775305326,,,,,,,False
2025-12-15 00:00:00+00:00,88118.8,89972.4,85073.0,86389.9,194216.045,-0.019620103769002806,-357600000.0,-2120000.0,-1.6868736700537124,-0.3411121969652818,0.3081,0.0166269436589232,True
2025-12-16 00:00:00+00:00,86390.0,88143.9,85226.0,87826.3,142225.048,0.016626943658923254,-277200000.0,-87940000.0,-1.0709803920683214,-1.8774727788910264,0.4089,-0.0184990145320934,True
2025-12-17 00:00:00+00:00,87826.3,90363.2,85261.3,86201.6,208646.748,-0.01849901453209346,457300000.0,-41180000.0,-3.8785657585604927,-3.3238268856216706,0.5917,-0.0084905616601085,True
2025-12-18 00:00:00+00:00,86201.6,89447.9,84408.6,85469.7,229573.679,-0.008490561660108531,-161300000.0,-57940000.0,-6.594056041407947,-5.090101252682583,0.8355,0.0307746487936662,True
2025-12-19 00:00:00+00:00,85469.8,89374.6,85062.7,88100.0,178284.494,0.030774648793666204,-158300000.0,-99420000.0,-5.025134750538118,-6.291131006941757,1.0,0.0054653802497162,True
2025-12-20 00:00:00+00:00,88100.0,88551.8,87698.5,88320.8,35973.848,0.0025062429057889357,,,,,,,False
2025-12-21 00:00:00+00:00,88320.7,89050.0,87548.5,88621.3,67624.388,0.003402369543754169,,,,,,,False
2025-12-22 00:00:00+00:00,88621.3,90599.0,87845.0,88581.5,154693.469,-0.0004491019653288797,-142200000.0,-56340000.0,-7.224038512857467,-4.365176904675093,0.6654,-0.0126267900182317,True
2025-12-23 00:00:00+00:00,88581.5,88904.9,86536.0,87463.0,133657.948,-0.012626790018231748,-188600000.0,-38620000.0,-6.478750885855478,-6.662338312547477,0.1795,0.0018785086265049,True
2025-12-24 00:00:00+00:00,87463.1,88033.3,86355.0,87627.3,81543.508,0.00187850862650496,-175300000.0,-165140000.0,-6.891796401140571,-7.279685935523464,0.5927,-0.0035274395080072,True
2025-12-25 00:00:00+00:00,87627.4,88594.0,86902.1,87182.8,57796.252,-0.005072620062469113,,,,,,,False
2025-12-26 00:00:00+00:00,87182.8,89557.6,86619.9,87318.2,149971.737,0.0015530586308307726,-275900000.0,-188060000.0,-8.418263752273392,-8.448871903331453,1.0,-0.0013158768733206,True
2025-12-27 00:00:00+00:00,87318.3,87956.9,87203.0,87829.4,27294.109,0.0058544495878292135,,,,,,,False
2025-12-28 00:00:00+00:00,87829.5,88078.3,87402.6,87920.5,37359.964,0.0010372381002261566,,,,,,,False
2025-12-29 00:00:00+00:00,87920.4,90373.4,86760.0,87203.3,190004.209,-0.008157369441711526,-19300000.0,-160260000.0,-14.4835117799047,-12.29489794318972,0.4826,0.014357254828659,True
2025-12-30 00:00:00+00:00,87203.2,89355.0,86789.0,88455.3,126745.26,0.014357254828659016,355100000.0,-60800000.0,-9.944003248443243,-11.763431130393982,0.8344999999999999,-0.0095765884011472,True
2025-12-31 00:00:00+00:00,88455.2,89192.8,87189.2,87608.2,96768.357,-0.009576588401147279,-348100000.0,-92700000.0,-17.145813115200248,-13.288424956368477,0.3749999999999999,0.0267463547932726,True
2026-01-01 00:00:00+00:00,87608.3,88881.4,87508.4,88800.0,47941.303,0.013603749420716404,,,,,,,False
2026-01-02 00:00:00+00:00,88800.0,90945.1,88324.4,89951.4,176662.448,0.012966216216216075,471300000.0,36620000.0,-4.1268899772684,-8.39728234187593,0.4813,0.0430343496599274,True
2026-01-03 00:00:00+00:00,89951.5,90716.9,89261.2,90595.8,56891.269,0.007163868488984093,,,,,,,False
2026-01-04 00:00:00+00:00,90595.8,91779.7,90595.7,91497.1,73773.029,0.009948584812982553,,,,,,,False
2026-01-05 00:00:00+00:00,91497.2,94760.3,91476.5,93822.4,189416.312,0.025413920222608022,697200000.0,231240000.0,1.1027095651572338,-2.57971163059853,0.7723000000000001,-0.0012193250225958,True
2026-01-06 00:00:00+00:00,93822.3,94415.4,91209.0,93708.0,187443.05,-0.0012193250225958074,-243200000.0,186460000.0,-2.7691266274887383,-3.284797992472813,0.2691,-0.0253980449908225,True
2026-01-07 00:00:00+00:00,93708.1,93708.1,90634.1,91328.0,148986.85,-0.025398044990822544,-486100000.0,18220000.0,-9.241041563782249,-8.476999660413375,0.2885,-0.0029366678346181,True
2026-01-08 00:00:00+00:00,91328.1,91666.0,89242.0,91059.8,168475.944,-0.0029366678346181008,-398800000.0,8080000.0,-8.121845018863594,-11.18180157340614,0.6436,-0.0050098945967375,True
2026-01-09 00:00:00+00:00,91059.8,91999.0,89632.8,90603.6,140394.677,-0.0050098945967375075,-250000000.0,-136180000.0,-13.88219583836392,-11.505603477468492,0.0218,0.0071630707830594,True
2026-01-10 00:00:00+00:00,90603.7,90800.0,90351.6,90469.6,25270.741,-0.00147896993055463,,,,,,,False
2026-01-11 00:00:00+00:00,90469.7,91252.5,90175.3,90964.4,43544.382,0.005469240496254857,,,,,,,False
2026-01-12 00:00:00+00:00,90964.4,92488.0,90066.0,91252.6,169237.383,0.0031682724230579495,116700000.0,-252280000.0,-11.841675776209648,-12.163248820082396,0.4649999999999999,0.0451778908217408,True
2026-01-13 00:00:00+00:00,91252.5,96863.7,91011.0,95375.2,200545.918,0.04517789082174084,753800000.0,-52880000.0,-3.120087198944521,-7.263989547803366,0.3445,0.0160702153180281,True
2026-01-14 00:00:00+00:00,95375.2,97932.1,94413.4,96907.9,182043.491,0.016070215318028103,843600000.0,213060000.0,0.3486269153607502,-1.271937297646214,0.4076,-0.0138337534917173,True
2026-01-15 00:00:00+00:00,96908.0,97155.0,95080.0,95567.3,149204.741,-0.013833753491717338,100200000.0,312860000.0,-1.7938429869635009,-2.9280596069581244,0.1525999999999999,-0.0006654996008049,True
2026-01-16 00:00:00+00:00,95567.4,95825.0,94234.5,95503.7,101218.089,-0.0006654996008049752,-394700000.0,283920000.0,-4.912562869606729,-3.7974936500980343,0.2495,-0.0744798369068422,True
2026-01-17 00:00:00+00:00,95503.8,95621.9,94977.5,95107.9,38969.233,-0.0041443420516692475,,,,,,,False
2026-01-18 00:00:00+00:00,95107.9,95490.0,93550.3,93614.0,62580.393,-0.01570742283238291,,,,,,,False
2026-01-19 00:00:00+00:00,93614.0,93614.1,91800.0,92589.6,108237.056,-0.010942807699703017,,,,,,,False
2026-01-20 00:00:00+00:00,92589.6,92845.0,87787.2,88390.6,188076.2,-0.04535066573351654,-479700000.0,164640000.0,-13.237939350650985,-11.074895622192512,0.5652,0.0115487393455864,True
2026-01-21 00:00:00+00:00,88390.7,90599.5,87205.5,89411.4,208082.615,0.011548739345586423,-708700000.0,-127860000.0,-10.174979008934493,-11.037422866991784,0.241,0.0011978338332696,True
2026-01-22 00:00:00+00:00,89411.4,90327.7,88465.6,89518.5,105914.221,0.001197833833269657,-32200000.0,-303020000.0,-10.738092268539612,-10.472745665015731,0.9419,0.0004490691868161,True
2026-01-23 00:00:00+00:00,89518.4,91195.0,88530.0,89558.7,124825.85,0.0004490691868161978,-103500000.0,-343760000.0,-13.987682625028476,-12.68500888418118,0.6968,-0.0140477697867431,True
2026-01-24 00:00:00+00:00,89558.7,89893.9,89116.9,89180.7,30735.937,-0.004220695476821357,,,,,,,False
2026-01-25 00:00:00+00:00,89180.7,89281.6,86021.7,86628.9,124879.363,-0.028613814423972928,,,,,,,False
2026-01-26 00:00:00+00:00,86628.9,88834.1,86463.2,88300.6,134609.491,0.019297255303946104,6800000.0,-263460000.0,-10.987346723854152,-11.61218750254267,0.5606,0.0101607463595942,True
2026-01-27 00:00:00+00:00,88300.6,89499.0,87265.4,89197.8,117926.114,0.010160746359594297,-147400000.0,-197000000.0,-14.906442577029557,-13.139564363897165,0.7503000000000001,0.0007163853817022,True
2026-01-28 00:00:00+00:00,89197.8,90592.7,88786.0,89261.7,123884.859,0.000716385381702267,-19600000.0,-59180000.0,-15.407616507012722,-14.068552918602611,0.383,-0.0521724322973906,True
2026-01-29 00:00:00+00:00,89261.7,89316.8,83338.3,84604.7,226761.591,-0.05217243229739066,-817800000.0,-216300000.0,-16.179532324570587,-17.291982585175834,0.4023,-0.0046486779103288,True
2026-01-30 00:00:00+00:00,84604.7,84697.2,81000.0,84211.4,254794.516,-0.004648677910328858,-509700000.0,-297540000.0,-17.742597983942954,-16.873999982522648,0.031,-0.0655362575613277,True
2026-01-31 00:00:00+00:00,84211.4,84239.5,75500.0,78706.8,271548.511,-0.0653664468231141,,,,,,,False
2026-02-01 00:00:00+00:00,78706.7,79396.8,75644.0,76931.5,186984.08,-0.022555865566888822,,,,,,,False
2026-02-02 00:00:00+00:00,76931.6,79311.0,74555.0,78692.5,259646.414,0.022890493490962838,561800000.0,-186540000.0,-9.11369911152815,-9.389105984569149,-0.5712999999999999,-0.0376160371064587,True
2026-02-03 00:00:00+00:00,78692.5,79163.0,72889.2,75732.4,307725.516,-0.03761603710645878,-272000000.0,-211460000.0,-14.348647047435216,-10.558617455626306,-0.0465,-0.0342653870734322,True
2026-02-04 00:00:00+00:00,75732.4,76952.5,71838.0,73137.4,293124.639,-0.034265387073432296,-544900000.0,-316520000.0,-22.93830330360569,-17.26647601069604,0.4618,-0.1404110619190728,True
2026-02-05 00:00:00+00:00,73137.5,73316.3,62233.3,62868.1,670089.741,-0.14041106191907282,-434100000.0,-239780000.0,-18.89369965216936,-20.535508155563967,-0.4957,0.1221032606361574,True
2026-02-06 00:00:00+00:00,62868.1,71714.4,59800.0,70544.5,559182.769,0.1221032606361574,371100000.0,-63620000.0,-7.4468413689599,-9.763085039584118,-1.3478,-0.0061521450999014,True
2026-02-07 00:00:00+00:00,70544.5,71690.0,67250.0,69254.2,266663.651,-0.018290582540098854,,,,,,,False
2026-02-08 00:00:00+00:00,69254.3,72300.0,68843.7,70288.1,162753.587,0.014929058454216548,,,,,,,False
2026-02-09 00:00:00+00:00,70288.2,71434.9,68271.7,70110.5,222442.828,-0.0025267435028121232,144900000.0,-147000000.0,-5.134164076534553,-7.390244526869343,-0.4284,-0.018616327083675,True
2026-02-10 00:00:00+00:00,70110.6,70499.9,67883.0,68805.3,183872.609,-0.018616327083675,166500000.0,-59300000.0,-5.467648848532791,-7.123101154644189,-0.8815999999999999,-0.0254471675873807,True
2026-02-11 00:00:00+00:00,68805.3,69262.7,65718.5,67054.4,256625.524,-0.025447167587380748,-276300000.0,-5580000.0,-8.5849488063372,-6.448800008197567,-0.1169,-0.012099131451478,True
2026-02-12 00:00:00+00:00,67054.8,68385.0,65081.0,66243.1,199993.259,-0.012099131451478007,-410200000.0,-800000.0,-9.68279746988765,-7.686394626271557,-0.1728,0.0389232991813486,True
2026-02-13 00:00:00+00:00,66243.2,69473.7,65833.9,68821.5,183043.289,0.038923299181348625,15100000.0,-72000000.0,-6.0940576257351164,-7.622222349018132,-0.1274,-0.019552029525657,True
2026-02-14 00:00:00+00:00,68821.5,70557.7,68689.1,69795.4,114534.246,0.014151101036739888,,,,,,,False
2026-02-15 00:00:00+00:00,69795.4,70938.5,68029.6,68796.9,151250.13,-0.014306100402032174,,,,,,,False
2026-02-16 00:00:00+00:00,68796.9,70110.9,67250.0,68862.5,149579.748,0.0009535313364410491,,,,,,,False
2026-02-17 00:00:00+00:00,68862.6,69228.6,66588.0,67475.9,149185.122,-0.02013577781811593,-104900000.0,-121960000.0,-5.454530371158395,-5.695236310862412,0.5076999999999999,-0.0156070537777189,True
2026-02-18 00:00:00+00:00,67475.9,68438.0,65826.1,66422.8,163973.391,-0.015607053777718982,-133300000.0,-181920000.0,-6.200628940281616,-5.672958801645016,0.3604,0.0082983553839945,True
2026-02-19 00:00:00+00:00,66422.8,67299.4,65595.7,66974.0,147432.601,0.008298355383994593,-165800000.0,-159820000.0,-4.660934547972007,-4.791135901385477,-0.3051999999999999,0.0150103025054499,True
2026-02-20 00:00:00+00:00,66973.9,68283.7,66408.1,67979.3,225303.971,0.01501030250544999,88100000.0,-60160000.0,-5.2322838529417215,-3.102697726904182,-0.0671,-0.0493311934662463,True
2026-02-21 00:00:00+00:00,67979.3,68687.0,67488.9,67933.1,87495.493,-0.0006796186486179856,,,,,,,False
2026-02-22 00:00:00+00:00,67933.2,68220.0,67150.0,67613.5,84343.422,-0.004704628524239363,,,,,,,False
2026-02-23 00:00:00+00:00,67613.6,67655.8,63860.0,64625.8,277151.296,-0.04418792105126934,-203800000.0,-103940000.0,-4.677058686878288,-1.867910201905724,0.2251,-0.0091991124287823,True
2026-02-24 00:00:00+00:00,64625.8,64980.0,62401.7,64031.3,223150.569,-0.009199112428782352,257700000.0,-31420000.0,1.589181080003943,-1.8040769980437468,-0.0182,0.0612388003991797,True
2026-02-25 00:00:00+00:00,64031.4,69999.0,63876.0,67952.5,299238.818,0.06123880039917973,506600000.0,96560000.0,0.6824729761301107,0.7459527676400198,-0.0968,-0.0074213605091792,True
2026-02-26 00:00:00+00:00,67952.5,68850.0,66462.0,67448.2,177837.055,-0.007421360509179298,254400000.0,180600000.0,0.789803035274872,0.6757581370704183,0.4007,-0.0239027876207221,True
2026-02-27 00:00:00+00:00,67448.1,68188.8,64875.6,65836.0,205957.364,-0.023902787620722177,-27500000.0,157480000.0,-1.8460015697086,0.2253225158920883,-0.0656,0.0450483018409382,True
2026-02-28 00:00:00+00:00,65836.0,67735.0,62979.5,66937.1,257922.786,0.016724892156267268,,,,,,,False
2026-03-01 00:00:00+00:00,66937.0,68189.0,65011.0,65750.0,219111.436,-0.017734559758340374,,,,,,,False
2026-03-02 00:00:00+00:00,65749.9,70100.0,65234.4,68801.8,277378.032,0.046415209125475254,458200000.0,289880000.0,0.2833064506990723,1.437225081227881,-0.1083,-0.0073617260013546,True
2026-03-03 00:00:00+00:00,68801.8,69221.6,66080.0,68295.3,257469.9,-0.0073617260013546515,225200000.0,283380000.0,-0.2941262547917489,-1.009702090206214,0.1481,0.0636368827723137,True
2026-03-04 00:00:00+00:00,68295.2,74046.5,67350.0,72641.4,357143.496,0.06363688277231372,461900000.0,274440000.0,2.2692628281117955,2.5502670174946025,0.4683,-0.0245947902986449,True
2026-03-05 00:00:00+00:00,72641.4,73539.1,70612.8,70854.8,226168.28,-0.024594790298644975,-227900000.0,177980000.0,-0.4401140233867284,1.9257971530683984,0.0174,-0.0391194386265998,True
2026-03-06 00:00:00+00:00,70854.8,71387.5,67712.3,68083.0,213382.703,-0.039119438626599834,-348900000.0,113700000.0,-0.848577135807993,-0.1439346895195278,-0.2176,0.0045694226165122,True
2026-03-07 00:00:00+00:00,68083.0,68524.9,66850.1,67232.1,94570.162,-0.012497980406268705,,,,,,,False
2026-03-08 00:00:00+00:00,67232.1,68171.6,65569.2,65934.3,155747.973,-0.01930327923715014,,,,,,,False
2026-03-09 00:00:00+00:00,65934.3,69498.0,65770.5,68394.1,237211.547,0.03730683422740522,167100000.0,55480000.0,0.0014613012355724,0.181450046399754,-0.3431,0.0220457612571842,True
2026-03-10 00:00:00+00:00,68394.0,71748.1,68345.0,69901.9,265674.484,0.02204576125718427,246900000.0,59820000.0,1.7441370903181763,1.1336878423950925,0.1738,0.0035492597483044,True
2026-03-11 00:00:00+00:00,69901.8,71286.0,68932.9,70150.0,195627.956,0.0035492597483044452,115200000.0,-9520000.0,2.2994119261121604,1.8308238553293537,-0.5824,0.0047056307911619,True
2026-03-12 00:00:00+00:00,70150.0,70756.5,69150.0,70480.1,186490.593,0.00470563079116193,53800000.0,46820000.0,-1.3864210688374623,1.387333875627709,-0.7381,0.0058938622391284,True
2026-03-13 00:00:00+00:00,70480.1,73870.0,70342.7,70895.5,300232.121,0.005893862239128467,180400000.0,152680000.0,2.020301705907279,1.944216981217828,-0.0638,0.0557285018090005,True
2026-03-14 00:00:00+00:00,70895.5,71272.3,70256.0,71174.4,79283.014,0.003933959137039755,,,,,,,False
2026-03-15 00:00:00+00:00,71174.4,73199.9,70815.7,72778.9,126474.242,0.02254321778617041,,,,,,,False
2026-03-16 00:00:00+00:00,72778.8,74880.0,72235.6,74846.4,269076.99,0.028407958900175778,199400000.0,159140000.0,0.2403696243846731,1.0962163720756404,0.2014999999999999,-0.0130133179418114,True
2026-03-17 00:00:00+00:00,74846.4,75998.9,73330.3,73872.4,218278.973,-0.013013317941811486,199400000.0,149640000.0,3.3486962950290966,2.059950245917458,-0.126,-0.0361366356040957,True
2026-03-18 00:00:00+00:00,73872.3,74633.0,70456.0,71202.9,226755.469,-0.036136635604095746,-163500000.0,93900000.0,-0.2133436936013755,1.7087862988714635,0.2418,-0.0184753710874135,True
2026-03-19 00:00:00+00:00,71202.9,71598.3,68750.0,69887.4,218646.177,-0.018475371087413595,-90200000.0,65100000.0,-1.673101673100863,-0.1549358385698196,0.1205,0.008374900196602,True
2026-03-20 00:00:00+00:00,69887.4,71342.2,69350.0,70472.7,186241.517,0.008374900196602031,-52000000.0,18620000.0,-1.9458031423025268,-1.1170996928102268,-0.0222999999999999,0.0055794655235288,True
2026-03-21 00:00:00+00:00,70472.6,71077.7,68511.3,68881.5,74084.886,-0.022578956106407144,,,,,,,False
2026-03-22 00:00:00+00:00,68881.5,69555.8,67300.0,67830.6,134880.564,-0.015256636397290912,,,,,,,False
2026-03-23 00:00:00+00:00,67830.7,71789.8,67400.1,70865.9,291099.678,0.04474824046964043,167200000.0,12180000.0,-4.544015389291722,-2.387914042366601,0.016,-0.0048260164620783,True
2026-03-24 00:00:00+00:00,70866.0,71377.5,68884.5,70523.9,196191.95,-0.004826016462078364,-66600000.0,-41020000.0,-3.2952202723657287,-3.514645693202812,0.3056,0.0109693309643965,True
2026-03-25 00:00:00+00:00,70524.0,71999.9,70375.0,71297.5,166515.849,0.010969330964396562,7800000.0,-6760000.0,-4.90632218864584,-3.3045849040057305,0.4720999999999999,-0.0351975875731968,True
2026-03-26 00:00:00+00:00,71297.5,71408.1,68115.8,68788.0,186473.614,-0.0351975875731968,-171300000.0,-22980000.0,-7.452741785091144,-6.381438007162788,-0.2103,-0.035235796941327,True
2026-03-27 00:00:00+00:00,68788.1,69142.7,65501.0,66364.2,212351.048,-0.03523579694132706,-225500000.0,-57680000.0,-8.122603425407826,-7.579591209749964,-0.5841,0.00603035974215,True
2026-03-28 00:00:00+00:00,66364.1,67284.0,65888.0,66334.8,89373.492,-0.00044300993607993,,,,,,,False
2026-03-29 00:00:00+00:00,66334.8,67100.0,64918.2,65977.9,110278.396,-0.005380283049018164,,,,,,,False
2026-03-30 00:00:00+00:00,65978.0,68148.4,65754.2,66764.4,187059.065,0.011920658281030505,69400000.0,-77240000.0,-9.010833809774963,-8.67447491204302,0.0758,0.0221240661190695,True
2026-03-31 00:00:00+00:00,66764.4,68600.0,65938.0,68241.5,243333.085,0.022124066119069585,117500000.0,-40420000.0,-9.171923107562652,-9.239045920366172,-0.2763,-0.0022713451492126,True
2026-04-01 00:00:00+00:00,68241.4,69288.0,67534.9,68086.5,157276.22,-0.002271345149212678,-173700000.0,-76720000.0,-0.2304962040056146,-4.374790897789249,0.0577,-0.0178890088343504,True
2026-04-02 00:00:00+00:00,68086.4,68639.1,65676.1,66868.5,188358.921,-0.017889008834350406,9000000.0,-40660000.0,-1.1225376106160925,-1.3124368309666103,-0.7398,0.0291527400794096,True
2026-04-03 00:00:00+00:00,66868.6,67350.0,66240.0,66930.0,79267.833,0.0009197155611386787,,,,,,,False
2026-04-04 00:00:00+00:00,66930.0,67554.5,66745.5,67271.0,50770.337,0.005094875242791064,,,,,,,False
2026-04-05 00:00:00+00:00,67271.1,69108.0,66575.5,68997.9,104918.169,0.02567079425012264,,,,,,,False
2026-04-06 00:00:00+00:00,68997.9,70332.5,68227.5,68817.9,166757.236,-0.0026087750496753825,471400000.0,98720000.0,-0.0072617780966233,-0.4119494476541308,0.0423,0.0446439080529921,True
2026-04-07 00:00:00+00:00,68817.9,72743.4,67711.0,71890.2,232828.247,0.04464390805299212,-159100000.0,53020000.0,-1.949273832931864,-1.1736505592368125,0.7393000000000001,-0.0118527977387736,True
2026-04-08 00:00:00+00:00,71890.2,72858.5,70671.6,71038.1,183378.492,-0.01185279773877368,-93900000.0,10740000.0,2.259746140176322,0.297825574772,0.4048,0.0100270136729443,True
2026-04-09 00:00:00+00:00,71038.2,73128.0,70428.0,71750.4,175806.457,0.01002701367294434,358100000.0,117100000.0,1.3985630182866693,1.3150587209222186,-0.1986,0.016264717687985,True
2026-04-10 00:00:00+00:00,71750.4,73450.0,71382.1,72917.4,156569.666,0.016264717687985097,256800000.0,166660000.0,4.821641742973615,2.9190948031151964,-0.2186999999999999,0.0201268832953451,True
2026-04-11 00:00:00+00:00,72917.4,73773.4,72451.9,73013.4,80169.67,0.001316558187757666,,,,,,,False
2026-04-12 00:00:00+00:00,73013.4,73094.4,70458.2,70711.1,134822.989,-0.03153256799436799,,,,,,,False
2026-04-13 00:00:00+00:00,70711.2,74870.0,70517.3,74385.0,213029.519,0.05195648207989967,-291000000.0,14180000.0,3.763874837252601,3.8828827581303496,-0.5408999999999999,-0.0037386569872959,True
2026-04-14 00:00:00+00:00,74384.9,76009.0,73766.8,74106.9,183261.49,-0.0037386569872959186,411400000.0,128280000.0,6.4061792853364885,6.027720690927791,-0.5234,0.0090315476696503,True
2026-04-15 00:00:00+00:00,74106.9,75425.6,73449.0,74776.2,131029.771,0.009031547669650308,186100000.0,184280000.0,3.518246694056426,3.672767480038715,-0.7151,0.0044211928394328,True
2026-04-16 00:00:00+00:00,74776.3,75500.0,73256.8,75106.8,158397.725,0.004421192839432875,26100000.0,117880000.0,1.1709245074364991,2.1292375704455577,-0.2224999999999999,0.0256141920571773,True
2026-04-17 00:00:00+00:00,75106.8,78300.0,74480.0,77030.6,239395.915,0.0256141920571773,663900000.0,199300000.0,3.3747664521488474,4.3722518414745135,-1.0789,-0.0161039898429974,True
2026-04-18 00:00:00+00:00,77030.6,77380.0,75395.9,75653.8,105894.391,-0.01787341653836272,,,,,,,False
2026-04-19 00:00:00+00:00,75653.8,76200.0,73700.2,73758.4,128978.211,-0.025053599422633188,,,,,,,False
2026-04-20 00:00:00+00:00,73758.4,76531.0,73669.0,75790.1,166149.667,0.02754533720905017,238400000.0,305180000.0,3.1500124536898437,4.382417519239549,-0.2745,0.0065720984666861,True
2026-04-21 00:00:00+00:00,75790.1,76999.0,74777.9,76288.2,164760.987,0.00657209846668616,11800000.0,225260000.0,1.6283241950243443,3.0448913728123306,-0.4241999999999999,0.0242711192556648,True
2026-04-22 00:00:00+00:00,76288.3,79444.0,76078.6,78139.8,191087.096,0.02427111925566483,335800000.0,255200000.0,3.874480146199844,3.1690961644301647,-0.0749,0.0009854133233,True
2026-04-23 00:00:00+00:00,78139.7,78648.0,76504.6,78216.8,172485.012,0.000985413323300044,223300000.0,294640000.0,3.046354163207532,3.0759974291340773,-0.6696,-0.0105015802231747,True
2026-04-24 00:00:00+00:00,78217.4,78546.0,77206.8,77395.4,127783.005,-0.010501580223174711,14400000.0,164740000.0,3.1858102179138648,3.050268838819814,-0.3152,-0.0008295066631867,True
2026-04-25 00:00:00+00:00,77395.3,77847.0,77100.0,77585.0,46592.486,0.002449757995953261,,,,,,,False
2026-04-26 00:00:00+00:00,77585.0,78994.8,77280.0,78613.5,79943.305,0.013256428433331191,,,,,,,False
2026-04-27 00:00:00+00:00,78614.4,79455.0,76400.0,77331.2,169100.883,-0.016311447779325472,-263200000.0,64420000.0,-0.8918033193705543,0.2956613022791117,-0.5678,-0.0133594202598691,True
2026-04-28 00:00:00+00:00,77331.2,77450.0,75635.6,76298.1,103918.877,-0.013359420259869137,-89700000.0,44120000.0,-3.2458869386053912,-1.1745470221397971,0.5242,-0.0071849757726603,True
2026-04-29 00:00:00+00:00,76298.2,77873.2,74868.0,75749.9,186533.503,-0.007184975772660307,-137600000.0,-50560000.0,-3.578780680917326,-2.5821209744826548,0.3571,0.0073333430143143,True
2026-04-30 00:00:00+00:00,75749.9,76630.3,75273.5,76305.4,99754.46,0.00733334301431432,23500000.0,-90520000.0,-5.342741658205252,-4.209113075611207,-0.2904,0.0247243314365694,True
2026-05-01 00:00:00+00:00,76305.4,78879.9,76265.4,78192.0,152998.306,0.02472433143656949,629800000.0,32560000.0,0.3732529493061243,-1.6973968554547432,-0.3143,0.0208985573971762,True
2026-05-02 00:00:00+00:00,78191.9,79145.0,77979.3,78652.9,51441.108,0.005894464906895713,,,,,,,False
2026-05-03 00:00:00+00:00,78652.8,79428.9,78027.0,78529.0,72033.621,-0.001575275673242782,,,,,,,False
2026-05-04 00:00:00+00:00,78529.0,80771.7,78128.3,79826.1,280916.582,0.0165174648855837,532300000.0,191660000.0,-1.0818796306233391,-0.9035586326904914,-0.316,0.0129757059407886,True
2026-05-05 00:00:00+00:00,79826.1,81745.4,79761.2,80861.9,170921.528,0.012975705940788673,467300000.0,303060000.0,0.2719221135949468,0.3214361349749654,-0.824,0.006532124523416,True
2026-05-06 00:00:00+00:00,80861.9,82828.7,80651.2,81390.1,158200.508,0.006532124523416005,46200000.0,339820000.0,-1.0939628109107868,-0.4391404031763024,-0.3756,-0.0174554399122253,True
2026-05-07 00:00:00+00:00,81390.0,81680.6,79461.5,79969.4,134727.652,-0.017455439912225312,-268500000.0,281420000.0,-0.0774941879355672,-0.6767740757347243,-0.3014,0.0023233886961764,True
2026-05-08 00:00:00+00:00,79969.5,80478.0,79137.4,80155.2,106762.913,0.0023233886961764316,-145700000.0,126320000.0,-0.5424402103060277,-1.1556111335784174,-0.1542,0.0192613829171408,True
2026-05-09 00:00:00+00:00,80155.2,81043.2,80080.0,80634.0,55957.334,0.005973411581531973,,,,,,,False
2026-05-10 00:00:00+00:00,80634.0,82460.5,80225.1,82177.7,94950.803,0.01914452960289692,,,,,,,False
2026-05-11 00:00:00+00:00,82177.7,82350.0,80394.0,81699.1,121990.421,-0.005823964408835813,27200000.0,25300000.0,-2.274127124807235,-2.272001665047189,0.4555,-0.0151543897056394,True
2026-05-12 00:00:00+00:00,81699.1,81757.3,79801.0,80461.0,121313.956,-0.015154389705639426,-233300000.0,-114820000.0,-2.453279923462226,-3.2418289398856994,0.5822,-0.0145747629286238,True
2026-05-13 00:00:00+00:00,80461.0,81270.2,78713.8,79288.3,139700.645,-0.014574762928623808,-630400000.0,-250140000.0,-3.196172762783833,-3.5305374599474875,0.1749,0.0222050416013459,True
2026-05-14 00:00:00+00:00,79288.2,81999.0,78869.4,81048.9,175883.625,0.022205041601345954,131300000.0,-170180000.0,-1.3071897036864843,-2.4951770477311954,0.4094,-0.0243667711714778,True
2026-05-15 00:00:00+00:00,81048.8,81623.8,78610.0,79074.0,153823.505,-0.024366771171477897,-290400000.0,-199120000.0,-6.914142404285117,-3.088031622621955,0.1548,-0.0266939828515062,True
2026-05-16 00:00:00+00:00,79074.0,79199.7,77601.8,78104.2,86150.451,-0.012264461137668548,,,,,,,False
2026-05-17 00:00:00+00:00,78104.3,78564.3,76666.0,77430.4,86217.669,-0.00862693683566318,,,,,,,False
2026-05-18 00:00:00+00:00,77430.4,77757.5,76014.2,76963.2,178363.499,-0.006033805843699613,-648600000.0,-334280000.0,-7.517999238200179,-6.904987578845261,0.7177999999999999,-0.002121793272629,True
2026-05-19 00:00:00+00:00,76963.2,77384.6,76107.1,76799.9,99046.639,-0.002121793272629069,-331100000.0,-353840000.0,-8.704439003591746,-9.079359728746269,0.5563,0.0092500120442866,True
2026-05-20 00:00:00+00:00,76800.0,77825.8,76485.0,77510.3,107607.406,0.00925001204428666,-70500000.0,-241860000.0,-9.830794033903745,-10.48866709514193,0.6858,0.0009792246965887,True
2026-05-21 00:00:00+00:00,77510.3,78180.0,76696.7,77586.2,117095.161,0.000979224696588732,-100900000.0,-288300000.0,-8.74825034993143,-10.2469622962439,0.613,-0.0267199579306628,True
2026-05-22 00:00:00+00:00,77586.3,77862.7,75322.0,75513.1,116206.213,-0.02671995793066284,-105200000.0,-251260000.0,-12.654306687229775,-11.395589964249922,0.2890999999999999,0.0051964493577933,True
2026-05-23 00:00:00+00:00,75513.1,77427.0,74203.6,76715.2,153827.753,0.015919092184005113,,,,,,,False
2026-05-24 00:00:00+00:00,76715.3,77600.0,76056.0,77030.3,91134.277,0.004107399837320447,,,,,,,False
2026-05-25 00:00:00+00:00,77030.3,77887.9,76871.4,77281.5,76708.408,0.0032610544162492427,,,,,,,False
2026-05-26 00:00:00+00:00,77281.5,78077.1,75641.2,75905.5,164920.082,-0.017805037428103798,-333600000.0,-188260000.0,-13.6849711991327,-13.009595963802964,0.5776,-0.0195954179868388,True
2026-05-27 00:00:00+00:00,75905.6,76155.5,74210.0,74418.1,144715.461,-0.019595417986838837,-733400000.0,-268720000.0,-17.907488720513285,-17.467609100147484,0.9914,-0.0111088565819338,True
2026-05-28 00:00:00+00:00,74418.0,74565.3,72556.0,73591.4,179445.677,-0.011108856581933835,-223300000.0,-299280000.0,-14.256119230329212,-17.17803084371583,1.0,-0.0022176504319797,True
2026-05-29 00:00:00+00:00,73591.4,74293.1,72436.0,73428.2,146157.182,-0.002217650431979745,-125300000.0,-304160000.0,-12.797304902016917,-15.053622100654566,0.6702,-0.0277372998384816,True
2026-05-30 00:00:00+00:00,73428.2,74108.8,73130.1,73856.8,52543.686,0.005836994506198012,,,,,,,False
2026-05-31 00:00:00+00:00,73856.9,74250.0,73340.7,73653.2,58241.459,-0.0027566859111145536,,,,,,,False
2026-06-01 00:00:00+00:00,73653.2,74070.5,70650.9,71391.5,213471.128,-0.030707423438492754,-483800000.0,-379880000.0,-13.230843774374446,-14.704637880000917,1.0,-0.0652948880468963,True
2026-06-02 00:00:00+00:00,71391.5,71397.0,66150.7,66730.0,346702.152,-0.06529488804689632,-519100000.0,-416980000.0,-15.35031844271506,-16.4938025983187,0.8344999999999999,-0.0391473100554473,True
2026-06-03 00:00:00+00:00,66730.1,67493.8,64050.8,64117.7,310901.538,-0.03914731005544736,-396600000.0,-349620000.0,-16.018957715407957,-15.288173898966678,1.0,-0.0041221066881687,True
2026-06-04 00:00:00+00:00,64117.7,64739.8,61344.8,63853.4,431174.611,-0.004122106688168703,3200000.0,-304320000.0,-12.517611451274837,-12.237302295787927,-0.1077,-0.0443421963434993,True
2026-06-05 00:00:00+00:00,63853.4,63955.0,59080.0,61022.0,478161.885,-0.04434219634349934,-325700000.0,-344400000.0,-4.007765270412911,-8.77657928119252,-0.0863,0.0333633771426697,True
2026-06-06 00:00:00+00:00,61022.0,61500.0,59451.3,60849.7,174760.843,-0.0028235718265543497,,,,,,,False
2026-06-07 00:00:00+00:00,60849.7,64250.0,60708.0,63298.5,217479.033,0.040243419441673645,,,,,,,False
2026-06-08 00:00:00+00:00,63299.0,64179.5,62377.0,63057.9,184441.053,-0.0038010379392876548,-91400000.0,-265920000.0,-3.647402537393374,-5.580708068819764,0.0121999999999999,-0.0216134695256264,True
2026-06-09 00:00:00+00:00,63057.9,63499.9,60755.0,61695.0,221399.474,-0.021613469525626483,-77400000.0,-177580000.0,-7.160213834439544,-6.642691484233937,0.0605999999999999,-0.0034249128778669,True
2026-06-10 00:00:00+00:00,61694.9,62840.2,60691.9,61483.7,193054.264,-0.003424912877866948,-213900000.0,-141040000.0,-10.003090504639989,-8.670082840949815,0.2542,0.0343863495528082,True
2026-06-11 00:00:00+00:00,61483.6,63915.3,61483.6,63597.9,193994.574,0.03438634955280828,-22500000.0,-146180000.0,-9.834031659075038,-11.270995163224123,0.2736,-0.000800340891759,True
2026-06-12 00:00:00+00:00,63598.0,64362.6,62800.0,63547.0,145723.782,-0.000800340891759066,85900000.0,-63860000.0,-6.539791358950442,-10.200582572841984,0.0839999999999999,0.0431003823941333,True
2026-06-13 00:00:00+00:00,63547.0,64738.0,63360.0,64418.2,76161.387,0.013709537822399032,,,,,,,False
2026-06-14 00:00:00+00:00,64418.3,65775.0,63650.0,65702.1,116733.458,0.01993070281380116,,,,,,,False
2026-06-15 00:00:00+00:00,65702.1,67255.4,65314.3,66285.9,167952.941,0.008885560735501397,-64800000.0,-58540000.0,-7.830692999746258,-6.101032010484933,-0.6079,-0.0096717401438313,True
2026-06-16 00:00:00+00:00,66285.9,66956.7,65328.8,65644.8,129106.426,-0.00967174014383132,10200000.0,-41020000.0,-8.887703252727919,-7.8127746286066335,0.0246,-0.01785213756459,True
2026-06-17 00:00:00+00:00,65644.8,66419.2,63881.2,64472.9,199486.299,-0.01785213756459003,,,,,,,False
