record_type,date,symbol,open,high,low,close,volume,prev_close,history_days,quote_notional,prior_median_notional_30d,max_drop,recovery_raw,sma200,above_sma200,next_date,next_open,next_high,next_low,next_close,next_open_close_ret,has_next_daily_bar,btc_close,btc_sma200,btc_above_sma200,universe_size,selection_rank,signal_date,entry_date,gross_ret,net_ret,next_mae,next_mfe,ranking,period,selected
candidate_event,2024-10-15,1000SATS,0.0003008,0.0003086,0.0002742,0.0002881,1022299888854.0,0.0003008,308.0,294524597.97883743,209293384.12945852,-0.0884308510638297,0.5225563909774441,0.0002879325,True,2024-10-16,0.0002881,0.0002919,0.0002716,0.0002788,-0.032280458174245,True,67044.1,63333.281500000005,True,119.0,1.0,2024-10-15,2024-10-16,-0.032280458174245,-0.033280458174245,-0.0572717806317252,0.0131898646303365,liquidity,development,1.0
candidate_event,2024-12-05,1000SATS,0.000304,0.0003129,0.0002823,0.0002974,713347720596.0,0.0003039,359.0,212149612.1052504,198336601.17611545,-0.0710760118460021,0.6990740740740748,0.0002675354999999,True,2024-12-06,0.0002975,0.0003094,0.0002871,0.0003,0.0084033613445375,True,97001.5,67658.52649999999,True,190.0,,,,,,,,,,0.0
candidate_event,2021-10-31,1INCH,4.6989,4.7079,4.3036,4.5755,38602147.0,4.6989,303.0,176624123.59849998,130312999.7916,-0.0841260720594181,0.6878320263091316,3.406609,True,2021-11-01,4.576,4.6785,4.23,4.5692,-0.0014860139860137,True,61348.61,45273.45189999999,True,70.0,,,,,,,,,,0.0
candidate_event,2021-11-01,1INCH,4.576,4.6785,4.23,4.5692,32538108.0,4.5755,304.0,148673123.07360002,130312999.7916,-0.0755108731286197,0.9817655571635324,3.398953,True,2021-11-02,4.5692,4.765,4.4001,4.6291,0.0131095158889957,True,60942.87,45262.003500000006,True,70.0,2.0,2021-11-01,2021-11-02,0.0131095158889957,0.0121095158889957,-0.0370086667250284,0.0428521404184538,liquidity,development,1.0
candidate_event,2023-11-07,1INCH,0.3586,0.3586,0.3334,0.3466,77883972.0,0.3585,1040.0,26994584.6952,16719724.25895,-0.0700139470013947,0.525896414342631,0.31593,True,2023-11-08,0.3466,0.4212,0.3405,0.3656,0.0548182342758221,True,35406.5,28459.719,True,98.0,,,,,,,,,,0.0
candidate_event,2023-11-14,1INCH,0.3566,0.3642,0.33,0.3498,84968691.0,0.3565,1047.0,29722048.1118,24658767.80165,-0.0743338008415146,0.747169811320755,0.3117419999999999,True,2023-11-15,0.3499,0.3732,0.3479,0.3718,0.0625893112317805,True,35559.0,28747.954500000003,True,115.0,,,,,,,,,,0.0
candidate_event,2023-11-18,1INCH,0.3557,0.3559,0.3271,0.3506,63802091.0,0.3557,1051.0,22369013.1046,28970559.7179,-0.0804048355355637,0.821678321678322,0.309523,True,2023-11-19,0.3506,0.3686,0.3418,0.3664,0.045065601825442,True,36580.9,28908.5435,True,119.0,,,,,,,,,,0.0
candidate_event,2023-12-18,1INCH,0.3658,0.3686,0.337,0.3615,64019203.0,0.3659,1081.0,23142941.8845,20880371.9948,-0.0789833287783546,0.8477508650519024,0.302767,True,2023-12-19,0.3615,0.37,0.3526,0.3567,-0.0132780082987551,True,42671.7,30843.7285,True,122.0,,,,,,,,,,0.0
candidate_event,2024-01-08,1INCH,0.4193,0.4442,0.3797,0.4442,174851772.0,0.4193,1102.0,77669157.1224,27053805.54335,-0.0944431194848557,1.6287878787878778,0.31646,True,2024-01-09,0.4442,0.455,0.3995,0.4139,-0.0682125168842863,True,46972.7,32606.7745,True,126.0,,,,,,,,,,0.0
candidate_event,2024-01-19,1INCH,0.4257,0.4276,0.3941,0.4159,64988852.0,0.4257,1113.0,27028863.5468,38965067.2738,-0.0742306788818417,0.6898734177215182,0.32408,True,2024-01-20,0.4158,0.4256,0.4084,0.4248,0.0216450216450216,True,41662.2,33316.779500000004,True,125.0,,,,,,,,,,0.0
candidate_event,2024-01-23,1INCH,0.3824,0.3892,0.3505,0.3722,79987629.0,0.3825,1117.0,29771395.5138,38965067.2738,-0.0836601307189542,0.6781249999999993,0.3258119999999999,True,2024-01-24,0.3722,0.383,0.3667,0.3812,0.0241805480924235,True,39890.0,33523.1895,True,124.0,,,,,,,,,,0.0
candidate_event,2024-02-20,1INCH,0.4622,0.4698,0.4191,0.4456,83227162.0,0.4622,1145.0,37086023.3872,16954575.93135,-0.0932496754651666,0.614849187935035,0.338117,True,2024-02-21,0.4457,0.4482,0.4177,0.4353,-0.0233340812205519,True,52297.4,35792.735,True,106.0,,,,,,,,,,0.0
candidate_event,2024-02-28,1INCH,0.4887,0.5173,0.4523,0.5016,136940928.0,0.4885,1153.0,68689569.48480001,20067455.1663,-0.0741044012282498,1.3618784530386754,0.345008,True,2024-02-29,0.5016,0.539,0.4922,0.5105,0.0177432216905899,True,62487.9,36775.033,True,124.0,,,,,,,,,,0.0
candidate_event,2024-03-08,1INCH,0.6328,0.6357,0.5811,0.6079,54551858.0,0.6328,1162.0,33162074.4782,31360974.55175,-0.0817003792667511,0.5183752417794972,0.359295,True,2024-03-09,0.6078,0.6316,0.6,0.6241,0.0268180322474498,True,68180.2,38447.168,True,143.0,,,,,,,,,,0.0
candidate_event,2024-03-12,1INCH,0.6628,0.6665,0.6012,0.6599,69249404.0,0.6628,1166.0,45697681.6996,33141213.3751,-0.0929390464695232,0.9529220779220796,0.3672705,True,2024-03-13,0.66,0.7051,0.6507,0.6849,0.0377272727272726,True,71503.2,39328.863000000005,True,149.0,,,,,,,,,,0.0
candidate_event,2024-04-10,1INCH,0.5767,0.5846,0.5362,0.5647,45263328.0,0.5768,1195.0,25560201.3216,22632039.5182,-0.070388349514563,0.7019704433497534,0.4154965,True,2024-04-11,0.5647,0.5684,0.5414,0.5521,-0.0223127324242959,True,70681.7,45441.989,True,154.0,,,,,,,,,,0.0
candidate_event,2024-12-03,1INCH,0.4891,0.517,0.4499,0.5112,183413503.0,0.4892,1432.0,93760982.7336,25153997.2008,-0.080335241210139,1.559796437659032,0.331674,True,2024-12-04,0.5112,0.5511,0.5002,0.5227,0.0224960876369328,True,95913.3,67345.7915,True,183.0,,,,,,,,,,0.0
candidate_event,2025-01-08,1INCH,0.3908,0.3957,0.3628,0.3822,58038626.0,0.3908,1468.0,22182362.8572,26741721.513,-0.0716479017400204,0.6928571428571426,0.3328609999999999,True,2025-01-09,0.3822,0.3927,0.3729,0.3866,0.011512297226583,True,95014.1,72801.88,True,176.0,,,,,,,,,,0.0
candidate_event,2025-07-22,1INCH,0.3169,0.3183,0.2945,0.3122,92664805.0,0.317,1663.0,28929952.121,17416476.80495,-0.0709779179810726,0.7866666666666656,0.2389575,True,2025-07-23,0.3123,0.3142,0.275,0.2832,-0.0931796349663784,True,119993.7,98013.1785,True,131.0,,,,,,,,,,0.0
candidate_event,2025-07-24,1INCH,0.2832,0.2874,0.263,0.2736,76493400.0,0.2832,1665.0,20928594.24,19180241.5571,-0.0713276836158192,0.5247524752475248,0.2374605,True,2025-07-25,0.2735,0.28,0.2654,0.2795,0.0219378427787935,True,118294.3,98215.6505,True,135.0,,,,,,,,,,0.0
candidate_event,2025-07-30,1INCH,0.2737,0.2749,0.2499,0.2645,49539603.0,0.2736,1671.0,13103224.9935,20400693.282,-0.0866228070175438,0.6160337552742617,0.2339009999999999,True,2025-07-31,0.2645,0.2718,0.2478,0.2488,-0.0593572778827977,True,117771.0,98879.3845,True,150.0,,,,,,,,,,0.0
candidate_event,2023-03-03,AAVE,79.97,79.98,72.85,76.85,753306.4,79.97,791.0,57891596.84,55309777.84899999,-0.0890333875203202,0.5617977528089884,75.00605,True,2023-03-04,76.84,77.48,73.7,75.28,-0.0203019260801665,True,22342.8,19717.018,True,97.0,,,,,,,,,,0.0
candidate_event,2023-11-09,AAVE,100.39,110.0,92.0,100.84,2486404.5,100.38,1042.0,250729029.78,76262579.39649999,-0.0834827654911336,1.054892601431982,66.22194999999999,True,2023-11-10,100.83,100.99,95.36,100.37,-0.0045621342854308,True,36719.5,28544.534,True,102.0,,,,,,,,,,0.0
candidate_event,2023-11-14,AAVE,92.91,95.52,85.06,90.8,812847.1,92.94,1047.0,73806516.67999999,90260113.2145,-0.0847858833656122,0.7284263959390861,66.85645000000001,True,2023-11-15,90.8,95.86,90.08,95.49,0.0516519823788546,True,35559.0,28747.954500000003,True,115.0,,,,,,,,,,0.0
candidate_event,2024-01-09,AAVE,99.02,99.26,91.82,96.43,665545.2,99.01,1103.0,64178523.636,93737369.732,-0.0726189273810727,0.6411682892906824,77.47835,True,2024-01-10,96.43,110.21,96.0,106.99,0.1095094887483147,True,46114.0,32683.9775,True,125.0,,,,,,,,,,0.0
candidate_event,2024-01-23,AAVE,91.74,93.54,84.22,89.57,582583.8,91.72,1117.0,52182030.966,79048399.2265,-0.0817706061927605,0.7133333333333326,79.7062,True,2024-01-24,89.59,90.71,88.27,89.95,0.0040183056144658,True,39890.0,33523.1895,True,124.0,,,,,,,,,,0.0
candidate_event,2024-02-28,AAVE,104.89,108.94,96.0,104.53,1221170.2,104.9,1153.0,127648921.006,58698593.5515,-0.0848427073403241,0.9584269662921344,83.46969999999999,True,2024-02-29,104.53,115.05,103.11,105.88,0.0129149526451735,True,62487.9,36775.033,True,124.0,,,,,,,,,,0.0
candidate_event,2024-03-14,AAVE,142.84,146.1,132.02,139.55,903375.6,142.81,1168.0,126066064.98,88056486.5195,-0.0755549331279321,0.697868396663578,88.45405000000001,True,2024-03-15,139.57,141.78,122.0,129.25,-0.0739413914164934,True,71455.5,39791.3185,True,151.0,,,,,,,,,,0.0
candidate_event,2024-03-22,AAVE,123.45,125.24,114.59,119.05,613190.9,123.45,1176.0,73000376.645,114682813.7425,-0.071769947347104,0.503386004514672,91.05745,True,2024-03-23,119.05,124.78,118.11,121.48,0.0204115917681646,True,63826.0,41390.1935,True,154.0,,,,,,,,,,0.0
candidate_event,2024-11-10,AAVE,195.29,198.86,181.5,190.19,1341957.1,195.3,1409.0,255226820.849,90243842.923,-0.0706605222734255,0.6297101449275355,116.25395,True,2024-11-11,190.21,195.4,183.29,193.66,0.0181378476420797,True,80410.0,63779.99600000001,True,114.0,2.0,2024-11-10,2024-11-11,0.0181378476420797,0.0171378476420797,-0.0363808422270123,0.0272856316702592,liquidity,development,1.0
candidate_event,2024-11-24,AAVE,174.51,183.8,160.0,171.29,1250312.1,174.52,1423.0,214165959.609,146356739.998,-0.0831996332798533,0.7775482093663901,121.98345,True,2024-11-25,171.27,190.09,166.0,181.54,0.0599637998481927,True,97960.4,65891.7095,True,149.0,,,,,,,,,,0.0
candidate_event,2024-11-26,AAVE,181.55,184.46,165.55,181.75,1444783.9,181.54,1425.0,262589473.825,161780660.04299998,-0.0880797620359148,1.01313320825516,122.9319,True,2024-11-27,181.75,211.0,180.72,210.66,0.1590646492434662,True,92021.4,66197.9955,True,164.0,,,,,,,,,,0.0
candidate_event,2025-01-19,AAVE,315.4,348.19,292.47,309.27,1984077.0,315.39,1479.0,613615493.79,294541121.094,-0.072671929991439,0.7329842931937166,180.79225,True,2025-01-20,309.28,365.46,296.33,337.37,0.0908238489394723,True,101311.5,74803.5695,True,160.0,,,,,,,,,,0.0
candidate_event,2025-01-27,AAVE,316.31,320.26,287.48,304.88,1267482.0,316.35,1487.0,386429912.16,278267818.88549995,-0.0912596807333649,0.6027017665396597,190.8043,True,2025-01-28,304.9,307.62,280.0,283.95,-0.068711052804198,True,102021.3,76666.3335,True,153.0,,,,,,,,,,0.0
candidate_event,2025-02-04,AAVE,276.3,278.19,248.9,271.99,1583378.4,276.29,1495.0,430663091.016,273004681.38600004,-0.0991349668826233,0.8430083972252643,198.4164,True,2025-02-05,272.0,283.13,255.85,259.57,-0.0456985294117647,True,97709.9,78202.14349999999,True,161.0,1.0,2025-02-04,2025-02-05,-0.0456985294117647,-0.0466985294117647,-0.059375,0.0409191176470589,liquidity,development,1.0
candidate_event,2025-05-19,AAVE,231.97,249.85,211.8,247.68,1590030.0,231.97,1599.0,393818630.4,192171180.2795,-0.0869508988231236,1.7788795240456132,228.8036,True,2025-05-20,247.69,270.49,246.31,259.3,0.0468731075134241,True,105531.6,92790.185,True,133.0,2.0,2025-05-19,2025-05-20,0.0468731075134241,0.0458731075134241,-0.0055714804796317,0.0920505470547863,liquidity,development,1.0
candidate_event,2024-12-02,ACE,3.1225,3.3048,2.8895,3.2879,8736479.06,3.1241,350.0,28724669.501374003,21093775.979347,-0.0750936269645657,1.6982097186700778,2.9341515,True,2024-12-03,3.2879,3.44,3.0,3.4006,0.0342771982116243,True,95890.5,67201.125,True,182.0,,,,,,,,,,0.0
candidate_event,2024-12-03,ACE,3.2879,3.44,3.0,3.4006,10500296.3,3.2879,351.0,35707307.597780004,22572368.298403,-0.0875634903737948,1.3914553664466822,2.9266365000000003,True,2024-12-04,3.4007,3.7473,3.3207,3.4312,0.0089687417296437,True,95913.3,67345.7915,True,183.0,,,,,,,,,,0.0
candidate_event,2023-11-26,ACH,0.02112,0.0214,0.01954,0.02046,612193543.0,0.02112,277.0,12525479.88978,19163968.43479,-0.0748106060606061,0.5822784810126581,0.01849705,True,2023-11-27,0.02046,0.02065,0.01933,0.01987,-0.0288367546432062,True,37437.9,29262.283,True,120.0,,,,,,,,,,0.0
candidate_event,2023-12-18,ACH,0.02044,0.02062,0.01855,0.0199,942083650.0,0.02044,299.0,18747464.635,15759588.79481,-0.0924657534246574,0.7142857142857149,0.01788565,True,2023-12-19,0.01989,0.02103,0.0197,0.01983,-0.0030165912518854,True,42671.7,30843.7285,True,122.0,,,,,,,,,,0.0
candidate_event,2023-12-26,ACH,0.02286,0.02352,0.021,0.02301,1135162000.0,0.02286,307.0,26120077.62,16446479.004440002,-0.0813648293963253,1.0806451612903232,0.01773645,True,2023-12-27,0.02301,0.02484,0.02186,0.02328,0.0117340286831812,True,42538.5,31509.655999999995,True,127.0,,,,,,,,,,0.0
candidate_event,2024-01-05,ACH,0.01982,0.02005,0.01824,0.01923,678400579.0,0.01983,317.0,13045643.13417,16807021.38312,-0.0801815431164901,0.6226415094339627,0.01782075,True,2024-01-06,0.01923,0.01951,0.01791,0.01914,-0.0046801872074883,True,44145.4,32373.3135,True,128.0,,,,,,,,,,0.0
candidate_event,2024-01-08,ACH,0.01804,0.01885,0.01644,0.01864,783935402.0,0.01803,320.0,14612555.89328,16446479.004440002,-0.0881863560732113,1.3836477987421378,0.01777525,True,2024-01-09,0.01865,0.01911,0.01696,0.01769,-0.0514745308310991,True,46972.7,32606.7745,True,126.0,,,,,,,,,,0.0
candidate_event,2024-03-02,ACH,0.030303,0.030569,0.028102,0.0295,597485846.0,0.030308,374.0,17625832.457,13190940.7640495,-0.072786063085654,0.6337262012692647,0.018245005,True,2024-03-03,0.029495,0.029841,0.025444,0.028813,-0.023122563146296,True,62039.9,37263.894,True,130.0,,,,,,,,,,0.0
candidate_event,2024-03-08,ACH,0.033999,0.03468,0.030729,0.032732,1587812614.0,0.033999,380.0,51972282.481448,21435935.965565503,-0.0961792993911586,0.6125382262996931,0.0187017799999999,True,2024-03-09,0.032733,0.034477,0.03259,0.033291,0.0170470167720648,True,68180.2,38447.168,True,143.0,,,,,,,,,,0.0
candidate_event,2024-03-15,ACH,0.049109,0.051738,0.044223,0.047141,4915470664.0,0.049106,387.0,231720202.571624,30332728.3530355,-0.0994379505559401,0.5975834527954137,0.019611415,True,2024-03-16,0.04714,0.048982,0.038392,0.03956,-0.1607976240984302,True,69552.2,40008.547,True,152.0,,,,,,,,,,0.0
candidate_event,2024-03-20,ACH,0.033943,0.038633,0.031541,0.037792,1114934045.0,0.033945,392.0,42135587.42864,36732977.750937,-0.0708204448372368,2.6002495840266184,0.020230855,True,2024-03-21,0.037795,0.040429,0.036952,0.038876,0.0286016668871542,True,67876.4,41002.2445,True,154.0,,,,,,,,,,0.0
candidate_event,2024-04-16,ACH,0.027784,0.029699,0.025631,0.028705,2061713022.0,0.027782,419.0,59181472.29651,27873475.041952,-0.0774242315168094,1.4291027429102745,0.02302346,True,2024-04-17,0.028705,0.03064,0.026963,0.028899,0.0067584044591535,True,63765.0,46616.546,True,153.0,,,,,,,,,,0.0
candidate_event,2024-04-19,ACH,0.030169,0.035155,0.027797,0.032303,1781610546.0,0.030168,422.0,57551365.467438,27873475.041952,-0.0785932113497746,1.9004639392661309,0.02324921,True,2024-04-20,0.032306,0.036838,0.03199,0.03486,0.0790565220082957,True,63787.4,47146.931,True,153.0,,,,,,,,,,0.0
candidate_event,2024-05-01,ACH,0.029223,0.029829,0.02704,0.028708,699997363.0,0.02923,434.0,20095524.297004,28247190.499194,-0.0749230242901127,0.7616438356164389,0.02443514,True,2024-05-02,0.0287,0.029533,0.027638,0.028838,0.004808362369338,True,58307.6,49327.81800000001,True,153.0,,,,,,,,,,0.0
candidate_event,2024-05-23,ACH,0.030836,0.032015,0.028225,0.030479,676258306.0,0.030839,456.0,20611676.908574,14666769.0809495,-0.0847628003502058,0.8622800306044378,0.02585717,True,2024-05-24,0.03047,0.030738,0.028801,0.029947,-0.0171644240236297,True,67999.9,52849.096,True,129.0,,,,,,,,,,0.0
candidate_event,2024-11-26,ACH,0.027341,0.028802,0.025275,0.026824,783088855.0,0.027344,643.0,21005575.44652,11665877.3995665,-0.0756655939145699,0.7486708554857423,0.022273325,True,2024-11-27,0.026826,0.029965,0.026346,0.029636,0.1047491239841944,True,92021.4,66197.9955,True,164.0,,,,,,,,,,0.0
candidate_event,2024-12-02,ACH,0.030635,0.031728,0.028359,0.031656,661922691.0,0.030638,649.0,20953824.706296,12189898.255309,-0.0743847509628565,1.4466871434839834,0.02239343,True,2024-12-03,0.03166,0.034896,0.030879,0.034739,0.0972520530638028,True,95890.5,67201.125,True,182.0,,,,,,,,,,0.0
candidate_event,2024-12-10,ACH,0.02912,0.030173,0.026267,0.02858,722564470.0,0.029123,657.0,20650892.5526,15055046.486244,-0.0980668200391443,0.8098739495798326,0.022562115,True,2024-12-11,0.028583,0.032312,0.027327,0.031673,0.1081062169821223,True,96602.4,68395.6005,True,194.0,,,,,,,,,,0.0
candidate_event,2025-01-08,ACH,0.023922,0.024243,0.022131,0.023224,425572815.0,0.023917,686.0,9883503.05556,10971313.480543502,-0.0746749174227536,0.6119820828667416,0.022512825,True,2025-01-09,0.023226,0.023835,0.022065,0.022623,-0.0259622836476361,True,95014.1,72801.88,True,176.0,,,,,,,,,,0.0
candidate_event,2025-04-30,ACH,0.02665,0.027598,0.024717,0.027106,689524910.0,0.026651,798.0,18690262.21046,19984563.543866,-0.0725676334846723,1.235263702171665,0.02591033,True,2025-05-01,0.027106,0.02954,0.026806,0.027772,0.0245702058584815,True,94125.1,89661.04849999999,True,115.0,2.0,2025-04-30,2025-05-01,0.0245702058584815,0.0235702058584815,-0.0110676602966133,0.0897956172065224,liquidity,development,1.0
candidate_event,2021-08-15,ADA,2.1902,2.257,2.03,2.1691,1008182636.0,2.1901,226.0,2186848955.7476,573154056.20005,-0.073101684854573,0.8688319800124903,1.2959428000000002,True,2021-08-16,2.1691,2.1988,2.0454,2.073,-0.0443040892536074,True,47006.02,45401.0728,True,69.0,2.0,2021-08-15,2021-08-16,-0.0443040892536074,-0.0453040892536074,-0.0570282605688995,0.0136923147849339,liquidity,development,1.0
candidate_event,2023-11-07,ADA,0.3628,0.366,0.3337,0.3514,1036160252.0,0.3628,1040.0,364106712.5528,122903997.60885,-0.0802094818081587,0.6082474226804119,0.3008909999999999,True,2023-11-08,0.3513,0.3605,0.3486,0.3579,0.0187873612297182,True,35406.5,28459.719,True,98.0,2.0,2023-11-07,2023-11-08,0.0187873612297182,0.0177873612297182,-0.0076857386848846,0.0261884429262737,liquidity,development,1.0
candidate_event,2023-12-14,ADA,0.6683,0.6815,0.608,0.6436,1716693370.0,0.6683,1077.0,1104863852.932,257929326.93635,-0.0902289390992069,0.5903814262023209,0.309653,True,2023-12-15,0.6435,0.6543,0.5997,0.6008,-0.0663558663558663,True,43032.4,30549.153,True,119.0,2.0,2023-12-14,2023-12-15,-0.0663558663558663,-0.0673558663558663,-0.068065268065268,0.0167832167832169,liquidity,development,1.0
candidate_event,2024-02-21,ADA,0.6222,0.6242,0.5748,0.599,656429054.0,0.6222,1146.0,393201003.346,282065724.8905,-0.0761812921890067,0.510548523206751,0.3957505,True,2024-02-22,0.599,0.6087,0.5811,0.5863,-0.0212020033388981,True,51877.8,35906.8355,True,107.0,2.0,2024-02-21,2024-02-22,-0.0212020033388981,-0.0222020033388981,-0.0298831385642738,0.0161936560934892,liquidity,development,1.0
candidate_event,2024-03-03,ADA,0.7424,0.7434,0.68,0.7288,717316478.0,0.7424,1157.0,522780249.1664,332320309.9586,-0.0840517241379309,0.7820512820512826,0.415154,True,2024-03-04,0.7288,0.8,0.7241,0.7707,0.0574917672886938,True,63178.5,37436.2145,True,132.0,,,,,,,,,,0.0
candidate_event,2024-03-12,ADA,0.7767,0.7777,0.7034,0.7488,855233084.0,0.7766,1166.0,640398533.2992,418591389.5871,-0.0942570177697655,0.6202185792349733,0.436544,True,2024-03-13,0.7487,0.7744,0.7365,0.7646,0.0212368104714837,True,71503.2,39328.863000000005,True,149.0,2.0,2024-03-12,2024-03-13,0.0212368104714837,0.0202368104714837,-0.0162949111793775,0.0343261653532789,liquidity,development,1.0
candidate_event,2024-11-13,ADA,0.5715,0.6106,0.5191,0.5788,1822266053.0,0.5714,1412.0,1054727591.4764,139476385.0797,-0.0915295764788239,1.1414913957934982,0.393294,True,2024-11-14,0.5787,0.6009,0.5418,0.5795,0.0013824088474165,True,90413.3,64157.32399999999,True,121.0,,,,,,,,,,0.0
candidate_event,2024-11-26,ADA,0.9445,0.9907,0.8753,0.9607,1352451029.0,0.9445,1425.0,1299299703.5603,764092980.61065,-0.0732662784542086,1.2341040462427744,0.417943,True,2024-11-27,0.9608,1.0426,0.932,1.0123,0.0536011656952539,True,92021.4,66197.9955,True,164.0,,,,,,,,,,0.0
candidate_event,2024-12-02,ADA,1.1511,1.2444,1.0574,1.2036,2230897355.0,1.1512,1431.0,2685108056.478,1078591418.1234,-0.0814801945795692,1.5586353944562894,0.4374605,True,2024-12-03,1.2036,1.329,1.14,1.1924,-0.0093054170820872,True,95890.5,67201.125,True,182.0,2.0,2024-12-02,2024-12-03,-0.0093054170820872,-0.0103054170820872,-0.0528414755732802,0.1041874376869391,liquidity,development,1.0
candidate_event,2024-12-10,ADA,1.0034,1.038,0.9098,1.0214,1701101597.0,1.0033,1439.0,1737505171.1758,1184260666.79535,-0.0931924648659424,1.1935828877005348,0.4642765,True,2024-12-11,1.0215,1.1143,0.9717,1.0867,0.0638277043563386,True,96602.4,68395.6005,True,194.0,1.0,2024-12-10,2024-12-11,0.0638277043563386,0.0628277043563386,-0.0487518355359766,0.0908467939304944,liquidity,development,1.0
candidate_event,2025-01-13,ADA,0.9671,0.9935,0.8733,0.9439,1132913601.0,0.9671,1473.0,1069357147.9839,653907367.846,-0.096991004032675,0.7526652452025586,0.5573595,True,2025-01-14,0.9438,1.0106,0.9374,0.9969,0.0562619198982836,True,94485.3,73616.58350000001,True,164.0,2.0,2025-01-13,2025-01-14,0.0562619198982836,0.0552619198982836,-0.0067810976901885,0.0707777071413435,liquidity,development,1.0
candidate_event,2025-01-18,ADA,1.1327,1.1461,1.048,1.1042,850718949.0,1.1328,1478.0,939363863.4858,708541409.5037,-0.0748587570621468,0.6627358490566042,0.574434,True,2025-01-19,1.1041,1.1522,0.9624,0.9924,-0.1011683724300336,True,104524.3,74598.052,True,161.0,2.0,2025-01-18,2025-01-19,-0.1011683724300336,-0.1021683724300336,-0.128339824291278,0.043564894484195,liquidity,development,1.0
candidate_event,2025-02-09,ADA,0.7001,0.7155,0.65,0.681,544282379.0,0.7001,1500.0,370656300.099,667300551.58185,-0.0715612055420653,0.6187624750499017,0.6263585,True,2025-02-10,0.681,0.724,0.6626,0.7114,0.044640234948605,True,96423.6,78943.935,True,153.0,1.0,2025-02-09,2025-02-10,0.044640234948605,0.043640234948605,-0.0270190895741557,0.0631424375917766,liquidity,development,1.0
candidate_event,2025-02-25,ADA,0.6811,0.6947,0.6299,0.6829,1172672825.0,0.6811,1516.0,800818272.1925,506566754.35275,-0.0751725150491852,1.0351562499999982,0.6578415,True,2025-02-26,0.6829,0.695,0.6307,0.6469,-0.0527163567140136,True,88639.1,81610.4035,True,130.0,,,,,,,,,,0.0
candidate_event,2024-12-02,AEVO,0.5185,0.5392,0.4705,0.5303,172143070.8,0.5186,264.0,91287470.44524,32410810.01048,-0.0927497107597377,1.2432432432432443,0.465645,True,2024-12-03,0.5303,0.5559,0.4885,0.5499,0.036960211201207,True,95890.5,67201.125,True,182.0,,,,,,,,,,0.0
candidate_event,2024-12-03,AEVO,0.5303,0.5559,0.4885,0.5499,177775802.7,0.5303,265.0,97758913.90473,35479096.0664,-0.0788233075617574,1.4688995215311018,0.4642995,True,2024-12-04,0.5499,0.5875,0.5339,0.5633,0.0243680669212582,True,95913.3,67345.7915,True,183.0,,,,,,,,,,0.0
candidate_event,2024-12-05,AEVO,0.5634,0.5675,0.5202,0.5484,140797413.8,0.5633,267.0,77213301.72792001,47968652.581205,-0.0765134031599503,0.6542923433874707,0.461727,True,2024-12-06,0.5485,0.6515,0.545,0.6225,0.1349134001823155,True,97001.5,67658.52649999999,True,190.0,,,,,,,,,,0.0
candidate_event,2024-12-16,AEVO,0.512,0.5255,0.4722,0.4976,111160837.2,0.5119,278.0,55313632.59072,59439712.27404,-0.0775542098066028,0.6397984886649867,0.442098,True,2024-12-17,0.4977,0.5055,0.455,0.4619,-0.0719308820574643,True,106023.2,69408.12150000001,True,197.0,,,,,,,,,,0.0
candidate_event,2024-02-20,AGLD,1.3948,1.4392,1.2872,1.3633,8509798.0,1.3948,206.0,11601407.6134,10290362.337900002,-0.0771436765127617,0.7072490706319698,0.8794225,True,2024-02-21,1.3636,1.3636,1.2684,1.3306,-0.0242006453505426,True,52297.4,35792.735,True,106.0,,,,,,,,,,0.0
candidate_event,2024-03-12,AGLD,1.8381,1.8528,1.6643,1.8352,8077456.0,1.8381,227.0,14823747.2512,10330694.5695,-0.0945541591861162,0.9833141542002296,0.98531,True,2024-03-13,1.8352,1.895,1.7944,1.8412,0.0032693984306888,True,71503.2,39328.863000000005,True,149.0,,,,,,,,,,0.0
candidate_event,2024-03-14,AGLD,1.8413,1.8602,1.71,1.8278,7380033.0,1.8412,229.0,13489224.3174,10563641.1615,-0.0712578752987181,0.8978658536585377,0.9987525,True,2024-03-15,1.8284,1.8659,1.4569,1.537,-0.1593743163421571,True,71455.5,39791.3185,True,151.0,,,,,,,,,,0.0
candidate_event,2024-04-01,AGLD,1.7177,1.7219,1.5915,1.6887,6909825.0,1.7178,247.0,11668621.4775,13041939.1412,-0.0735242752357667,0.7695961995249415,1.0869405,True,2024-04-02,1.6887,1.706,1.4259,1.441,-0.1466808787824954,True,69700.0,43555.8975,True,156.0,,,,,,,,,,0.0
candidate_event,2024-11-13,AGLD,1.3149,2.98,1.2047,1.9839,544925383.0,1.3155,473.0,1081077467.3337,15392026.63715,-0.0842265298365638,7.032490974729255,1.0214635,True,2024-11-14,1.9831,2.0319,1.4148,1.4429,-0.2724017951691796,True,90413.3,64157.32399999999,True,121.0,,,,,,,,,,0.0
candidate_event,2024-11-24,AGLD,1.3742,1.4488,1.2618,1.3614,24993084.0,1.3742,484.0,34025584.5576,27116360.3038,-0.0817930432251492,0.88612099644128,1.0413385,True,2024-11-25,1.3616,1.372,1.2824,1.3138,-0.0351057579318447,True,97960.4,65891.7095,True,149.0,,,,,,,,,,0.0
candidate_event,2024-12-29,AGLD,1.8575,2.7822,1.7238,2.5176,546197299.0,1.8575,519.0,1375106319.9624,37005803.41875,-0.0719784656796769,5.937172774869111,1.0910185,True,2024-12-30,2.5174,2.9776,2.3406,2.7274,0.0834194009692539,True,93700.0,71246.06550000001,True,199.0,1.0,2024-12-29,2024-12-30,0.0834194009692539,0.0824194009692539,-0.0702311909112576,0.1828076586954794,liquidity,development,1.0
candidate_event,2024-12-30,AGLD,2.5174,2.9776,2.3406,2.7274,636554053.0,2.5176,520.0,1736137524.1522,37005803.41875,-0.0703050524308865,2.1853107344632763,1.0972049999999998,True,2024-12-31,2.7269,2.8785,2.4145,2.4283,-0.1095016318896915,True,92759.3,71375.9275,True,199.0,1.0,2024-12-30,2024-12-31,-0.1095016318896915,-0.1105016318896915,-0.1145623235175474,0.0555942645494882,liquidity,development,1.0
candidate_event,2025-01-24,AGLD,1.5797,1.6824,1.4669,1.5316,29420192.0,1.5797,545.0,45059966.067200005,203115381.04335,-0.0714059631575615,0.5735815602836877,1.231544,True,2025-01-25,1.5317,1.6146,1.4776,1.5737,0.0274205131553175,True,104808.1,75985.145,True,159.0,1.0,2025-01-24,2025-01-25,0.0274205131553175,0.0264205131553175,-0.0353202324214925,0.0541228700137101,liquidity,development,1.0
candidate_event,2025-02-18,AGLD,1.2836,1.3214,1.1752,1.3058,60163679.0,1.2838,570.0,78561732.0382,29474529.595,-0.084592615672223,1.2025782688766116,1.276456,True,2025-02-19,1.3056,1.3727,1.2309,1.3187,0.0100337009803921,True,95622.0,80323.10650000001,True,134.0,,,,,,,,,,0.0
candidate_event,2025-02-26,AGLD,1.5259,1.5805,1.4114,1.5163,21218777.0,1.5261,578.0,32174031.5651,30410682.5482,-0.0751589017757683,0.9145597210113336,1.304743,True,2025-02-27,1.5163,1.5182,1.3852,1.4242,-0.0607399591109939,True,84208.5,81726.99650000001,True,134.0,2.0,2025-02-26,2025-02-27,-0.0607399591109939,-0.0617399591109939,-0.0864604629690694,0.0012530501879575,liquidity,development,1.0
candidate_event,2025-02-28,AGLD,1.4242,1.4486,1.2921,1.4097,17300954.0,1.4242,580.0,24389154.8538,28819518.4252,-0.0927538267097317,0.8902346707040123,1.3111755000000005,True,2025-03-01,1.4096,1.4129,1.3017,1.3502,-0.0421396140749148,True,84299.6,81981.7515,True,133.0,2.0,2025-02-28,2025-03-01,-0.0421396140749148,-0.0431396140749148,-0.0765465380249715,0.0023410896708286,liquidity,development,1.0
candidate_event,2021-09-16,ALGO,2.0163,2.2272,1.8602,2.0384,373848824.1,2.016,258.0,762053443.0454401,137957828.58025,-0.0772817460317459,1.143774069319642,1.1318445,True,2021-09-17,2.0381,2.16,1.89,1.9245,-0.0557381875275991,True,47745.55,45888.3452,True,70.0,2.0,2021-09-16,2021-09-17,-0.0557381875275991,-0.0567381875275991,-0.0726657180707522,0.0598106079191405,liquidity,development,1.0
candidate_event,2021-11-10,ALGO,1.9484,2.2939,1.78,1.934,308015625.6,1.9484,313.0,595702219.9104,176781575.633655,-0.0864298911927735,0.9144893111638956,1.2911505000000003,True,2021-11-11,1.9331,2.0636,1.8714,2.0213,0.0456261962650665,True,64920.13,45644.93515,True,71.0,1.0,2021-11-10,2021-11-11,0.0456261962650665,0.0446261962650665,-0.0319176452330454,0.0675081475350474,liquidity,development,1.0
candidate_event,2021-11-17,ALGO,1.7214,1.762,1.5952,1.6601,147655643.7,1.7217,320.0,245123134.10637,239115362.204125,-0.0734738920834059,0.513043478260869,1.313415,True,2021-11-18,1.66,2.8717,1.6475,1.8495,0.1141566265060241,True,60366.96,45950.50845,True,71.0,1.0,2021-11-17,2021-11-18,0.1141566265060241,0.1131566265060241,-0.0075301204819276,0.7299397590361447,liquidity,development,1.0
candidate_event,2021-12-06,ALGO,1.7631,1.8672,1.6134,1.7624,378104422.2,1.763,339.0,666371233.68528,241527536.40948495,-0.0848553601815087,0.9959893048128348,1.3521815,True,2021-12-07,1.7623,1.8114,1.6623,1.6834,-0.0447710378482664,True,50424.72,46380.61435,True,73.0,1.0,2021-12-06,2021-12-07,-0.0447710378482664,-0.0457710378482664,-0.0567440276910854,0.0278613175963229,liquidity,development,1.0
candidate_event,2023-11-14,ALGO,0.1333,0.1367,0.1224,0.129,322136300.7,0.1334,1047.0,41555582.7903,49034223.44625,-0.0824587706146926,0.600000000000001,0.1183475,True,2023-11-15,0.129,0.1453,0.1285,0.1424,0.1038759689922479,True,35559.0,28747.954500000003,True,115.0,,,,,,,,,,0.0
candidate_event,2023-11-18,ALGO,0.1361,0.1362,0.1261,0.1345,250047264.4,0.1361,1051.0,33631357.0618,56064726.413025,-0.0734753857457752,0.8400000000000011,0.1174955,True,2023-11-19,0.1345,0.1426,0.1306,0.1407,0.0460966542750929,True,36580.9,28908.5435,True,119.0,,,,,,,,,,0.0
candidate_event,2023-12-13,ALGO,0.1982,0.2041,0.1844,0.2009,653505896.4,0.1983,1076.0,131289334.58676,50829218.70783501,-0.070095814422592,1.1870503597122295,0.1161695,True,2023-12-14,0.2009,0.2182,0.1965,0.2164,0.07715281234445,True,42875.0,30474.2695,True,119.0,,,,,,,,,,0.0
candidate_event,2023-12-18,ALGO,0.1907,0.196,0.1769,0.1956,437436836.9,0.1906,1081.0,85562645.29764,56881656.784805,-0.0718782791185729,1.3649635036496357,0.1173964999999999,True,2023-12-19,0.1955,0.2053,0.1905,0.1924,-0.0158567774936062,True,42671.7,30843.7285,True,122.0,,,,,,,,,,0.0
candidate_event,2024-01-06,ALGO,0.1965,0.1967,0.1788,0.1898,217836616.7,0.1966,1100.0,41345389.84966,94513918.605905,-0.0905391658189217,0.6179775280898878,0.1265725,True,2024-01-07,0.1898,0.194,0.1759,0.1782,-0.0611169652265543,True,43956.7,32451.644,True,127.0,,,,,,,,,,0.0
candidate_event,2024-01-08,ALGO,0.1782,0.2003,0.1635,0.1948,664797233.9,0.1782,1102.0,129502501.16372,85021090.463215,-0.0824915824915824,2.129251700680273,0.1271855,True,2024-01-09,0.1949,0.2024,0.1791,0.1857,-0.0472036942021548,True,46972.7,32606.7745,True,126.0,,,,,,,,,,0.0
candidate_event,2024-01-23,ALGO,0.1613,0.1655,0.1484,0.1599,364433007.2,0.1614,1117.0,58272837.85128,52521650.498625,-0.0805452292441138,0.8846153846153844,0.131532,True,2024-01-24,0.1598,0.1643,0.158,0.1632,0.0212765957446809,True,39890.0,33523.1895,True,124.0,,,,,,,,,,0.0
candidate_event,2024-02-20,ALGO,0.2039,0.2044,0.1887,0.1964,280279795.2,0.2038,1145.0,55046951.77728,27509021.83433,-0.0740922473012757,0.509933774834436,0.1401875,True,2024-02-21,0.1965,0.1976,0.1815,0.1892,-0.0371501272264631,True,52297.4,35792.735,True,106.0,,,,,,,,,,0.0
candidate_event,2024-02-21,ALGO,0.1965,0.1976,0.1815,0.1892,210673426.1,0.1964,1146.0,39859412.21812,27633959.382319994,-0.0758655804480651,0.5167785234899338,0.140601,True,2024-02-22,0.1892,0.1947,0.1843,0.1891,-0.0005285412262157,True,51877.8,35906.8355,True,107.0,,,,,,,,,,0.0
candidate_event,2024-02-28,ALGO,0.2087,0.2246,0.1913,0.2108,468682564.1,0.2086,1153.0,98798284.51228,29430639.846265,-0.0829338446788111,1.1271676300578022,0.143719,True,2024-02-29,0.2109,0.2323,0.2059,0.212,0.0052157420578473,True,62487.9,36775.033,True,124.0,,,,,,,,,,0.0
candidate_event,2024-03-08,ALGO,0.2804,0.2819,0.2582,0.2714,321854758.2,0.2803,1162.0,87351381.37547998,42195131.69026,-0.0788440956118444,0.5972850678733025,0.1502815,True,2024-03-09,0.2714,0.2775,0.2658,0.2697,-0.0062638172439203,True,68180.2,38447.168,True,143.0,,,,,,,,,,0.0
candidate_event,2024-03-14,ALGO,0.319,0.3213,0.2913,0.3123,374147852.6,0.3189,1168.0,116846374.36698002,53967038.4258,-0.0865475070555032,0.7608695652173916,0.1562525,True,2024-03-15,0.3123,0.3218,0.2706,0.2996,-0.0406660262568044,True,71455.5,39791.3185,True,151.0,,,,,,,,,,0.0
candidate_event,2024-11-12,ALGO,0.1597,0.1639,0.1444,0.1543,453468017.2,0.1596,1411.0,69970115.05396,12252047.84666,-0.0952380952380952,0.6513157894736841,0.143533,True,2024-11-13,0.1543,0.1561,0.1394,0.1457,-0.0557355800388852,True,87972.0,64022.3625,True,117.0,,,,,,,,,,0.0
candidate_event,2025-01-08,ALGO,0.3723,0.3821,0.3393,0.3587,390349390.3,0.3724,1468.0,140018326.30061,149516284.12944,-0.0888829215896885,0.5861027190332332,0.195236,True,2025-01-09,0.3588,0.3633,0.3351,0.3417,-0.0476588628762542,True,95014.1,72801.88,True,176.0,,,,,,,,,,0.0
candidate_event,2025-01-27,ALGO,0.3813,0.3883,0.3443,0.3863,491281783.1,0.3813,1487.0,189782152.81153,131430521.511535,-0.09703645423551,1.1351351351351353,0.2202465,True,2025-01-28,0.3864,0.3917,0.3574,0.3625,-0.0618530020703934,True,102021.3,76666.3335,True,153.0,,,,,,,,,,0.0
candidate_event,2025-07-30,ALGO,0.2604,0.2627,0.2409,0.2535,193646644.8,0.2604,1671.0,49089424.45680001,63163819.918005005,-0.0748847926267282,0.6461538461538456,0.237707,True,2025-07-31,0.2536,0.2672,0.2428,0.2438,-0.0386435331230283,True,117771.0,98879.3845,True,150.0,,,,,,,,,,0.0
candidate_event,2021-10-06,ALICE,13.587,14.123,12.4,13.003,16208961.5,13.586,204.0,210765126.3845,203190883.571,-0.0872957456204917,0.5084317032040471,10.782659999999998,True,2021-10-07,13.007,13.755,12.611,13.167,0.0123010686553395,True,55321.6,44999.23355,True,70.0,,,,,,,,,,0.0
candidate_event,2021-10-12,ALICE,11.713,11.865,10.548,11.664,15127273.0,11.71,210.0,176444512.27199998,171936352.80465,-0.0992314261315115,0.9604130808950077,10.78335,True,2021-10-13,11.658,12.059,11.214,11.732,0.0063475724824155,True,56011.84,45030.98915,True,70.0,,,,,,,,,,0.0
candidate_event,2021-10-15,ALICE,12.49,12.496,11.542,12.187,11489035.5,12.494,213.0,140016875.6385,172061811.3236,-0.0761965743556907,0.6775210084033609,10.73543,True,2021-10-16,12.187,12.74,12.05,12.187,0.0,True,61702.33,45066.8064,True,70.0,1.0,2021-10-15,2021-10-16,0.0,-0.001,-0.0112414868302288,0.0453762205628949,liquidity,development,1.0
candidate_event,2021-10-17,ALICE,12.185,12.25,11.306,11.782,6236637.0,12.187,215.0,73480057.134,167398583.3066,-0.0722901452367277,0.5402951191827478,10.701595,True,2021-10-18,11.785,11.879,11.219,11.613,-0.014594823928723,True,61571.45,45091.28444999999,True,70.0,,,,,,,,,,0.0
candidate_event,2021-11-03,ALICE,14.714,14.88,13.3,14.232,12071090.7,14.714,232.0,171795762.84239998,136161943.32825,-0.0960989533777354,0.6591230551626582,10.660419999999998,True,2021-11-04,14.232,15.705,13.764,15.259,0.0721613265879708,True,62946.45,45285.49515,True,70.0,2.0,2021-11-03,2021-11-04,0.0721613265879708,0.0711613265879708,-0.0328836424957841,0.1034991568296797,liquidity,development,1.0
candidate_event,2021-11-19,ALICE,16.964,17.946,15.321,16.552,32601438.3,16.958,248.0,539619006.7416,170838348.0562,-0.0965326099775916,0.7519853390348203,10.92585,True,2021-11-20,16.551,20.365,16.488,19.38,0.1709262280224761,True,58069.51,45956.23545,True,71.0,2.0,2021-11-19,2021-11-20,0.1709262280224761,0.1699262280224761,-0.0038064165307231,0.2304392483837833,liquidity,development,1.0
candidate_event,2023-02-01,ALICE,1.798,1.872,1.669,1.853,19330607.4,1.797,687.0,35819615.5122,22343054.206200004,-0.0712298274902615,1.4375000000000009,1.7272999999999998,True,2023-02-02,1.853,1.95,1.785,1.798,-0.0296815974096059,True,23730.0,19696.9065,True,94.0,,,,,,,,,,0.0
candidate_event,2023-12-13,ALICE,1.334,1.339,1.217,1.297,25245389.1,1.334,1002.0,32743269.6627,21579679.4991,-0.0877061469265367,0.6837606837606826,0.9241050000000002,True,2023-12-14,1.298,1.316,1.215,1.278,-0.0154083204930662,True,42875.0,30474.2695,True,119.0,,,,,,,,,,0.0
candidate_event,2023-12-26,ALICE,1.561,1.642,1.45,1.576,12619199.2,1.561,1015.0,19887857.9392,17229503.2676,-0.0711082639333759,1.1351351351351362,0.930785,True,2023-12-27,1.576,1.581,1.494,1.526,-0.0317258883248731,True,42538.5,31509.655999999995,True,127.0,,,,,,,,,,0.0
candidate_event,2024-01-06,ALICE,1.24,1.24,1.145,1.202,6207909.7,1.239,1026.0,7461907.4594,13873169.1605,-0.0758676351896691,0.6063829787234031,0.957605,True,2024-01-07,1.202,1.248,1.116,1.128,-0.0615640599001664,True,43956.7,32451.644,True,127.0,,,,,,,,,,0.0
candidate_event,2024-01-08,ALICE,1.129,1.205,1.035,1.196,11505047.7,1.128,1028.0,13760037.049199998,13042417.9859,-0.0824468085106382,1.7311827956989256,0.959445,True,2024-01-09,1.197,1.211,1.076,1.13,-0.0559732664995824,True,46972.7,32606.7745,True,126.0,,,,,,,,,,0.0
candidate_event,2024-01-12,ALICE,1.287,1.319,1.196,1.247,12527100.3,1.288,1032.0,15621294.074100005,12517977.1906,-0.0714285714285715,0.5543478260869578,0.963205,True,2024-01-13,1.247,1.284,1.191,1.27,0.0184442662389734,True,42788.9,32906.71400000001,True,126.0,,,,,,,,,,0.0
candidate_event,2024-03-08,ALICE,2.041,2.082,1.845,1.963,10014159.8,2.041,1088.0,19657795.6874,12260420.1296,-0.0960313571778539,0.6020408163265313,1.073555,True,2024-03-09,1.963,2.348,1.949,2.283,0.1630157921548649,True,68180.2,38447.168,True,143.0,,,,,,,,,,0.0
candidate_event,2024-03-11,ALICE,2.318,2.323,2.103,2.286,16079548.1,2.317,1091.0,36757846.9566,19785585.723,-0.0923608113940439,0.8551401869158872,1.09652,True,2024-03-12,2.286,2.326,2.042,2.239,-0.020559930008749,True,72153.8,39101.605500000005,True,147.0,,,,,,,,,,0.0
candidate_event,2024-04-01,ALICE,1.951,2.06,1.79,1.875,11621915.3,1.951,1112.0,21791091.1875,21864079.0699,-0.0825217837006663,0.5279503105590059,1.221575,True,2024-04-02,1.875,1.876,1.67,1.724,-0.0805333333333333,True,69700.0,43555.8975,True,156.0,,,,,,,,,,0.0
candidate_event,2024-04-10,ALICE,1.85,1.864,1.706,1.801,5900843.2,1.851,1121.0,10627418.6032,15548411.0794,-0.0783360345759048,0.6551724137931032,1.26766,True,2024-04-11,1.802,1.869,1.761,1.778,-0.0133185349611543,True,70681.7,45441.989,True,154.0,,,,,,,,,,0.0
candidate_event,2024-11-26,ALICE,1.392,1.481,1.294,1.363,20129473.2,1.393,1351.0,27436471.9716,18374691.4905,-0.0710696338837042,0.6969696969696967,1.139495,True,2024-11-27,1.364,1.479,1.335,1.468,0.0762463343108503,True,92021.4,66197.9955,True,164.0,,,,,,,,,,0.0
candidate_event,2024-12-02,ALICE,1.584,1.702,1.455,1.691,20753644.6,1.584,1357.0,35094413.0186,18744562.067050003,-0.0814393939393939,1.8294573643410847,1.15229,True,2024-12-03,1.691,1.82,1.573,1.805,0.0674157303370786,True,95890.5,67201.125,True,182.0,,,,,,,,,,0.0
candidate_event,2024-12-10,ALT,0.15359,0.16193,0.14046,0.15376,477223961.0,0.15358,320.0,73377956.24336,49602742.345115,-0.0854277900768328,1.013719512195123,0.14257245,True,2024-12-11,0.15379,0.16434,0.14675,0.16296,0.0596267637687755,True,96602.4,68395.6005,True,194.0,,,,,,,,,,0.0
candidate_event,2024-12-16,ALT,0.1718,0.17659,0.15819,0.16541,219791603.0,0.17177,326.0,36355729.05223,44290264.469995,-0.0790592070792338,0.5316642120765832,0.1370498999999999,True,2024-12-17,0.16544,0.16558,0.14764,0.15071,-0.0890352998065763,True,106023.2,69408.12150000001,True,197.0,,,,,,,,,,0.0
candidate_event,2023-02-09,ANKR,0.0307,0.03539,0.02777,0.03078,7575042003.0,0.03071,744.0,233159792.85234,45610356.82639,-0.0957342885053729,1.0238095238095228,0.0277238,True,2023-02-10,0.03079,0.03398,0.02903,0.02989,-0.0292302695680416,True,21793.4,19713.1795,True,97.0,2.0,2023-02-09,2023-02-10,-0.0292302695680416,-0.0302302695680416,-0.0571614160441702,0.1036050665800585,liquidity,development,1.0
candidate_event,2023-02-13,ANKR,0.02906,0.02979,0.02618,0.02785,1461038393.0,0.02906,748.0,40689919.24505,45610356.82639,-0.0991052993805918,0.5798611111111115,0.0277474,True,2023-02-14,0.02784,0.02881,0.02689,0.02877,0.0334051724137931,True,21766.2,19701.624,True,97.0,,,,,,,,,,0.0
candidate_event,2023-03-10,ANKR,0.02782,0.02787,0.02546,0.02773,2765154097.0,0.02782,773.0,76677723.10981001,74651163.955325,-0.0848310567936736,0.9618644067796612,0.02752475,True,2023-03-11,0.02772,0.0287,0.02617,0.02756,-0.0057720057720057,True,20140.3,19698.602,True,95.0,,,,,,,,,,0.0
candidate_event,2023-04-26,ANKR,0.03194,0.0331,0.0295,0.03124,914082437.0,0.03195,820.0,28555935.33188,37415006.65028,-0.0766823161189358,0.7102040816326536,0.0277039,True,2023-04-27,0.03123,0.03221,0.03074,0.0317,0.0150496317643291,True,28395.9,21540.7145,True,98.0,,,,,,,,,,0.0
candidate_event,2023-11-03,ANKR,0.02378,0.0245,0.02165,0.02355,611776079.0,0.02377,1011.0,14407326.66045,10930763.2338,-0.0891880521665965,0.8962264150943406,0.02322705,True,2023-11-04,0.02355,0.0245,0.02336,0.02439,0.0356687898089169,True,34700.4,28330.14,True,92.0,,,,,,,,,,0.0
candidate_event,2024-01-06,ANKR,0.02631,0.02633,0.02442,0.02566,647876240.0,0.02631,1075.0,16624504.3184,25640561.52382,-0.0718358038768528,0.6560846560846553,0.02346005,True,2024-01-07,0.02565,0.02633,0.02363,0.02401,-0.0639376218323586,True,43956.7,32451.644,True,127.0,,,,,,,,,,0.0
candidate_event,2024-01-08,ANKR,0.02402,0.02567,0.02203,0.02548,1136992852.0,0.02401,1077.0,28970577.86896,25640561.52382,-0.0824656393169512,1.7424242424242422,0.02348425,True,2024-01-09,0.02549,0.02552,0.02296,0.02402,-0.0576696743821105,True,46972.7,32606.7745,True,126.0,,,,,,,,,,0.0
candidate_event,2024-02-20,ANKR,0.03052,0.03212,0.02835,0.03181,2392122067.0,0.03053,1120.0,76093402.95127,12927116.77155,-0.0714051752374713,1.5871559633027503,0.02357525,True,2024-02-21,0.03182,0.03236,0.02832,0.02977,-0.0644248900062853,True,52297.4,35792.735,True,106.0,,,,,,,,,,0.0
candidate_event,2024-03-04,ANKR,0.042,0.04277,0.03903,0.04097,1075991180.0,0.04198,1133.0,44083358.6446,25963771.61412,-0.070271557884707,0.6576271186440666,0.02430865,True,2024-03-05,0.04098,0.04182,0.03029,0.0377,-0.0800390434358224,True,68296.4,37644.648,True,133.0,,,,,,,,,,0.0
candidate_event,2024-03-11,ANKR,0.0502,0.05376,0.04666,0.05235,1716946218.0,0.05019,1140.0,89882134.5123,43814344.50762,-0.0703327356047021,1.611898016997168,0.0252721,True,2024-03-12,0.05235,0.05833,0.0496,0.05828,0.1132760267430754,True,72153.8,39101.605500000005,True,147.0,,,,,,,,,,0.0
candidate_event,2024-04-05,ANKR,0.05612,0.05612,0.05182,0.05517,903684014.0,0.05613,1165.0,49856247.05238,72834193.07482001,-0.0767860324247283,0.7772621809744774,0.0294494,True,2024-04-06,0.05516,0.0626,0.05458,0.05892,0.0681653372008701,True,67825.7,44362.851,True,154.0,,,,,,,,,,0.0
candidate_event,2024-04-19,ANKR,0.04571,0.04731,0.042,0.04612,959991969.0,0.04571,1179.0,44274829.61028,60543940.985635,-0.0811638591117916,1.1105121293800542,0.0316566,True,2024-04-20,0.04612,0.0506,0.04579,0.0488,0.0581092801387683,True,63787.4,47146.931,True,153.0,,,,,,,,,,0.0
candidate_event,2024-05-01,ANKR,0.04706,0.04715,0.04248,0.04608,1155738710.0,0.04707,1191.0,53256439.7568,52954779.46219,-0.0975143403441684,0.7843137254901967,0.0335581,True,2024-05-02,0.0461,0.04714,0.04423,0.04643,0.0071583514099782,True,58307.6,49327.81800000001,True,153.0,,,,,,,,,,0.0
candidate_event,2024-12-06,ANKR,0.05724,0.05919,0.05259,0.05689,1004002621.0,0.05724,1410.0,57117709.10869,15926681.52233,-0.0812368972746331,0.9247311827956998,0.0306992,True,2024-12-07,0.0569,0.05767,0.05395,0.05472,-0.0383128295254833,True,99802.5,67800.2065,True,191.0,,,,,,,,,,0.0
candidate_event,2023-01-16,APE,5.135,5.316,4.768,4.973,44401926.0,5.135,305.0,220810777.998,166364743.923,-0.0714703018500486,0.5585831062670302,4.79933,True,2023-01-17,4.973,5.134,4.839,4.892,-0.0162879549567664,True,21188.3,19518.7255,True,70.0,1.0,2023-01-16,2023-01-17,-0.0162879549567664,-0.0172879549567664,-0.026945505730947,0.0323748240498693,liquidity,development,1.0
candidate_event,2023-02-13,APE,5.223,5.31,4.747,4.995,42345258.0,5.224,333.0,211514563.71,210663685.0955,-0.0913093415007657,0.5199161425576521,4.83322,True,2023-02-14,4.996,5.252,4.938,5.239,0.0486389111289029,True,21766.2,19701.624,True,97.0,,,,,,,,,,0.0
candidate_event,2023-03-03,APE,4.99,4.997,4.53,4.798,35553399.0,4.99,351.0,170585208.402,140092852.477,-0.0921843687374749,0.5826086956521735,4.687935,True,2023-03-04,4.798,4.849,4.564,4.74,-0.0120883701542309,True,22342.8,19717.018,True,97.0,1.0,2023-03-03,2023-03-04,-0.0120883701542309,-0.0130883701542309,-0.0487703209670695,0.0106294289287203,liquidity,development,1.0
candidate_event,2024-02-17,APE,1.6992,1.6999,1.5567,1.649,64292011.0,1.6994,702.0,106017526.139,86729445.456,-0.0839708132281982,0.6468114926419062,1.438773,True,2024-02-18,1.6492,1.7506,1.6175,1.7338,0.051297598835799,True,51679.4,35448.556500000006,True,102.0,1.0,2024-02-17,2024-02-18,0.051297598835799,0.050297598835799,-0.0192214406985204,0.0614843560514188,liquidity,development,1.0
candidate_event,2024-03-08,APE,2.2108,2.2607,2.0086,2.184,55707784.0,2.2109,722.0,121665800.256,106670938.9792,-0.0915011986069022,0.8670291646070197,1.4564985,True,2024-03-09,2.1842,2.3718,2.153,2.2735,0.0408845343832982,True,68180.2,38447.168,True,143.0,,,,,,,,,,0.0
candidate_event,2024-03-11,APE,2.2921,2.358,2.1004,2.3352,57811660.0,2.2921,725.0,135001788.432,123820397.2345,-0.0836350944548667,1.2248304642670835,1.4688175,True,2024-03-12,2.3352,2.3618,2.0907,2.2916,-0.0186707776635834,True,72153.8,39101.605500000005,True,147.0,,,,,,,,,,0.0
candidate_event,2024-03-14,APE,2.4268,2.4317,2.185,2.3252,76861734.0,2.4268,728.0,178718903.8968,130207529.636,-0.0996373825613977,0.579818031430935,1.4826005,True,2024-03-15,2.3251,2.352,2.0,2.1999,-0.0538471463592963,True,71455.5,39791.3185,True,151.0,,,,,,,,,,0.0
candidate_event,2024-11-20,APE,1.1344,1.1615,1.053,1.1402,146000525.0,1.1344,979.0,166469798.60500002,351106448.449,-0.0717559943582512,1.0712530712530717,0.908174,True,2024-11-21,1.1403,1.1882,1.0855,1.1656,0.022187143734105,True,94288.0,65179.7625,True,135.0,1.0,2024-11-20,2024-11-21,0.022187143734105,0.021187143734105,-0.0480575287205122,0.0420064895203016,liquidity,development,1.0
candidate_event,2024-11-26,APE,1.3162,1.3878,1.2124,1.2808,125250151.0,1.3163,985.0,160420393.4008,292799611.933,-0.0789333738509459,0.6583253128007694,0.9092295,True,2024-11-27,1.2808,1.3244,1.248,1.3174,0.0285758900687069,True,92021.4,66197.9955,True,164.0,,,,,,,,,,0.0
candidate_event,2025-01-20,APE,0.9857,1.0716,0.9146,0.999,175829068.0,0.986,1040.0,175653238.932,82123868.69295,-0.0724137931034483,1.182072829131653,0.9699245,True,2025-01-21,0.9991,1.05,0.9448,1.0255,0.026423781403263,True,102247.6,75029.578,True,160.0,,,,,,,,,,0.0
candidate_event,2023-02-05,API3,1.706,1.72,1.585,1.678,5701534.2,1.706,348.0,9567174.3876,10221639.2277,-0.0709261430246189,0.7685950413223138,1.61053,True,2023-02-06,1.677,1.774,1.664,1.685,0.0047704233750744,True,22929.2,19713.626,True,96.0,,,,,,,,,,0.0
candidate_event,2023-02-13,API3,1.648,1.664,1.512,1.617,6238073.6,1.648,356.0,10086965.0112,11143417.90975,-0.0825242718446601,0.7720588235294122,1.60931,True,2023-02-14,1.617,1.709,1.573,1.7,0.051329622758194,True,21766.2,19701.624,True,97.0,,,,,,,,,,0.0
candidate_event,2023-04-05,API3,1.598,1.652,1.457,1.579,7167810.3,1.598,407.0,11317972.4637,10012847.6916,-0.088235294117647,0.8652482269503537,1.52486,True,2023-04-06,1.58,1.583,1.53,1.569,-0.0069620253164557,True,28154.0,20539.806,True,95.0,1.0,2023-04-05,2023-04-06,-0.0069620253164557,-0.0079620253164557,-0.0316455696202532,0.0018987341772152,liquidity,development,1.0
candidate_event,2023-12-13,API3,1.7245,1.7607,1.5832,1.6691,34160871.8,1.7241,659.0,57017911.12138,12760166.872339996,-0.0817237979235543,0.6096522356281056,1.1579045,True,2023-12-14,1.669,1.7457,1.6217,1.7248,0.0334331935290592,True,42875.0,30474.2695,True,119.0,,,,,,,,,,0.0
candidate_event,2024-01-06,API3,1.7043,1.7065,1.5716,1.6382,4873719.4,1.7039,683.0,7984127.121080001,19144268.616885,-0.0776454017254533,0.5034013605442181,1.24437,True,2024-01-07,1.6381,1.6814,1.525,1.542,-0.0586655271350954,True,43956.7,32451.644,True,127.0,,,,,,,,,,0.0
candidate_event,2024-01-08,API3,1.5418,1.6308,1.426,1.6222,9697485.1,1.542,685.0,15731260.32922,19144268.616885,-0.0752269779507134,1.6913793103448274,1.250001,True,2024-01-09,1.622,1.6275,1.4522,1.5312,-0.0559802712700371,True,46972.7,32606.7745,True,126.0,,,,,,,,,,0.0
candidate_event,2024-03-14,API3,3.8873,3.9827,3.5486,3.7869,14924570.8,3.8872,751.0,56517857.16252001,71225813.063295,-0.0871064004939288,0.7037802717070294,1.949492,True,2024-03-15,3.7869,3.8546,3.1873,3.5287,-0.0681824183368982,True,71455.5,39791.3185,True,151.0,,,,,,,,,,0.0
candidate_event,2024-04-19,API3,2.3077,2.4311,2.1083,2.3563,9004121.8,2.3088,787.0,21216412.197340004,23734588.58314,-0.0868416493416495,1.2369077306733156,2.3311615,True,2024-04-20,2.3568,2.5815,2.3267,2.5694,0.0902070604209097,True,63787.4,47146.931,True,153.0,,,,,,,,,,0.0
candidate_event,2024-11-24,API3,2.0498,2.146,1.8742,2.0838,11876743.9,2.0496,1006.0,24748758.93882,23075155.80345,-0.0855776736924276,1.1949828962371738,1.88732,True,2024-11-25,2.0844,2.1079,1.935,2.0121,-0.0346862406447897,True,97960.4,65891.7095,True,149.0,,,,,,,,,,0.0
candidate_event,2024-11-25,API3,2.0844,2.1079,1.935,2.0121,11112541.8,2.0838,1007.0,22359545.355780005,23075155.80345,-0.071408004606968,0.5181451612903235,1.8849535,True,2024-11-26,2.0121,2.1066,1.8419,1.9569,-0.0274340241538691,True,93064.0,66041.77900000001,True,156.0,,,,,,,,,,0.0
candidate_event,2024-11-26,API3,2.0121,2.1066,1.8419,1.9569,12154110.6,2.0121,1008.0,23784379.03314,23075155.80345,-0.0845882411410964,0.6756756756756751,1.8831965,True,2024-11-27,1.957,2.0707,1.9144,2.0667,0.0560551865099641,True,92021.4,66197.9955,True,164.0,,,,,,,,,,0.0
candidate_event,2024-12-02,API3,2.2332,2.397,2.061,2.3632,15830029.0,2.2332,1014.0,37409524.5328,20797114.03309,-0.0771090811391725,1.7549361207897782,1.87915,True,2024-12-03,2.363,2.6206,2.2304,2.5945,0.0979686838764282,True,95890.5,67201.125,True,182.0,,,,,,,,,,0.0
candidate_event,2023-11-14,APT,7.319,7.368,6.733,7.123,26014752.0,7.322,391.0,185303078.496,181941634.03955,-0.0804425020486206,0.6621392190152806,6.83294,True,2023-11-15,7.123,7.776,7.071,7.694,0.0801628527305911,True,35559.0,28747.954500000003,True,115.0,,,,,,,,,,0.0
candidate_event,2023-11-18,APT,7.257,7.26,6.7,7.072,15595629.8,7.257,395.0,110292293.9456,197630930.65205,-0.0767534793992007,0.6678635547576306,6.775055,True,2023-11-19,7.072,7.242,6.846,7.209,0.0193721719457014,True,36580.9,28908.5435,True,119.0,2.0,2023-11-18,2023-11-19,0.0193721719457014,0.0183721719457014,-0.0319570135746606,0.0240384615384614,liquidity,development,1.0
candidate_event,2023-12-14,APT,8.578,8.688,7.885,8.424,31545924.7,8.578,421.0,265742869.6728,147961957.45815,-0.0807880624854278,0.7777777777777778,6.647025,True,2023-12-15,8.424,8.433,8.059,8.225,-0.0236229819563152,True,43032.4,30549.153,True,119.0,,,,,,,,,,0.0
candidate_event,2023-12-18,APT,8.049,8.103,7.46,7.89,20778325.8,8.05,425.0,163940990.562,139086746.653,-0.0732919254658386,0.7288135593220325,6.639355,True,2023-12-19,7.889,8.118,7.687,8.095,0.0261123082773482,True,42671.7,30843.7285,True,122.0,,,,,,,,,,0.0
candidate_event,2024-01-08,APT,8.477,8.86,7.78,8.807,25789993.8,8.475,446.0,227132475.3966,200902043.9087,-0.0820058997050147,1.4776978417266202,6.866180000000001,True,2024-01-09,8.807,8.848,7.924,8.28,-0.0598387646190531,True,46972.7,32606.7745,True,126.0,,,,,,,,,,0.0
candidate_event,2024-01-19,APT,8.723,8.753,8.098,8.581,15852266.3,8.724,457.0,136028297.1203,231295743.53925,-0.0717560751948647,0.7715654952076665,6.96678,True,2024-01-20,8.582,8.594,8.333,8.571,-0.0012817525052436,True,41662.2,33316.779500000004,True,125.0,,,,,,,,,,0.0
candidate_event,2024-03-12,APT,13.494,13.749,12.51,13.389,21786895.6,13.492,510.0,291704745.18840003,221948132.07865,-0.0727838719241033,0.8951120162932775,7.810980000000001,True,2024-03-13,13.388,13.8,12.845,13.165,-0.016656707499253,True,71503.2,39328.863000000005,True,149.0,,,,,,,,,,0.0
candidate_event,2024-03-20,APT,15.451,15.959,14.028,15.602,51828454.0,15.449,518.0,808627539.308,286280190.852,-0.0919800634345264,1.1076706544686843,8.16127,True,2024-03-21,15.602,16.39,14.757,15.038,-0.0361492116395334,True,67876.4,41002.2445,True,154.0,,,,,,,,,,0.0
candidate_event,2024-04-10,APT,12.742,12.819,11.524,12.228,29739307.1,12.742,539.0,363652247.2188,380012977.29965,-0.0955893894208131,0.5779967159277501,9.22786,True,2024-04-11,12.228,12.536,11.736,11.862,-0.0299313052011775,True,70681.7,45441.989,True,154.0,,,,,,,,,,0.0
candidate_event,2024-11-24,APT,12.7535,13.3835,11.5423,12.5247,39316600.0,12.7506,767.0,492428620.02,275383899.95588,-0.0947641679607235,0.8130431184308525,7.952751500000001,True,2024-11-25,12.5269,12.8574,11.6687,11.8316,-0.0555045541993629,True,97960.4,65891.7095,True,149.0,,,,,,,,,,0.0
candidate_event,2024-11-26,APT,11.8302,12.1286,10.9256,12.003,31637462.6,11.8316,769.0,379744463.5878,296514423.52434003,-0.0765745968423544,1.1891832229580577,7.985654499999999,True,2024-11-27,12.0024,12.7392,11.7427,12.6678,0.0554389122175564,True,92021.4,66197.9955,True,164.0,,,,,,,,,,0.0
candidate_event,2024-12-02,APT,13.4661,13.8191,12.2697,13.7365,32757358.7,13.4666,775.0,449971457.78255,304759178.20901,-0.0888791528670933,1.225499206282897,8.134607,True,2024-12-03,13.7376,14.7774,12.984,14.525,0.0573171441882134,True,95890.5,67201.125,True,182.0,,,,,,,,,,0.0
candidate_event,2024-12-05,APT,14.1446,14.454,13.0588,13.6412,35269780.8,14.146,778.0,481122133.8489599,369527015.82856,-0.0768556482397851,0.5356880058866806,8.219868,True,2024-12-06,13.6416,14.7902,13.4648,14.686,0.076559934318555,True,97001.5,67658.52649999999,True,190.0,1.0,2024-12-05,2024-12-06,0.076559934318555,0.075559934318555,-0.0129603565564156,0.0841983345062162,liquidity,development,1.0
candidate_event,2025-10-09,APT,5.1685,5.1696,4.8006,5.0019,38169079.8,5.1684,1086.0,190917920.25162,97749677.29458,-0.0711632226607847,0.5473083197389882,4.8372535,True,2025-10-10,5.002,5.114,1.7416,3.6441,-0.2714714114354258,True,121579.3,106396.583,True,135.0,1.0,2025-10-09,2025-10-10,-0.2714714114354258,-0.2724714114354258,-0.6518192722910836,0.0223910435825669,liquidity,development,1.0
candidate_event,2023-02-22,AR,11.641,12.087,10.7,11.217,5257152.3,11.638,512.0,58969477.3491,44177386.0662,-0.0805980409004983,0.5511727078891268,10.025875,True,2023-02-23,11.217,11.489,10.728,10.983,-0.0208611928323081,True,24171.3,19743.7235,True,99.0,,,,,,,,,,0.0
candidate_event,2023-11-10,AR,7.517,7.863,6.923,7.858,3666506.6,7.516,773.0,28811408.8628,11881562.1246,-0.0788983501862693,1.576728499156829,5.40957,True,2023-11-11,7.858,7.919,7.105,7.225,-0.080554848561975,True,37330.4,28593.6985,True,106.0,2.0,2023-11-10,2023-11-11,-0.080554848561975,-0.081554848561975,-0.095825909900738,0.0077627895138712,liquidity,development,1.0
candidate_event,2023-12-18,AR,9.399,9.56,8.477,9.313,5762824.7,9.398,811.0,53669186.4311,21018304.7382,-0.097999574377527,0.9077090119435406,5.624944999999999,True,2023-12-19,9.312,9.467,8.571,8.754,-0.0599226804123711,True,42671.7,30843.7285,True,122.0,,,,,,,,,,0.0
candidate_event,2024-01-12,AR,9.504,9.863,8.791,9.202,2127057.7,9.504,836.0,19573184.9554,22341482.947350003,-0.0750210437710436,0.5764375876577841,6.121795,True,2024-01-13,9.202,10.31,8.881,10.047,0.091827863507933,True,42788.9,32906.71400000001,True,126.0,,,,,,,,,,0.0
candidate_event,2024-03-12,AR,39.678,41.435,35.975,37.953,2103292.3,39.662,896.0,79826252.6619,94789736.8835,-0.0929605163632695,0.5364795226471394,9.29542,True,2024-03-13,37.954,41.081,37.133,37.766,-0.0049533645992517,True,71503.2,39328.863000000005,True,149.0,,,,,,,,,,0.0
candidate_event,2024-04-10,AR,31.926,32.048,29.111,31.206,1197197.2,31.926,925.0,37359735.8232,71491541.2216,-0.0881726492513937,0.7442273534635881,13.90497,True,2024-04-11,31.208,32.05,30.32,31.033,-0.0056075365290949,True,70681.7,45441.989,True,154.0,,,,,,,,,,0.0
candidate_event,2024-04-19,AR,25.069,28.246,22.667,27.5,2888744.9,25.074,934.0,79440484.75,49925578.0702,-0.0959958522772592,2.0078936435396755,14.902955,True,2024-04-20,27.5,32.948,27.169,32.476,0.1809454545454545,True,63787.4,47146.931,True,153.0,,,,,,,,,,0.0
candidate_event,2024-06-14,AR,29.069,32.162,26.888,28.48,4078435.0,29.071,990.0,116153828.8,83012757.11230001,-0.0750920160985174,0.7292716445258813,24.15911,True,2024-06-15,28.481,29.481,28.257,28.298,-0.0064253361890384,True,66039.7,56360.26,True,128.0,2.0,2024-06-14,2024-06-15,-0.0064253361890384,-0.0074253361890384,-0.0078648923843965,0.0351111267160562,liquidity,development,1.0
candidate_event,2024-12-04,AR,28.023,28.434,25.814,26.982,5223657.2,28.022,1163.0,140944718.5704,73507658.4109,-0.0787952323174647,0.5289855072463768,24.698850000000004,True,2024-12-05,26.985,28.011,25.47,26.891,-0.0034834167129887,True,98669.8,67504.716,True,187.0,2.0,2024-12-04,2024-12-05,-0.0034834167129887,-0.0044834167129887,-0.056142301278488,0.0380211228460256,liquidity,development,1.0
candidate_event,2023-11-10,ARB,1.2088,1.2265,1.121,1.1743,284314808.0,1.2087,232.0,333870879.0344,186890215.41003495,-0.0725572929593779,0.6077537058152774,1.054216,True,2023-11-11,1.1743,1.1831,1.1126,1.1384,-0.0305714042408241,True,37330.4,28593.6985,True,106.0,1.0,2023-11-10,2023-11-11,-0.0305714042408241,-0.0315714042408241,-0.0525419398790767,0.0074938261091714,liquidity,development,1.0
candidate_event,2023-11-14,ARB,1.1153,1.1172,1.0119,1.0773,257198764.1,1.1153,236.0,277080228.56493,223532915.28642,-0.0927104814848022,0.6324951644100575,1.0488345,True,2023-11-15,1.0773,1.1516,1.0742,1.143,0.0609857978279031,True,35559.0,28747.954500000003,True,115.0,,,,,,,,,,0.0
candidate_event,2023-12-04,ARB,1.0981,1.1513,1.0006,1.0934,326368811.6,1.0981,256.0,356851658.60344,209682582.93657,-0.0887897277115018,0.9517948717948704,1.0305445,True,2023-12-05,1.0935,1.1098,1.048,1.092,-0.0013717421124826,True,41993.1,29736.681,True,117.0,2.0,2023-12-04,2023-12-05,-0.0013717421124826,-0.0023717421124826,-0.041609510745313,0.0149062642889803,liquidity,development,1.0
candidate_event,2023-12-14,ARB,1.187,1.2053,1.1028,1.1842,271883980.5,1.187,266.0,321965009.7081,210767429.30461,-0.0709351305812974,0.9667458432304022,1.0304185,True,2023-12-15,1.1842,1.1858,1.0885,1.1007,-0.0705117378821144,True,43032.4,30549.153,True,119.0,,,,,,,,,,0.0
candidate_event,2023-12-23,ARB,1.4207,1.458,1.3072,1.3949,496952554.9,1.4208,275.0,693199118.8300099,209935428.24588,-0.079954954954955,0.7720070422535211,1.029706,True,2023-12-24,1.3948,1.4662,1.3267,1.3551,-0.0284628620590766,True,43725.2,31260.2615,True,125.0,1.0,2023-12-23,2023-12-24,-0.0284628620590766,-0.0294628620590766,-0.0488242041869801,0.0511901347863492,liquidity,development,1.0
candidate_event,2024-01-05,ARB,2.0052,2.0181,1.8181,1.9515,516270605.0,2.0052,288.0,1007502085.6575,483879503.175365,-0.093307400758029,0.7129877071084986,1.068619,True,2024-01-06,1.9514,1.9643,1.6872,1.7516,-0.1023880291073076,True,44145.4,32373.3135,True,128.0,1.0,2024-01-05,2024-01-06,-0.1023880291073076,-0.1033880291073076,-0.1353899764271804,0.0066106385159372,liquidity,development,1.0
candidate_event,2024-01-08,ARB,1.7211,1.8632,1.5673,1.8213,534040129.9,1.7209,291.0,972647288.58687,542109461.5525,-0.0892556220582254,1.6536458333333317,1.078538,True,2024-01-09,1.8213,1.85,1.616,1.8436,0.0122440015373634,True,46972.7,32606.7745,True,126.0,,,,,,,,,,0.0
candidate_event,2024-01-12,ARB,2.2589,2.4074,2.0936,2.204,599410729.5,2.259,295.0,1321101247.818,585205143.49943,-0.0732182381584771,0.6674727932285386,1.0988895,True,2024-01-13,2.204,2.22,2.0704,2.1764,-0.0125226860254084,True,42788.9,32906.71400000001,True,126.0,1.0,2024-01-12,2024-01-13,-0.0125226860254084,-0.0135226860254084,-0.0606170598911072,0.0072595281306715,liquidity,development,1.0
candidate_event,2024-01-19,ARB,1.8924,1.9045,1.7234,1.8565,289616753.6,1.8924,302.0,537673503.0584,634420327.14133,-0.0893045867681251,0.7875739644970412,1.1297275,True,2024-01-20,1.8565,1.8566,1.7582,1.8167,-0.0214381901427417,True,41662.2,33316.779500000004,True,125.0,2.0,2024-01-19,2024-01-20,-0.0214381901427417,-0.0224381901427417,-0.0529490977646108,5.386479935354238e-05,liquidity,development,1.0
candidate_event,2024-01-23,ARB,1.6895,1.7377,1.5432,1.6898,385408693.5,1.6895,306.0,651263610.2763,587109595.09783,-0.0865936667653152,1.0020505809979492,1.1425,True,2024-01-24,1.6899,1.7447,1.6325,1.7375,0.0281673471803065,True,39890.0,33523.1895,True,124.0,1.0,2024-01-23,2024-01-24,0.0281673471803065,0.0271673471803065,-0.033966506893899,0.0324279543168235,liquidity,development,1.0
candidate_event,2024-02-20,ARB,2.0555,2.0937,1.9001,2.0118,272210279.6,2.0555,334.0,547632640.4992801,325302289.13063,-0.0756020432984675,0.7187902187902198,1.240999,True,2024-02-21,2.012,2.0198,1.8057,1.8781,-0.0665506958250496,True,52297.4,35792.735,True,106.0,,,,,,,,,,0.0
candidate_event,2024-03-08,ARB,2.1673,2.2792,1.9946,2.1359,300753509.9,2.1672,351.0,642379421.7954099,359022982.377825,-0.079641934293097,0.818655851680186,1.3138740000000002,True,2024-03-09,2.136,2.1685,2.0771,2.0991,-0.0172752808988764,True,68180.2,38447.168,True,143.0,1.0,2024-03-08,2024-03-09,-0.0172752808988764,-0.0182752808988764,-0.0275749063670411,0.0152153558052432,liquidity,development,1.0
candidate_event,2024-03-12,ARB,2.0863,2.1038,1.9,2.0195,278125808.8,2.0862,355.0,561675070.8716,375626219.752125,-0.0892531876138432,0.6417830290010741,1.335654,True,2024-03-13,2.0195,2.26,2.0194,2.1175,0.0485268630849222,True,71503.2,39328.863000000005,True,149.0,,,,,,,,,,0.0
candidate_event,2024-03-17,ARB,1.7577,1.7769,1.613,1.7376,309045101.1,1.7577,360.0,536996767.67136,452630426.35286,-0.0823234909256415,0.8610919143054596,1.359408,True,2024-03-18,1.7376,1.7413,1.6006,1.6249,-0.064859576427256,True,68447.9,40402.589,True,154.0,1.0,2024-03-17,2024-03-18,-0.064859576427256,-0.065859576427256,-0.0788443830570903,0.0021293738489871,liquidity,development,1.0
candidate_event,2024-11-24,ARB,0.856,0.9126,0.7954,0.8629,441997570.9,0.856,612.0,381399703.92961,157731823.13595,-0.0707943925233645,1.1138613861386142,0.7050605,True,2024-11-25,0.863,0.9562,0.823,0.9057,0.0494785631517959,True,97960.4,65891.7095,True,149.0,,,,,,,,,,0.0
candidate_event,2024-11-26,ARB,0.9057,0.928,0.83,0.8708,414302351.0,0.9057,614.0,360774487.2508,177790129.13808,-0.0835817599646682,0.5389696169088516,0.7037675,True,2024-11-27,0.8707,0.9756,0.8483,0.9683,0.1120937176984036,True,92021.4,66197.9955,True,164.0,,,,,,,,,,0.0
candidate_event,2024-12-02,ARB,0.97,1.0531,0.8971,1.0277,552889572.9,0.9699,620.0,568204614.06933,246712952.31013,-0.0750592844623156,1.7939560439560451,0.7032974999999999,True,2024-12-03,1.0277,1.0874,0.9623,1.0458,0.0176121436216794,True,95890.5,67201.125,True,182.0,,,,,,,,,,0.0
candidate_event,2024-12-10,ARB,0.9599,1.0156,0.8744,0.9381,538367830.2,0.9598,628.0,505042861.51062006,298634709.22952,-0.0889768701812877,0.7459016393442631,0.7024345,True,2024-12-11,0.9381,1.0222,0.892,0.9993,0.065238247521586,True,96602.4,68395.6005,True,194.0,,,,,,,,,,0.0
candidate_event,2025-01-08,ARB,0.8201,0.8301,0.7507,0.7865,234653191.4,0.8202,657.0,184554735.0361,203478464.51020497,-0.0847354303828334,0.5151079136690638,0.6788164999999999,True,2025-01-09,0.7865,0.7983,0.7303,0.7428,-0.0555626191989827,True,95014.1,72801.88,True,176.0,,,,,,,,,,0.0
candidate_event,2025-07-30,ARB,0.4248,0.4264,0.392,0.4152,438396095.3,0.4247,860.0,182022058.76856,211152172.98254505,-0.0769955262538262,0.7094801223241588,0.409414,True,2025-07-31,0.4153,0.4314,0.3949,0.3974,-0.043101372501806,True,117771.0,98879.3845,True,150.0,,,,,,,,,,0.0
candidate_event,2024-11-13,ARK,0.5779,0.6841,0.535,0.6525,303522000.0,0.5779,421.0,198048105.0,34946658.1076,-0.0742342965911055,2.7389277389277416,0.510243,True,2024-11-14,0.6524,0.6524,0.5759,0.5882,-0.098405885959534,True,90413.3,64157.32399999999,True,121.0,,,,,,,,,,0.0
candidate_event,2024-11-26,ARK,0.6945,0.7415,0.6425,0.6966,87570884.0,0.6946,434.0,61001877.7944,27477732.4029,-0.0750071983875612,1.038387715930902,0.4992725,True,2024-11-27,0.6966,0.7095,0.6621,0.7072,0.0152167671547516,True,92021.4,66197.9955,True,164.0,,,,,,,,,,0.0
candidate_event,2024-12-02,ARK,0.7331,0.7337,0.661,0.7169,39530152.0,0.7329,440.0,28339165.9688,27477732.4029,-0.0981034247509892,0.7774687065368564,0.496533,True,2024-12-03,0.717,0.7617,0.6431,0.7559,0.0542538354253836,True,95890.5,67201.125,True,182.0,,,,,,,,,,0.0
candidate_event,2025-01-10,ARK,0.6679,0.6703,0.6072,0.642,172088089.0,0.668,479.0,110480553.138,13355359.341200002,-0.0910179640718563,0.5723684210526317,0.464144,True,2025-01-11,0.642,0.6809,0.6243,0.6389,-0.004828660436137,True,94675.5,73120.4445,True,174.0,2.0,2025-01-10,2025-01-11,-0.004828660436137,-0.005828660436137,-0.027570093457944,0.0605919003115262,liquidity,development,1.0
candidate_event,2025-01-27,ARK,0.5302,0.5341,0.4788,0.517,20654608.0,0.5303,496.0,10678432.336,23196508.2991,-0.0971148406562323,0.7417475728155344,0.4804925,True,2025-01-28,0.5169,0.5302,0.4837,0.488,-0.0559102340878313,True,102021.3,76666.3335,True,153.0,,,,,,,,,,0.0
candidate_event,2024-02-29,ARKM,2.1872,2.4096,2.023,2.1278,200774591.0,2.1872,216.0,427208174.7298001,24867789.3968,-0.0750731528895389,0.6382460414129123,0.5261055,True,2024-03-01,2.1277,2.8722,2.126,2.6817,0.2603750528739954,True,61203.3,36934.583000000006,True,127.0,1.0,2024-02-29,2024-03-01,0.2603750528739954,0.2593750528739954,-0.0007989848192884,0.3499083517413168,liquidity,development,1.0
candidate_event,2024-03-06,ARKM,2.2847,2.9745,2.1,2.947,89339245.0,2.2846,222.0,263282755.015,149155050.4896,-0.0808018909218244,4.588299024918741,0.591629,True,2024-03-07,2.9471,3.108,2.62,2.8213,-0.0426860303349054,True,66128.1,38033.3735,True,139.0,1.0,2024-03-06,2024-03-07,-0.0426860303349054,-0.0436860303349054,-0.1109904652030808,0.0545960435682535,liquidity,development,1.0
candidate_event,2024-03-11,ARKM,3.2142,3.4085,2.897,3.0634,91272586.0,3.2142,227.0,279604439.9524,219079564.8933,-0.0986870760998072,0.524590163934427,0.661214,True,2024-03-12,3.064,3.2214,2.9,3.147,0.027088772845953,True,72153.8,39101.605500000005,True,147.0,,,,,,,,,,0.0
candidate_event,2024-04-01,ARKM,2.6162,2.788,2.3617,2.7116,65736810.0,2.616,248.0,178251933.996,168808356.40795,-0.0972094801223242,1.375933936295712,0.9101865,True,2024-04-02,2.7112,2.7418,2.41,2.4798,-0.0853496606668633,True,69700.0,43555.8975,True,156.0,1.0,2024-04-01,2024-04-02,-0.0853496606668633,-0.0863496606668633,-0.1110947182059604,0.0112865151962231,liquidity,development,1.0
candidate_event,2024-04-05,ARKM,2.1825,2.2256,2.0234,2.1801,26674345.0,2.1825,252.0,58152739.5345,127454942.5452,-0.0728980526918671,0.9849151477058442,0.9477405,True,2024-04-06,2.1801,2.3042,2.1468,2.1885,0.0038530342644833,True,67825.7,44362.851,True,154.0,,,,,,,,,,0.0
candidate_event,2024-04-17,ARKM,1.5805,1.6094,1.4322,1.5569,44386582.0,1.5805,264.0,69105469.5158,76760998.43044999,-0.093831066118317,0.8408631153068102,1.0357535,True,2024-04-18,1.5568,1.7382,1.4926,1.6796,0.078879753340185,True,61254.5,46788.06399999999,True,155.0,,,,,,,,,,0.0
candidate_event,2024-04-19,ARKM,1.6797,1.77,1.5209,1.7315,39047160.0,1.6796,266.0,67610157.54,73589379.77655,-0.0944867825672779,1.3270321361058603,1.0484315,True,2024-04-20,1.7312,2.064,1.6844,2.0223,0.1681492606284658,True,63787.4,47146.931,True,153.0,,,,,,,,,,0.0
candidate_event,2024-12-03,ARKM,2.2703,2.6086,2.1042,2.3984,91802871.0,2.2703,494.0,220180005.8064,134841655.95835,-0.0731621371624895,1.7712221553281142,1.642244,True,2024-12-04,2.3997,2.4747,2.2828,2.3732,-0.0110430470475475,True,95913.3,67345.7915,True,183.0,,,,,,,,,,0.0
candidate_event,2025-09-10,ARKM,0.6462,0.6642,0.5932,0.6232,141264134.0,0.6463,775.0,88035808.3088,24603945.6688,-0.0821599876218475,0.5649717514124295,0.5412975,True,2025-09-11,0.6232,0.6927,0.6065,0.6488,0.0410783055198973,True,113896.8,101933.988,True,140.0,2.0,2025-09-10,2025-09-11,0.0410783055198973,0.0400783055198973,-0.0267971758664954,0.1115211810012837,liquidity,development,1.0
candidate_event,2023-05-13,ARPA,0.05517,0.0585,0.05122,0.05421,5446562299.0,0.05516,571.0,295258142.22879,14283238.946735,-0.0714285714285714,0.7588832487309646,0.03570375,True,2023-05-14,0.05421,0.06359,0.0517,0.05181,-0.0442722744881017,True,26762.7,22310.4665,True,97.0,1.0,2023-05-13,2023-05-14,-0.0442722744881017,-0.0452722744881017,-0.0463014204021398,0.173030806124331,liquidity,development,1.0
candidate_event,2023-05-25,ARPA,0.10957,0.11899,0.10123,0.1143,20269321031.0,0.10947,583.0,2316783393.8433,67866178.510195,-0.0752717639535945,1.5861650485436896,0.0374157,True,2023-05-26,0.11431,0.11887,0.10326,0.10712,-0.0628991339340389,True,26461.8,22686.177000000003,True,88.0,1.0,2023-05-25,2023-05-26,-0.0628991339340389,-0.0638991339340389,-0.0966669582713672,0.0398915230513516,liquidity,development,1.0
candidate_event,2023-06-30,ARPA,0.05356,0.05645,0.04885,0.05451,1344288437.0,0.05355,619.0,73277162.70087,101491150.43535,-0.0877684407096172,1.204255319148937,0.04272195,True,2023-07-01,0.05451,0.0557,0.05409,0.05562,0.0203632361034673,True,30460.2,24627.6965,True,98.0,2.0,2023-06-30,2023-07-01,0.0203632361034673,0.0193632361034673,-0.007705008255366,0.0218308567235367,liquidity,development,1.0
candidate_event,2023-12-18,ARPA,0.0508,0.05106,0.04633,0.04951,342323676.0,0.05081,790.0,16948445.19876,11973421.98107,-0.0881716197598897,0.7098214285714278,0.04794385,True,2023-12-19,0.04952,0.05129,0.04886,0.04932,-0.0040387722132471,True,42671.7,30843.7285,True,122.0,,,,,,,,,,0.0
candidate_event,2024-01-08,ARPA,0.05973,0.06487,0.05487,0.06269,697603792.0,0.05974,811.0,43732781.72048,16041858.72073,-0.0815199196518245,1.6057494866529762,0.04866515,True,2024-01-09,0.0627,0.06548,0.05785,0.06085,-0.0295055821371611,True,46972.7,32606.7745,True,126.0,,,,,,,,,,0.0
candidate_event,2024-01-09,ARPA,0.0627,0.06548,0.05785,0.06085,417982567.0,0.06269,812.0,25434239.20195,17160735.480645,-0.0772052959004625,0.6198347107438026,0.0487115,True,2024-01-10,0.06085,0.06752,0.05973,0.06658,0.0941659819227609,True,46114.0,32683.9775,True,125.0,,,,,,,,,,0.0
candidate_event,2024-01-12,ARPA,0.06948,0.07299,0.0641,0.0702,439799108.0,0.06948,815.0,30873897.3816,20186185.08716,-0.0774323546344271,1.1338289962825276,0.04889025,True,2024-01-13,0.0702,0.07173,0.06592,0.06865,-0.022079772079772,True,42788.9,32906.71400000001,True,126.0,,,,,,,,,,0.0
candidate_event,2024-01-19,ARPA,0.06776,0.06795,0.06219,0.0653,299350908.0,0.06775,822.0,19547614.2924,22876712.707055,-0.0820664206642066,0.5593525179856104,0.0493778999999999,True,2024-01-20,0.06528,0.06633,0.06318,0.06498,-0.0045955882352942,True,41662.2,33316.779500000004,True,125.0,,,,,,,,,,0.0
candidate_event,2024-01-23,ARPA,0.0609,0.06189,0.05497,0.05857,223090142.0,0.06088,826.0,13066389.61694,22876712.707055,-0.0970762155059132,0.6091370558375634,0.04962325,True,2024-01-24,0.05857,0.05984,0.05765,0.05967,0.0187809458767287,True,39890.0,33523.1895,True,124.0,,,,,,,,,,0.0
candidate_event,2024-03-15,ARPA,0.09251,0.11221,0.0835,0.09712,1753703363.0,0.0925,878.0,170319670.61456,21001261.092555,-0.0972972972972971,1.5133333333333336,0.05453175,True,2024-03-16,0.09713,0.09849,0.08172,0.0833,-0.1423864923298671,True,69552.2,40008.547,True,152.0,,,,,,,,,,0.0
candidate_event,2024-04-16,ARPA,0.0714,0.07304,0.06611,0.07101,315173233.0,0.0714,910.0,22380451.27533,33233564.06461,-0.0740896358543418,0.9262759924385632,0.06164425,True,2024-04-17,0.071,0.0715,0.06548,0.06824,-0.0388732394366196,True,63765.0,46616.546,True,153.0,,,,,,,,,,0.0
candidate_event,2024-04-19,ARPA,0.0703,0.07281,0.06402,0.06999,288785600.0,0.07032,913.0,20212104.144,30418113.045555,-0.0895904436860068,0.947619047619048,0.06202,True,2024-04-20,0.07,0.07705,0.06905,0.07647,0.0924285714285713,True,63787.4,47146.931,True,153.0,,,,,,,,,,0.0
candidate_event,2024-11-12,ARPA,0.05394,0.05673,0.04976,0.05291,804798778.0,0.05393,1120.0,42581903.34398,20871117.946375,-0.0773224550343036,0.7553956834532374,0.0486418,True,2024-11-13,0.05291,0.05389,0.04801,0.05086,-0.0387450387450386,True,87972.0,64022.3625,True,117.0,,,,,,,,,,0.0
candidate_event,2024-11-13,ARPA,0.05291,0.05389,0.04801,0.05086,1051231515.0,0.05291,1121.0,53465634.852900006,21890765.566205,-0.0926100926100926,0.5816326530612254,0.0485449,True,2024-11-14,0.05086,0.05364,0.04886,0.04977,-0.0214313802595359,True,90413.3,64157.32399999999,True,121.0,,,,,,,,,,0.0
candidate_event,2024-11-26,ARPA,0.05667,0.05942,0.05208,0.05518,305950291.0,0.05667,1134.0,16882337.05738,20000278.33565,-0.0809952355743779,0.6753812636165579,0.0477029999999999,True,2024-11-27,0.05518,0.06114,0.05414,0.06019,0.0907937658571946,True,92021.4,66197.9955,True,164.0,,,,,,,,,,0.0
candidate_event,2024-12-02,ARPA,0.06436,0.06538,0.05983,0.06478,246304837.0,0.06436,1140.0,15955627.340860002,19588772.41997,-0.0703853325046612,1.0927152317880804,0.0474263,True,2024-12-03,0.06476,0.0735,0.06366,0.07247,0.1190549722050648,True,95890.5,67201.125,True,182.0,,,,,,,,,,0.0
candidate_event,2023-11-18,ASTR,0.06472,0.06476,0.05847,0.0628,236997244.0,0.06472,277.0,14883426.923199998,17761810.357830003,-0.0965698393077874,0.6927999999999991,0.0509521499999999,True,2023-11-19,0.06279,0.06901,0.06125,0.06805,0.0837713011626055,True,36580.9,28908.5435,True,119.0,,,,,,,,,,0.0
candidate_event,2023-12-26,ASTR,0.10829,0.1197,0.1001,0.1187,739322317.0,0.1083,315.0,87757559.0279,15038125.59137,-0.0757156048014773,2.2682926829268304,0.0560825499999999,True,2023-12-27,0.1187,0.13795,0.11847,0.12778,0.0764953664700927,True,42538.5,31509.655999999995,True,127.0,,,,,,,,,,0.0
candidate_event,2024-01-10,ASTR,0.13789,0.15216,0.12544,0.14394,749596277.0,0.13789,330.0,107896888.11138,77102643.628035,-0.0902893610849229,1.485943775100401,0.06381745,True,2024-01-11,0.14398,0.16494,0.14395,0.16278,0.1305736907903876,True,46662.9,32764.671,True,126.0,,,,,,,,,,0.0
candidate_event,2024-01-23,ASTR,0.16768,0.17503,0.15408,0.17463,784042683.0,0.16768,343.0,136917373.73229,106475414.546105,-0.0811068702290076,1.5110294117647067,0.0716129,True,2024-01-24,0.17463,0.17875,0.1686,0.17735,0.0155757888106282,True,39890.0,33523.1895,True,124.0,,,,,,,,,,0.0
candidate_event,2024-03-12,ASTR,0.16652,0.16756,0.15142,0.16112,317506344.0,0.16655,392.0,51156622.14528,34936756.84908,-0.0908435905133593,0.6411103767349644,0.1009711499999999,True,2024-03-13,0.16112,0.16732,0.15684,0.16224,0.00695134061569,True,71503.2,39328.863000000005,True,149.0,,,,,,,,,,0.0
candidate_event,2024-11-24,ASTR,0.076764,0.084443,0.07076,0.077613,696223065.0,0.076757,649.0,54035960.743845,10028462.545323,-0.0781296819834022,1.142738035684508,0.06879594,True,2024-11-25,0.077656,0.081207,0.074281,0.076316,-0.0172555887503864,True,97960.4,65891.7095,True,149.0,,,,,,,,,,0.0
candidate_event,2024-12-02,ASTR,0.082906,0.085232,0.0758,0.081372,403156245.0,0.082869,657.0,32805629.96814,18048655.726814,-0.0853033100435626,0.7882303013156033,0.068454935,True,2024-12-03,0.081384,0.089843,0.076,0.089238,0.0965054556178117,True,95890.5,67201.125,True,182.0,,,,,,,,,,0.0
candidate_event,2021-08-30,ATOM,21.241,23.957,19.51,22.185,11818817.07,21.241,241.0,262200456.69795,99617829.72987,-0.0814933383550678,1.5453495089543616,17.408725,True,2021-08-31,22.18,26.28,21.6,22.925,0.0335888187556356,True,47024.7,46078.15415,True,69.0,1.0,2021-08-30,2021-08-31,0.0335888187556356,0.0325888187556356,-0.0261496844003605,0.1848512173128946,liquidity,development,1.0
candidate_event,2021-09-06,ATOM,25.748,27.154,23.38,25.129,10435759.74,25.76,248.0,262240206.50646,158830992.231695,-0.0923913043478261,0.7348739495798321,17.492835,True,2021-09-07,25.136,27.48,16.738,21.095,-0.1607654360280076,True,52683.97,46105.71445,True,69.0,2.0,2021-09-06,2021-09-07,-0.1607654360280076,-0.1617654360280076,-0.334102482495226,0.093252705283259,liquidity,development,1.0
candidate_event,2021-09-16,ATOM,34.135,37.3,31.176,37.137,22419890.26,34.136,258.0,832607464.58562,245825858.94682503,-0.0867119756269042,2.013851351351349,17.999185,True,2021-09-17,37.126,38.1,32.49,33.48,-0.0982061089263589,True,47745.55,45888.3452,True,70.0,1.0,2021-09-16,2021-09-17,-0.0982061089263589,-0.0992061089263589,-0.1248720573183213,0.0262349835694661,liquidity,development,1.0
candidate_event,2021-09-19,ATOM,40.738,44.639,37.787,44.27,38527168.88,40.743,261.0,1705597766.3176005,284897271.778685,-0.0725523402793119,2.1931664411366705,18.296535,True,2021-09-20,44.283,44.789,33.32,34.004,-0.2321206783641578,True,47256.91,45860.48595,True,70.0,1.0,2021-09-19,2021-09-20,-0.2321206783641578,-0.2331206783641578,-0.2475667863514216,0.0114265067858998,liquidity,development,1.0
candidate_event,2021-11-01,ATOM,37.282,38.224,34.646,37.339,8800451.62,37.281,304.0,328600063.03918,392019108.265125,-0.0706794345645234,1.022011385199241,21.647884999999995,True,2021-11-02,37.346,38.5,36.3,37.129,-0.0058105285706634,True,60942.87,45262.003500000006,True,70.0,1.0,2021-11-01,2021-11-02,-0.0058105285706634,-0.0068105285706634,-0.0280083543083596,0.0309002302790126,liquidity,development,1.0
candidate_event,2021-11-06,ATOM,36.804,37.1,34.101,36.254,6374495.0,36.804,309.0,231100941.73,328336530.44939,-0.0734431040104337,0.7965223825379195,22.020285,True,2021-11-07,36.251,36.52,35.519,35.785,-0.0128548177981296,True,61511.3,45364.31595,True,70.0,1.0,2021-11-06,2021-11-07,-0.0128548177981296,-0.0138548177981296,-0.0201925464125127,0.0074204849521393,liquidity,development,1.0
candidate_event,2021-11-12,ATOM,32.943,33.009,30.577,32.063,7317123.05,32.951,315.0,234608916.35215,325435641.86076,-0.0720463718855269,0.6259477674810453,22.456835,True,2021-11-13,32.063,33.2,31.952,32.541,0.0149081495805132,True,64156.08,45774.6307,True,71.0,,,,,,,,,,0.0
candidate_event,2021-11-28,ATOM,26.738,27.621,24.662,27.396,7114245.09,26.743,331.0,194901858.48564,254586710.51487,-0.0778147552630594,1.3137914464199916,22.85294,True,2021-11-29,27.391,28.439,26.731,28.101,0.0259209229308896,True,57315.73,46007.4503,True,73.0,,,,,,,,,,0.0
candidate_event,2023-11-09,ATOM,8.643,9.07,7.969,9.023,26853818.45,8.643,1042.0,242302003.87435,104703411.46932,-0.0779821821126923,1.563798219584568,8.607345,True,2023-11-10,9.022,9.534,8.92,9.179,0.0174019064508978,True,36719.5,28544.534,True,102.0,1.0,2023-11-09,2023-11-10,0.0174019064508978,0.0164019064508978,-0.0113056971846597,0.0567501662602527,liquidity,development,1.0
candidate_event,2023-12-13,ATOM,11.745,11.937,10.734,11.652,68169370.93,11.746,1076.0,794309510.07636,188019927.8187,-0.0861569896134855,0.9071146245059276,8.3874,True,2023-12-14,11.653,11.925,10.913,11.537,-0.0099545181498326,True,42875.0,30474.2695,True,119.0,,,,,,,,,,0.0
candidate_event,2023-12-18,ATOM,11.104,11.156,10.208,10.897,22183824.42,11.105,1081.0,241737134.70474,188019927.8187,-0.0807744259342638,0.7681159420289854,8.403435,True,2023-12-19,10.898,11.03,10.284,10.415,-0.0443200587263719,True,42671.7,30843.7285,True,122.0,,,,,,,,,,0.0
candidate_event,2023-12-26,ATOM,11.908,12.641,10.959,11.645,44478243.43,11.908,1089.0,517949144.74235,238007873.4399,-0.0796943231441047,0.7228661749209695,8.452455,True,2023-12-27,11.646,12.114,11.16,11.98,0.028679374892667,True,42538.5,31509.655999999995,True,127.0,,,,,,,,,,0.0
candidate_event,2024-02-20,ATOM,10.739,10.763,9.92,10.375,15555520.85,10.74,1145.0,161388528.81875,94016902.1058,-0.0763500931098696,0.5548780487804877,8.69426,True,2024-02-21,10.376,10.377,9.73,9.988,-0.0373939861218195,True,52297.4,35792.735,True,106.0,,,,,,,,,,0.0
candidate_event,2024-03-03,ATOM,12.219,12.304,11.2,12.172,15601977.99,12.22,1157.0,189907276.09428,121761682.60828,-0.0834697217675942,0.9529411764705884,8.850175,True,2024-03-04,12.172,12.863,12.074,12.495,0.0265363128491618,True,63178.5,37436.2145,True,132.0,,,,,,,,,,0.0
candidate_event,2024-03-08,ATOM,13.912,14.025,12.856,13.418,16439162.21,13.911,1162.0,220580678.53378,137396214.25955498,-0.0758392638918841,0.5327014218009475,8.99026,True,2024-03-09,13.418,13.913,13.311,13.362,-0.0041734982858845,True,68180.2,38447.168,True,143.0,,,,,,,,,,0.0
candidate_event,2024-03-12,ATOM,13.729,13.856,12.628,13.424,19455098.46,13.728,1166.0,261165241.72704,158167278.70194,-0.080128205128205,0.7236363636363633,9.112425,True,2024-03-13,13.425,14.15,13.266,14.128,0.0523649906890129,True,71503.2,39328.863000000005,True,149.0,,,,,,,,,,0.0
candidate_event,2024-03-14,ATOM,14.128,14.303,12.914,13.693,27340664.42,14.128,1168.0,374375717.90306,167326595.667575,-0.0859286523216308,0.6416803953871496,9.179905,True,2024-03-15,13.693,13.865,11.82,12.644,-0.076608486087782,True,71455.5,39791.3185,True,151.0,,,,,,,,,,0.0
candidate_event,2024-12-03,ATOM,9.575,10.042,8.9,9.582,30877719.35,9.574,1432.0,295870306.81170005,141316503.53224498,-0.0703989972843116,1.0118694362017815,5.82255,True,2024-12-04,9.583,10.688,9.445,9.939,0.0371491182301992,True,95913.3,67345.7915,True,183.0,,,,,,,,,,0.0
candidate_event,2025-01-13,ATOM,6.458,6.702,5.85,6.283,19360466.88,6.457,1473.0,121641813.40704,69647694.92454,-0.0940065045686852,0.7133443163097208,5.77035,True,2025-01-14,6.282,6.316,6.049,6.266,-0.0025469595670168,True,94485.3,73616.58350000001,True,164.0,,,,,,,,,,0.0
candidate_event,2025-01-27,ATOM,6.091,6.124,5.519,5.991,18230531.48,6.091,1487.0,109219114.09668,70113251.34163499,-0.0939090461336398,0.8251748251748242,5.774414999999999,True,2025-01-28,5.992,6.065,5.601,5.661,-0.0552403204272363,True,102021.3,76666.3335,True,153.0,,,,,,,,,,0.0
candidate_event,2024-12-02,AUCTION,19.583,19.853,17.758,19.082,3755065.78,19.584,353.0,71654165.21395999,21424650.100345,-0.0932393790849673,0.7250821467688945,15.641685,True,2024-12-03,19.083,19.972,18.01,19.747,0.0347953676046743,True,95890.5,67201.125,True,182.0,,,,,,,,,,0.0
candidate_event,2024-12-16,AUCTION,21.643,23.616,19.821,21.015,3411273.06,21.642,367.0,71687903.3559,36241117.01556,-0.0841419462156916,0.6556836902800661,15.784925,True,2024-12-17,21.016,21.313,18.669,18.704,-0.1100114198705747,True,106023.2,69408.12150000001,True,197.0,,,,,,,,,,0.0
candidate_event,2024-12-22,AUCTION,19.056,19.253,17.563,18.382,2252819.76,19.057,373.0,41411332.82832,43175030.29414,-0.0783963897780343,0.5481927710843392,15.656479999999998,True,2024-12-23,18.385,19.38,17.478,18.969,0.0317650258362796,True,95153.5,70308.732,True,200.0,2.0,2024-12-22,2024-12-23,0.0317650258362796,0.0307650258362796,-0.0493336959477834,0.0541202066902364,liquidity,development,1.0
candidate_event,2025-02-26,AUCTION,16.141,18.275,14.542,15.697,7262708.51,16.139,439.0,114002735.48147,14635642.048295,-0.0989528471404671,0.7232310582341889,14.73913,True,2025-02-27,15.697,16.218,14.781,15.007,-0.0439574440975982,True,84208.5,81726.99650000001,True,134.0,,,,,,,,,,0.0
candidate_event,2021-08-22,AVAX,43.768,45.11,40.559,43.788,22282892.0,43.748,233.0,975723274.896,74504965.96900001,-0.0728947609033555,1.0125431169645651,23.78373,True,2021-08-23,43.79,53.526,43.712,46.458,0.0609271523178807,True,49273.28,45839.99105,True,69.0,1.0,2021-08-22,2021-08-23,0.0609271523178807,0.0599271523178807,-0.0017812285910023,0.2223338661794931,liquidity,development,1.0
candidate_event,2021-08-28,AVAX,50.191,51.888,46.13,50.296,17813049.0,50.178,239.0,895925112.504,91697945.873,-0.080672804814859,1.0291501976284592,24.5492315,True,2021-08-29,50.3,52.63,46.7,47.451,-0.0566401590457256,True,48931.99,46063.60465,True,69.0,1.0,2021-08-28,2021-08-29,-0.0566401590457256,-0.0576401590457256,-0.0715705765407553,0.0463220675944335,liquidity,development,1.0
candidate_event,2021-09-14,AVAX,53.136,57.437,48.755,51.496,18661710.0,53.142,256.0,961003418.16,1020767463.364,-0.0825524067592488,0.6248005470708912,25.3127965,True,2021-09-15,51.491,58.209,50.283,57.903,0.1245266163018778,True,47087.18,45865.4168,True,70.0,1.0,2021-09-14,2021-09-15,0.1245266163018778,0.1235266163018778,-0.0234604105571847,0.1304694024198405,liquidity,development,1.0
candidate_event,2021-10-12,AVAX,55.342,55.361,51.03,54.368,11337739.0,55.344,284.0,616410193.952,966951560.9215,-0.0779488291413703,0.7737598516458045,30.3239915,True,2021-10-13,54.361,57.12,53.237,55.035,0.0123985945806737,True,56011.84,45030.98915,True,70.0,1.0,2021-10-12,2021-10-13,0.0123985945806737,0.0113985945806737,-0.0206765879950698,0.0507532974007101,liquidity,development,1.0
candidate_event,2021-10-17,AVAX,57.671,58.599,53.2,56.116,6014299.0,57.683,289.0,337498402.684,813441184.3545,-0.077717871816653,0.6504572830693729,31.0087515,True,2021-10-18,56.112,56.531,54.151,55.538,-0.0102295409181637,True,61571.45,45091.28444999999,True,70.0,1.0,2021-10-17,2021-10-18,-0.0102295409181637,-0.0112295409181637,-0.0349479612204163,0.0074672084402622,liquidity,development,1.0
candidate_event,2021-11-12,AVAX,87.919,89.989,81.2,84.855,4632380.0,87.916,315.0,393080604.9,424936978.7935,-0.0763911005960233,0.5442227516378804,36.4047745,True,2021-11-13,84.822,98.7,84.803,97.675,0.1515290844356416,True,64156.08,45774.6307,True,71.0,2.0,2021-11-12,2021-11-13,0.1515290844356416,0.1505290844356416,-0.0002239984909575,0.1636132135530876,liquidity,development,1.0
candidate_event,2021-12-03,AVAX,107.857,113.129,98.5,108.279,7660478.0,107.875,336.0,829468897.362,852696206.902,-0.0869061413673233,1.043093333333333,44.612775,True,2021-12-04,108.276,108.75,75.0,92.986,-0.1412131959067567,True,53612.0,46236.2893,True,73.0,1.0,2021-12-03,2021-12-04,-0.1412131959067567,-0.1422131959067567,-0.3073257231519449,0.0043777014296797,liquidity,development,1.0
candidate_event,2023-04-26,AVAX,17.619,18.235,16.18,17.167,14881319.0,17.619,845.0,255467603.27300003,155025230.3275,-0.0816731937113344,0.6858929812369714,16.0572,True,2023-04-27,17.168,17.919,17.096,17.712,0.0316868592730661,True,28395.9,21540.7145,True,98.0,,,,,,,,,,0.0
candidate_event,2023-11-17,AVAX,21.717,24.68,20.001,21.928,81777427.0,21.719,1050.0,1793215419.256,209837667.0275,-0.0791012477554214,1.1216530849825377,12.3076,True,2023-11-18,21.928,22.7,20.174,21.999,0.0032378693907331,True,36621.9,28868.9215,True,119.0,2.0,2023-11-17,2023-11-18,0.0032378693907331,0.0022378693907331,-0.0799890550893834,0.0352061291499452,liquidity,development,1.0
candidate_event,2023-11-18,AVAX,21.928,22.7,20.174,21.999,41250312.0,21.928,1051.0,907465613.688,213079154.93,-0.0799890550893834,1.040478905359178,12.3334,True,2023-11-19,21.999,23.05,20.763,22.862,0.0392290558661756,True,36580.9,28908.5435,True,119.0,1.0,2023-11-18,2023-11-19,0.0392290558661756,0.0382290558661756,-0.0561843720169097,0.0477748988590391,liquidity,development,1.0
candidate_event,2023-12-04,AVAX,21.958,23.231,20.253,22.709,26349820.0,21.957,1067.0,598378062.38,445653586.34,-0.0776062303593387,1.4413145539906096,12.780275,True,2023-12-05,22.703,24.86,21.813,24.557,0.0816632163150243,True,41993.1,29736.681,True,117.0,1.0,2023-12-04,2023-12-05,0.0816632163150243,0.0806632163150243,-0.0392018675945911,0.0950094701140817,liquidity,development,1.0
candidate_event,2023-12-13,AVAX,37.518,41.5,34.07,39.021,55610384.0,37.518,1076.0,2169972794.064,704690450.552,-0.0919025534410149,1.4359048723897911,13.586265,True,2023-12-14,39.022,40.346,36.1,39.295,0.0069960535082773,True,42875.0,30474.2695,True,119.0,2.0,2023-12-13,2023-12-14,0.0069960535082773,0.0059960535082773,-0.0748808364512325,0.0339295781866639,liquidity,development,1.0
candidate_event,2023-12-14,AVAX,39.022,40.346,36.1,39.295,31258433.0,39.021,1077.0,1228300124.735,720779458.3485,-0.0748571282130134,1.0938034919548103,13.708235,True,2023-12-15,39.292,42.353,38.509,39.749,0.0116308663341138,True,43032.4,30549.153,True,119.0,1.0,2023-12-14,2023-12-15,0.0116308663341138,0.0106308663341138,-0.0199277206556042,0.0779038990125216,liquidity,development,1.0
candidate_event,2024-01-08,AVAX,33.635,36.439,31.145,36.07,22044838.0,33.633,1102.0,795157306.66,897803363.53,-0.073974965064074,1.9795016077170395,17.219209999999997,True,2024-01-09,36.073,37.597,33.768,34.64,-0.0397250020791173,True,46972.7,32606.7745,True,126.0,1.0,2024-01-08,2024-01-09,-0.0397250020791173,-0.0407250020791173,-0.06389820641477,0.0422476644581819,liquidity,development,1.0
candidate_event,2024-01-19,AVAX,33.587,33.752,31.189,32.723,12045007.0,33.587,1113.0,394148764.061,592217904.248,-0.0713966713311698,0.6396997497914916,18.47062,True,2024-01-20,32.723,32.999,32.027,32.882,0.0048589676985606,True,41662.2,33316.779500000004,True,125.0,,,,,,,,,,0.0
candidate_event,2024-01-23,AVAX,29.535,30.703,27.205,30.608,21774772.0,29.535,1117.0,666482221.376,497650354.2875,-0.0788894531911292,1.4605150214592273,18.844555,True,2024-01-24,30.609,31.89,29.492,31.179,0.0186219739292363,True,39890.0,33523.1895,True,124.0,2.0,2024-01-23,2024-01-24,0.0186219739292363,0.0176219739292363,-0.0364925348753635,0.0418504361462315,liquidity,development,1.0
candidate_event,2024-02-20,AVAX,39.541,39.757,36.626,38.523,12478147.0,39.54,1145.0,480695656.881,402400695.212,-0.073697521497218,0.650995195607414,22.099265,True,2024-02-21,38.528,38.577,35.903,37.622,-0.0235153654485049,True,52297.4,35792.735,True,106.0,,,,,,,,,,0.0
candidate_event,2024-03-03,AVAX,44.43,44.965,40.02,42.647,10951180.0,44.436,1157.0,467034973.46,373096764.403,-0.0993788819875776,0.594882246376811,23.73178,True,2024-03-04,42.647,44.096,41.444,43.121,0.011114498088963,True,63178.5,37436.2145,True,132.0,2.0,2024-03-03,2024-03-04,0.011114498088963,0.010114498088963,-0.0282083147700892,0.0339765985884117,liquidity,development,1.0
candidate_event,2024-03-14,AVAX,54.853,59.369,50.522,54.016,24229074.0,54.854,1168.0,1308757661.184,466041965.35,-0.0789732745105188,0.8065558633425668,25.704195,True,2024-03-15,54.019,59.0,48.33,58.457,0.0821562783465077,True,71455.5,39791.3185,True,151.0,,,,,,,,,,0.0
candidate_event,2024-04-16,AVAX,35.137,35.882,32.666,34.734,13997638.0,35.136,1201.0,486193958.292,526471597.044,-0.0702982695810566,0.837246963562753,32.36404,True,2024-04-17,34.733,35.35,32.209,33.55,-0.0340598278294417,True,63765.0,46616.546,True,153.0,,,,,,,,,,0.0
candidate_event,2024-04-17,AVAX,34.733,35.35,32.209,33.55,13016128.0,34.734,1202.0,436691094.4,505861826.777,-0.0726953417400817,0.531089108910889,32.485609999999994,True,2024-04-18,33.55,35.595,32.754,34.831,0.0381818181818183,True,61254.5,46788.06399999999,True,155.0,1.0,2024-04-17,2024-04-18,0.0381818181818183,0.0371818181818183,-0.023725782414307,0.0609538002980627,liquidity,development,1.0
candidate_event,2024-04-19,AVAX,34.831,36.134,31.887,34.651,12139430.0,34.831,1204.0,420643388.93000007,445557577.9415,-0.0845224081995923,0.938858695652174,32.73771,True,2024-04-20,34.651,38.469,34.1,38.289,0.1049897549854259,True,63787.4,47146.931,True,153.0,,,,,,,,,,0.0
candidate_event,2024-11-13,AVAX,33.972,35.078,31.226,33.13,20430353.0,33.971,1412.0,676857594.8900001,163356909.63349998,-0.08080421536016,0.6936247723132988,28.141035,True,2024-11-14,33.135,34.748,30.676,31.207,-0.0581862079372264,True,90413.3,64157.32399999999,True,121.0,,,,,,,,,,0.0
candidate_event,2024-11-24,AVAX,41.464,43.192,38.264,42.083,16297661.0,41.463,1423.0,685854467.8629999,301664413.7095,-0.0771531244724211,1.1938105658018123,28.215375,True,2024-11-25,42.091,47.954,40.056,41.335,-0.0179610843173124,True,97960.4,65891.7095,True,149.0,,,,,,,,,,0.0
candidate_event,2024-12-03,AVAX,52.313,53.99,47.866,50.931,23825496.0,52.312,1432.0,1213456336.776,394069084.6875,-0.0849900596421471,0.689383715699505,28.735185,True,2024-12-04,50.932,55.86,50.872,52.815,0.0369708631115996,True,95913.3,67345.7915,True,183.0,,,,,,,,,,0.0
candidate_event,2024-12-10,AVAX,44.981,46.466,41.3,44.589,19357347.0,44.98,1439.0,863124745.383,569529277.1445,-0.0818141396176078,0.8937500000000005,29.135935,True,2024-12-11,44.588,48.45,42.806,48.446,0.0865255225621242,True,96602.4,68395.6005,True,194.0,,,,,,,,,,0.0
candidate_event,2024-11-17,AXL,0.7789,0.782,0.7236,0.762,34601588.5,0.7789,261.0,26366410.437,21354909.497925,-0.0709975606624727,0.6943942133815547,0.7179415,True,2024-11-18,0.7622,0.8162,0.7475,0.8008,0.0506428758855943,True,89899.9,64722.87899999999,True,125.0,,,,,,,,,,0.0
candidate_event,2024-11-26,AXL,0.8063,0.8407,0.7427,0.7893,38932638.9,0.8068,270.0,30729531.88377,20684372.277055003,-0.0794496777392166,0.7269890795631829,0.6988509999999999,True,2024-11-27,0.7891,0.9405,0.7702,0.9123,0.156127233557217,True,92021.4,66197.9955,True,164.0,,,,,,,,,,0.0
candidate_event,2024-12-02,AXL,1.0358,1.0746,0.9355,1.0693,33163385.2,1.0357,276.0,35461607.79436,24235632.373405,-0.0967461620160278,1.3353293413173637,0.698652,True,2024-12-03,1.0692,1.14,0.9813,1.1249,0.0520950243172466,True,95890.5,67201.125,True,182.0,,,,,,,,,,0.0
candidate_event,2024-12-03,AXL,1.0692,1.14,0.9813,1.1249,45300182.3,1.0693,277.0,50958175.06927,25324673.67987,-0.0822968297016739,1.6318181818181832,0.699137,True,2024-12-04,1.1249,1.1383,1.0368,1.0843,-0.0360920970752955,True,95913.3,67345.7915,True,183.0,,,,,,,,,,0.0
candidate_event,2024-12-04,AXL,1.1249,1.1383,1.0368,1.0843,28718576.4,1.1249,278.0,31139552.39052,25757860.83172,-0.0783180727175749,0.5391600454029519,0.6994879999999999,True,2024-12-05,1.0842,1.0895,1.0,1.031,-0.0490684375576463,True,98669.8,67504.716,True,187.0,,,,,,,,,,0.0
candidate_event,2021-08-14,AXS,70.59,71.02,65.0,67.8,19574408.0,70.59,225.0,1327144862.4,2023086143.475,-0.0791896869244935,0.5008944543828256,10.877809050000002,True,2021-08-15,67.8,68.13,63.0,67.98,0.0026548672566373,True,47083.74,45317.9479,True,69.0,1.0,2021-08-14,2021-08-15,0.0026548672566373,0.0016548672566373,-0.0707964601769911,0.0048672566371681,liquidity,development,1.0
candidate_event,2021-08-15,AXS,67.8,68.13,63.0,67.98,12838071.0,67.8,226.0,872732066.58,1783498131.19,-0.0707964601769911,1.0375000000000014,11.2133402,True,2021-08-16,67.99,71.18,65.71,66.32,-0.0245624356523018,True,47006.02,45401.0728,True,69.0,1.0,2021-08-15,2021-08-16,-0.0245624356523018,-0.0255624356523018,-0.0335343432857773,0.0469186645094867,liquidity,development,1.0
candidate_event,2021-09-08,AXS,64.45,70.98,59.34,68.03,15537429.0,64.44,250.0,1057011294.87,973634978.36,-0.079143389199255,1.7039215686274525,19.87703255,True,2021-09-09,68.03,72.3,66.67,69.16,0.0166103189769217,True,46062.29,46010.740300000005,True,69.0,,,,,,,,,,0.0
candidate_event,2021-10-06,AXS,128.56,140.9,119.23,126.0,24350575.0,128.57,278.0,3068172450.0,516041138.0,-0.0726452516139067,0.7248394004282659,30.3706434,True,2021-10-07,125.99,130.97,119.19,124.48,-0.0119850781808079,True,55321.6,44999.23355,True,70.0,2.0,2021-10-06,2021-10-07,-0.0119850781808079,-0.0129850781808079,-0.0539725375029763,0.0395269465830621,liquidity,development,1.0
candidate_event,2023-01-27,AXS,11.825,11.983,10.92,11.516,21110806.0,11.825,756.0,243112041.896,146864881.228,-0.0765327695560252,0.6585635359116028,11.185055,True,2023-01-28,11.514,12.296,11.201,11.407,-0.0092930345666144,True,23068.0,19625.42,True,91.0,2.0,2023-01-27,2023-01-28,-0.0092930345666144,-0.0102930345666144,-0.027184297377106,0.0679173180475942,liquidity,development,1.0
candidate_event,2023-11-18,AXS,6.318,6.319,5.754,6.044,11106479.0,6.319,1051.0,67127559.07599999,82746677.596,-0.0894128817850926,0.5132743362831855,5.58568,True,2023-11-19,6.045,6.291,5.874,6.26,0.0355665839536807,True,36580.9,28908.5435,True,119.0,,,,,,,,,,0.0
candidate_event,2023-12-18,AXS,6.956,7.027,6.402,6.932,11058612.0,6.957,1081.0,76658298.384,78006810.2935,-0.0797757654161276,0.954954954954956,5.54912,True,2023-12-19,6.931,7.116,6.796,6.892,-0.0056268936661375,True,42671.7,30843.7285,True,122.0,,,,,,,,,,0.0
candidate_event,2024-01-08,AXS,7.476,7.956,6.837,7.919,13021120.0,7.476,1102.0,103114249.28,75912316.44,-0.0854735152487962,1.6932707355242558,5.849165,True,2024-01-09,7.918,7.96,7.174,7.486,-0.0545592321293256,True,46972.7,32606.7745,True,126.0,,,,,,,,,,0.0
candidate_event,2024-01-23,AXS,7.263,7.421,6.702,7.06,12074215.0,7.263,1117.0,85243957.89999999,84343031.2435,-0.0772408095828169,0.6381461675579317,5.9903,True,2024-01-24,7.06,7.337,7.006,7.193,0.0188385269121813,True,39890.0,33523.1895,True,124.0,,,,,,,,,,0.0
candidate_event,2024-02-20,AXS,8.409,8.54,7.686,8.176,12275528.0,8.409,1145.0,100364716.928,43662928.215,-0.0859793078844096,0.6777316735822956,6.175949999999999,True,2024-02-21,8.176,8.181,7.45,7.764,-0.0503913894324853,True,52297.4,35792.735,True,106.0,,,,,,,,,,0.0
candidate_event,2024-02-28,AXS,8.942,9.467,8.12,9.047,17111975.0,8.942,1153.0,154812037.82500002,51199936.29099999,-0.091925743681503,1.1277372262773726,6.270549999999999,True,2024-02-29,9.048,9.65,8.89,9.578,0.058576480990274,True,62487.9,36775.033,True,124.0,,,,,,,,,,0.0
candidate_event,2024-03-03,AXS,10.71,11.599,9.731,10.312,27468619.0,10.71,1157.0,283256399.128,53961944.476500005,-0.0914098972922503,0.5934627170582216,6.360404999999999,True,2024-03-04,10.312,11.004,10.046,10.687,0.0363653995345227,True,63178.5,37436.2145,True,132.0,,,,,,,,,,0.0
candidate_event,2024-03-11,AXS,12.577,12.685,11.65,12.563,15755698.0,12.577,1165.0,197938833.974,97818517.5415,-0.0737059712173013,0.984897518878102,6.613389999999999,True,2024-03-12,12.562,13.311,11.603,12.692,0.0103486705938544,True,72153.8,39101.605500000005,True,147.0,,,,,,,,,,0.0
candidate_event,2024-03-12,AXS,12.562,13.311,11.603,12.692,17626240.0,12.563,1166.0,223712238.08,101168030.5465,-0.076414869059938,1.1343749999999997,6.65257,True,2024-03-13,12.693,13.07,12.242,12.684,-0.0007090522335145,True,71503.2,39328.863000000005,True,149.0,,,,,,,,,,0.0
candidate_event,2024-04-10,AXS,9.907,9.968,9.176,9.676,6023878.0,9.908,1195.0,58287043.528000005,75676374.1215,-0.0738796931772304,0.6830601092896181,7.509515,True,2024-04-11,9.676,9.792,9.409,9.544,-0.0136420008267879,True,70681.7,45441.989,True,154.0,,,,,,,,,,0.0
candidate_event,2024-11-26,AXS,7.524,7.659,6.862,7.258,14431056.0,7.524,1425.0,104740604.448,46115672.4165,-0.0879851143009037,0.5981873111782476,5.636425,True,2024-11-27,7.258,7.786,7.056,7.708,0.0620005511160099,True,92021.4,66197.9955,True,164.0,,,,,,,,,,0.0
candidate_event,2024-12-02,AXS,8.268,9.399,7.621,9.256,18183241.0,8.268,1431.0,168304078.696,51916657.2115,-0.0782535074987905,2.527047913446676,5.674365,True,2024-12-03,9.256,9.871,8.323,9.466,0.0226879861711322,True,95890.5,67201.125,True,182.0,,,,,,,,,,0.0
candidate_event,2025-01-08,AXS,6.451,6.532,5.854,6.183,20076636.0,6.451,1468.0,124133840.388,44924043.9165,-0.0925437916602076,0.5510887772194305,5.662655,True,2025-01-09,6.183,6.337,5.978,6.18,-0.0004852013585637,True,95014.1,72801.88,True,176.0,,,,,,,,,,0.0
candidate_event,2025-01-13,AXS,6.147,6.324,5.567,6.039,7717833.0,6.146,1473.0,46607993.487,33352380.684,-0.0942076147087536,0.8151986183074261,5.665685,True,2025-01-14,6.039,6.3,5.997,6.243,0.0337804272230501,True,94485.3,73616.58350000001,True,164.0,,,,,,,,,,0.0
candidate_event,2021-09-06,BAND,10.6766,11.4517,9.738,10.8601,10097013.5,10.6766,248.0,109654576.31135,48326517.42916,-0.0879118820598319,1.1955039420413365,10.840361499999998,True,2021-09-07,10.8577,11.3043,6.815,8.4351,-0.2231227608056954,True,52683.97,46105.71445,True,69.0,,,,,,,,,,0.0
candidate_event,2021-11-01,BAND,9.8504,10.3507,9.0259,9.654,5637578.3,9.8471,304.0,54425180.9082,28690161.65569,-0.0833951112510281,0.7648563078421827,9.054523499999998,True,2021-11-02,9.6554,10.141,9.5231,9.5806,-0.0077469602502227,True,60942.87,45262.003500000006,True,70.0,,,,,,,,,,0.0
candidate_event,2023-02-01,BAND,2.1375,2.2273,1.984,2.215,44118468.8,2.1371,761.0,97722408.392,33433161.778375,-0.0716391371484723,1.5088177661659017,1.5768745000000002,True,2023-02-02,2.2146,2.35,2.1563,2.1927,-0.009888918992143,True,23730.0,19696.9065,True,94.0,,,,,,,,,,0.0
candidate_event,2023-02-13,BAND,1.8634,1.883,1.7206,1.8432,16834114.1,1.863,773.0,31028639.10912,40275749.978245005,-0.0764358561460011,0.8609550561797751,1.6090665000000002,True,2023-02-14,1.8432,1.8966,1.787,1.8925,0.0267469618055555,True,21766.2,19701.624,True,97.0,,,,,,,,,,0.0
candidate_event,2023-02-22,BAND,2.1986,2.2815,2.0335,2.1165,17633733.9,2.1988,782.0,37321797.79934999,39560228.73918,-0.0751773694742585,0.502117362371445,1.6243655,True,2023-02-23,2.1169,2.2475,2.1047,2.1708,0.0254617601209314,True,24171.3,19743.7235,True,99.0,,,,,,,,,,0.0
candidate_event,2023-03-07,BAND,1.7309,1.7892,1.608,1.681,14603822.1,1.7308,795.0,24549024.9501,26032841.98086,-0.0709498497804482,0.594462540716613,1.6381405,True,2023-03-08,1.6813,1.6928,1.5333,1.5806,-0.0598941295426158,True,22187.1,19707.784,True,96.0,1.0,2023-03-07,2023-03-08,-0.0598941295426158,-0.0608941295426158,-0.0880271218699815,0.0068399452804377,liquidity,development,1.0
candidate_event,2023-10-26,BAND,1.623,1.6698,1.5047,1.605,36805798.2,1.6227,1028.0,59073306.111,12307059.82257,-0.0727183089911875,0.8499999999999998,1.2868025,True,2023-10-27,1.6054,1.6319,1.5183,1.5414,-0.0398654540924379,True,34154.0,28148.963,True,85.0,,,,,,,,,,0.0
candidate_event,2024-01-08,BAND,1.7201,1.771,1.5709,1.7463,9669354.5,1.7201,1102.0,16885593.76335,26762968.090795003,-0.0867391430730771,1.175603217158177,1.3329865,True,2024-01-09,1.7463,1.7477,1.541,1.6173,-0.0738704689915822,True,46972.7,32606.7745,True,126.0,,,,,,,,,,0.0
candidate_event,2024-01-23,BAND,1.6242,1.6961,1.502,1.6007,25058082.3,1.6239,1117.0,40110472.33761,23842141.83099,-0.0750661986575527,0.8096800656275643,1.3638424999999998,True,2024-01-24,1.6009,1.6334,1.5813,1.6223,0.0133674807920545,True,39890.0,33523.1895,True,124.0,,,,,,,,,,0.0
candidate_event,2024-02-20,BAND,2.1481,2.1813,1.9568,2.1008,7902185.9,2.148,1145.0,16600912.13872,13789628.98791,-0.0890130353817504,0.7531380753138069,1.4534394999999998,True,2024-02-21,2.1013,2.1242,1.9341,2.0221,-0.0376909532194356,True,52297.4,35792.735,True,106.0,,,,,,,,,,0.0
candidate_event,2024-02-21,BAND,2.1013,2.1242,1.9341,2.0221,6218422.9,2.1008,1146.0,12574272.946090002,13789628.98791,-0.0793507235338918,0.5278944211157771,1.457547,True,2024-02-22,2.0219,2.0507,1.9828,1.9922,-0.0146891537662594,True,51877.8,35906.8355,True,107.0,,,,,,,,,,0.0
candidate_event,2024-03-14,BAND,2.6742,2.7175,2.4554,2.652,9847016.4,2.6742,1168.0,26114287.4928,15000486.53628,-0.0818188617156532,0.8985374771480814,1.5975865000000002,True,2024-03-15,2.6514,2.6919,2.2325,2.4364,-0.0810892358753867,True,71455.5,39791.3185,True,151.0,,,,,,,,,,0.0
candidate_event,2021-10-30,BAT,0.8537,1.4724,0.7882,1.2443,730066918.3,0.8536,302.0,908422266.44069,22441305.89055,-0.0766166822867854,6.974006116207949,0.7915705,True,2021-10-31,1.2442,1.449,0.9612,0.9968,-0.1988426298022825,True,61895.19,45281.80435,True,70.0,,,,,,,,,,0.0
candidate_event,2021-11-29,BAT,1.6562,1.7144,1.5345,1.6143,146635456.5,1.6556,332.0,236713617.42795,104899203.190915,-0.0731456873640976,0.6589595375722552,0.7721865000000001,True,2021-11-30,1.6146,1.619,1.441,1.4585,-0.0966802923324663,True,57827.98,46048.0507,True,73.0,1.0,2021-11-29,2021-11-30,-0.0966802923324663,-0.0976802923324663,-0.1075188901275857,0.0027251331599158,liquidity,development,1.0
candidate_event,2021-12-05,BAT,1.1255,1.2296,1.0446,1.166,220579965.4,1.1254,338.0,257196239.6564,119804101.01212,-0.0717966945086191,1.5024752475247525,0.7799315,True,2021-12-06,1.1664,1.3773,1.1092,1.359,0.1651234567901234,True,49376.6,46330.99225,True,73.0,,,,,,,,,,0.0
candidate_event,2021-12-08,BAT,1.3253,1.357,1.2158,1.3012,88438425.4,1.3256,341.0,115076079.13048,151387504.95037502,-0.0828304164152081,0.7777777777777778,0.7883099999999998,True,2021-12-09,1.3013,1.3149,1.135,1.1386,-0.1250288173365095,True,50455.61,46512.5604,True,73.0,,,,,,,,,,0.0
candidate_event,2021-12-15,BAT,1.0655,1.1408,0.9845,1.1164,74064617.2,1.0657,348.0,82685738.64208001,116021373.68748,-0.0761940508585906,1.6243842364532013,0.801212,True,2021-12-16,1.1164,1.2382,1.1126,1.131,0.0130777499104264,True,48870.48,46903.54095,True,74.0,,,,,,,,,,0.0
candidate_event,2023-11-14,BAT,0.2299,0.2378,0.2105,0.2205,114826940.5,0.2299,1047.0,25319340.38025,10099003.07056,-0.0843845150065245,0.5154639175257736,0.1956455,True,2023-11-15,0.2205,0.2327,0.2185,0.2315,0.0498866213151927,True,35559.0,28747.954500000003,True,115.0,,,,,,,,,,0.0
candidate_event,2023-12-18,BAT,0.2366,0.2383,0.216,0.2317,68433730.4,0.2365,1081.0,15856095.33368,10901972.67012,-0.0866807610993657,0.7658536585365853,0.1966764999999999,True,2023-12-19,0.2317,0.2362,0.2238,0.2254,-0.0271903323262839,True,42671.7,30843.7285,True,122.0,,,,,,,,,,0.0
candidate_event,2023-12-26,BAT,0.2639,0.2737,0.239,0.2634,147113949.7,0.264,1089.0,38749814.35098,11321704.83224,-0.0946969696969697,0.9760000000000004,0.1984395,True,2023-12-27,0.2634,0.2716,0.2493,0.2676,0.0159453302961274,True,42538.5,31509.655999999995,True,127.0,,,,,,,,,,0.0
candidate_event,2024-01-08,BAT,0.2306,0.2433,0.2127,0.2431,78491053.5,0.2306,1102.0,19081175.10585,13691228.85913,-0.0776235906331309,1.6983240223463694,0.203426,True,2024-01-09,0.2431,0.2536,0.2236,0.2304,-0.0522418757712875,True,46972.7,32606.7745,True,126.0,,,,,,,,,,0.0
candidate_event,2024-01-23,BAT,0.2164,0.2209,0.2007,0.2112,53448529.4,0.2164,1117.0,11288329.40928,13768162.49827,-0.072550831792976,0.6687898089171972,0.206384,True,2024-01-24,0.2113,0.2164,0.2079,0.2161,0.0227165168007572,True,39890.0,33523.1895,True,124.0,,,,,,,,,,0.0
candidate_event,2024-03-08,BAT,0.3504,0.3517,0.3202,0.3406,76747685.6,0.3505,1162.0,26140261.71536,18515865.80019,-0.0864479315263908,0.6732673267326744,0.2184539999999999,True,2024-03-09,0.3406,0.3623,0.3352,0.362,0.0628302994715208,True,68180.2,38447.168,True,143.0,,,,,,,,,,0.0
candidate_event,2024-03-12,BAT,0.3739,0.3742,0.3392,0.3723,86417427.2,0.3739,1166.0,32173208.14656,21781369.573275,-0.0928055629847552,0.953890489913545,0.2222885,True,2024-03-13,0.3724,0.3845,0.3656,0.3764,0.0107411385606874,True,71503.2,39328.863000000005,True,149.0,,,,,,,,,,0.0
candidate_event,2024-03-14,BAT,0.3764,0.3779,0.3401,0.3633,59350977.6,0.3764,1168.0,21562210.16208,21781369.573275,-0.0964399574920297,0.6391184573002755,0.2242569999999999,True,2024-03-15,0.3633,0.3659,0.3118,0.3399,-0.0644095788604459,True,71455.5,39791.3185,True,151.0,,,,,,,,,,0.0
candidate_event,2024-12-02,BAT,0.3208,0.3289,0.2924,0.3261,120374847.1,0.3207,1431.0,39254237.63931,15467229.817350002,-0.0882444652323043,1.1908127208480572,0.1934655,True,2024-12-03,0.3261,0.3516,0.3049,0.3508,0.0757436369211899,True,95890.5,67201.125,True,182.0,,,,,,,,,,0.0
candidate_event,2025-01-08,BAT,0.2532,0.2567,0.2323,0.2465,192215203.6,0.2531,1468.0,47381047.6874,22491357.97681,-0.0821809561438166,0.6826923076923077,0.200996,True,2025-01-09,0.2465,0.2571,0.2369,0.2468,0.0012170385395537,True,95014.1,72801.88,True,176.0,,,,,,,,,,0.0
candidate_event,2025-01-27,BAT,0.2258,0.2278,0.2063,0.2252,91546891.8,0.2259,1487.0,20616360.03336,18700217.26854,-0.0867640548915448,0.9642857142857152,0.206431,True,2025-01-28,0.2253,0.2274,0.2045,0.2072,-0.0803373280071017,True,102021.3,76666.3335,True,153.0,,,,,,,,,,0.0
candidate_event,2024-12-02,BB,0.40464,0.4132,0.36501,0.40392,123732367.0,0.40471,203.0,49977977.67864,29190904.8897,-0.0980949321736552,0.980100755667506,0.3793419499999999,True,2024-12-03,0.40395,0.4475,0.3782,0.44359,0.0981309568015844,True,95890.5,67201.125,True,182.0,,,,,,,,,,0.0
candidate_event,2025-09-15,BB,0.15712,0.16175,0.14578,0.1555,168415405.0,0.15717,490.0,26188595.4775,33573765.17938,-0.0724693007571419,0.8533801580333623,0.1224434,True,2025-09-16,0.15549,0.17466,0.15084,0.16947,0.0899093189272624,True,115300.6,102596.6385,True,132.0,,,,,,,,,,0.0
candidate_event,2025-09-23,BB,0.20801,0.21798,0.19012,0.20381,287154006.0,0.20799,498.0,58524857.96286,39045195.22215,-0.0859175921919322,0.7660884163402341,0.12438335,True,2025-09-24,0.20381,0.24687,0.20191,0.23523,0.1541631912074972,True,111947.0,103676.241,True,128.0,1.0,2025-09-23,2025-09-24,0.1541631912074972,0.1531631912074972,-0.0093224081252145,0.2112752073009176,liquidity,development,1.0
candidate_event,2023-02-09,BCH,131.54,132.46,121.35,126.56,1368380.468,131.53,769.0,173182232.03008002,94648921.745495,-0.0773967916064776,0.5117878192534385,117.42185,True,2023-02-10,126.57,130.1,123.63,124.12,-0.0193568776171287,True,21793.4,19713.1795,True,97.0,1.0,2023-02-09,2023-02-10,-0.0193568776171287,-0.0203568776171287,-0.0232282531405546,0.0278897053014142,liquidity,development,1.0
candidate_event,2023-03-03,BCH,131.77,131.81,119.36,126.26,714173.107,131.78,791.0,90171496.48982,94438849.1969,-0.0942479890726969,0.5555555555555559,116.8019,True,2023-03-04,126.26,127.09,122.19,124.31,-0.0154443212418818,True,22342.8,19717.018,True,97.0,2.0,2023-03-03,2023-03-04,-0.0154443212418818,-0.0164443212418818,-0.0322350704894662,0.0065737367337239,liquidity,development,1.0
candidate_event,2023-07-02,BCH,291.07,308.72,268.0,298.91,10792902.073,291.07,912.0,3226106358.6404305,73790658.036215,-0.0792592847081458,1.3398352839185104,125.98745,True,2023-07-03,298.91,302.4,277.77,291.7,-0.0241209728680874,True,30612.7,24755.723,True,99.0,2.0,2023-07-02,2023-07-03,-0.0241209728680874,-0.0251209728680874,-0.0707236291860428,0.0116757552440531,liquidity,development,1.0
candidate_event,2023-07-03,BCH,298.91,302.4,277.77,291.7,6056906.72,298.91,913.0,1766799690.2239995,77364928.219155,-0.0707236291860428,0.6589403973509923,126.90995,True,2023-07-04,291.7,292.99,270.95,272.36,-0.0663009941720945,True,31149.0,24824.709,True,99.0,1.0,2023-07-03,2023-07-04,-0.0663009941720945,-0.0673009941720945,-0.0711347274597189,0.0044223517312307,liquidity,development,1.0
candidate_event,2023-07-05,BCH,272.36,278.45,248.33,271.42,8403466.07,272.36,915.0,2280868760.7194004,125489009.61218998,-0.0882288148039359,0.960882230545152,128.6138,True,2023-07-06,271.43,303.55,267.61,274.57,0.0115683601665252,True,30488.4,24963.971,True,100.0,1.0,2023-07-05,2023-07-06,0.0115683601665252,0.0105683601665252,-0.0140736101388939,0.1183362192830563,liquidity,development,1.0
candidate_event,2023-07-14,BCH,273.79,278.26,253.03,263.92,4526874.464,273.8,924.0,1194732708.53888,1801869782.1487696,-0.0758582907231556,0.5243139142994708,136.34584999999998,True,2023-07-15,263.91,263.91,245.0,253.07,-0.0410746087681407,True,30293.3,25577.492,True,102.0,1.0,2023-07-14,2023-07-15,-0.0410746087681407,-0.0420746087681407,-0.0716532151112122,0.0,liquidity,development,1.0
candidate_event,2023-12-26,BCH,235.02,235.28,218.54,229.29,692048.933,235.01,1089.0,158679899.84756997,121603808.855775,-0.0700821241649292,0.652701882210079,222.2568,True,2023-12-27,229.3,265.83,226.45,264.42,0.1531617967727867,True,42538.5,31509.655999999995,True,127.0,,,,,,,,,,0.0
candidate_event,2024-02-20,BCH,273.22,274.46,249.9,265.3,845227.034,273.22,1145.0,224238732.1202,94717552.47796,-0.0853524632164556,0.6603773584905657,231.18780000000004,True,2024-02-21,265.29,266.91,254.98,263.15,-0.0080666440499077,True,52297.4,35792.735,True,106.0,,,,,,,,,,0.0
candidate_event,2024-03-04,BCH,470.87,479.87,432.0,473.62,2467761.798,470.87,1158.0,1168781342.76876,156985001.651245,-0.082549323592499,1.070748649343967,237.7803,True,2024-03-05,473.6,482.56,333.0,400.89,-0.1535261824324325,True,68296.4,37644.648,True,133.0,1.0,2024-03-04,2024-03-05,-0.1535261824324325,-0.1545261824324325,-0.296875,0.0189189189189189,liquidity,development,1.0
candidate_event,2024-03-12,BCH,448.59,448.69,408.47,434.19,879134.423,448.58,1166.0,381711375.12237,316166353.2858,-0.0894154888760087,0.6412365993517826,247.3325,True,2024-03-13,434.2,455.3,423.65,442.23,0.0184937816674344,True,71503.2,39328.863000000005,True,149.0,,,,,,,,,,0.0
candidate_event,2024-04-02,BCH,648.33,651.0,587.43,639.75,1769138.313,648.33,1187.0,1131806235.74175,473056950.51258,-0.0939336449030587,0.8591133004926104,278.02665,True,2024-04-03,639.75,644.85,562.23,593.08,-0.0729503712387651,True,65505.3,43750.4685,True,156.0,1.0,2024-04-02,2024-04-03,-0.0729503712387651,-0.0739503712387651,-0.1211723329425557,0.0079718640093786,liquidity,development,1.0
candidate_event,2024-04-16,BCH,507.52,509.94,463.31,486.07,1097301.474,507.52,1201.0,533365327.46718,758189945.67223,-0.0871098675914249,0.5148156525672924,304.98435,True,2024-04-17,486.09,489.89,446.46,463.33,-0.0468226048674114,True,63765.0,46616.546,True,153.0,,,,,,,,,,0.0
candidate_event,2024-04-19,BCH,482.54,491.65,444.0,476.29,917232.416,482.55,1204.0,436868627.41664,758189945.67223,-0.0798880944979795,0.8376134889753569,308.48490000000004,True,2024-04-20,476.28,521.99,470.11,514.9,0.0810867556899304,True,63787.4,47146.931,True,153.0,,,,,,,,,,0.0
candidate_event,2024-05-01,BCH,433.58,435.58,399.27,424.24,749360.934,433.58,1216.0,317908882.64016,485116977.44191,-0.0791318787766963,0.7277761585543581,323.8846,True,2024-05-02,424.25,434.39,410.47,428.76,0.0106305244549205,True,58307.6,49327.81800000001,True,153.0,,,,,,,,,,0.0
candidate_event,2024-06-07,BCH,495.91,521.06,458.0,477.3,604361.432,495.91,1253.0,288461711.4936,147059912.89859003,-0.0764453227400133,0.5091005011870219,366.3512,True,2024-06-08,477.31,484.82,464.89,469.1,-0.0172005614799605,True,69377.0,55278.2595,True,128.0,1.0,2024-06-07,2024-06-08,-0.0172005614799605,-0.0182005614799605,-0.0260208250403302,0.0157340093440321,liquidity,development,1.0
candidate_event,2024-12-02,BCH,532.68,562.87,495.16,538.74,1282259.183,532.65,1431.0,690804312.24942,282805210.1246,-0.0703839294095559,1.1624433182181926,385.3615,True,2024-12-03,538.74,592.5,512.0,586.23,0.0881501280766232,True,95890.5,67201.125,True,182.0,,,,,,,,,,0.0
candidate_event,2024-12-04,BCH,586.23,602.84,541.67,584.01,1145012.589,586.23,1433.0,668698802.10189,306117626.37193,-0.076011121914607,0.950179533213644,386.5068,True,2024-12-05,584.02,635.0,549.95,589.04,0.0085955960412313,True,98669.8,67504.716,True,187.0,1.0,2024-12-04,2024-12-05,0.0085955960412313,0.0075955960412313,-0.0583370432519433,0.0872915311119482,liquidity,development,1.0
candidate_event,2025-01-27,BCH,424.87,428.97,395.09,427.4,409863.149,424.87,1487.0,175175509.88259998,126027310.75759,-0.0700920281497871,1.084956346541302,400.5001,True,2025-01-28,427.4,431.58,406.62,410.34,-0.0399157697707066,True,102021.3,76666.3335,True,153.0,,,,,,,,,,0.0
candidate_event,2025-10-14,BCH,546.2,546.91,507.29,537.72,509960.486,546.19,1747.0,274215952.53192,137545700.75673002,-0.0712206375070946,0.7822622107969146,478.9674,True,2025-10-15,537.72,545.91,517.05,521.9,-0.0294205162538124,True,112983.8,107061.60850000002,True,143.0,,,,,,,,,,0.0
candidate_event,2024-11-26,BEAMX,0.022387,0.023342,0.0205,0.022471,1763332958.0,0.022383,375.0,39623854.899218,26173794.450082,-0.0841263458875039,1.0467339352097724,0.01819287,True,2024-11-27,0.022475,0.024321,0.022036,0.024169,0.075372636262514,True,92021.4,66197.9955,True,164.0,,,,,,,,,,0.0
candidate_event,2024-12-02,BEAMX,0.028397,0.028542,0.025733,0.027738,1297687175.0,0.028389,381.0,35995246.86015,30673531.2216125,-0.0935573637676565,0.7548945783132524,0.018289515,True,2024-12-03,0.027744,0.031553,0.026685,0.030969,0.1162413494809688,True,95890.5,67201.125,True,182.0,,,,,,,,,,0.0
candidate_event,2021-11-01,BEL,2.5577,2.6547,2.37,2.5498,29720467.0,2.557,304.0,75781246.75659999,50920536.5544,-0.0731325772389518,0.961497326203208,2.15120315,True,2021-11-02,2.5497,2.84,2.4962,2.6975,0.0579676040318468,True,60942.87,45262.003500000006,True,70.0,,,,,,,,,,0.0
candidate_event,2021-11-28,BEL,2.245,2.2522,2.0324,2.2002,12062717.0,2.2442,331.0,26540389.943400003,35552146.01555,-0.094376615274931,0.7922568460812087,1.943032,True,2021-11-29,2.1998,2.3899,2.1431,2.2476,0.0217292481134647,True,57315.73,46007.4503,True,73.0,,,,,,,,,,0.0
candidate_event,2023-12-04,BEL,0.6579,0.6822,0.5932,0.6703,31365993.0,0.658,1067.0,21024625.1079,13741362.7773,-0.0984802431610943,1.1898148148148142,0.6351490000000001,True,2023-12-05,0.6703,0.7194,0.666,0.6929,0.0337162464568103,True,41993.1,29736.681,True,117.0,,,,,,,,,,0.0
candidate_event,2023-12-18,BEL,0.7067,0.7119,0.6375,0.6738,24350970.0,0.7067,1081.0,16407683.586,17465792.1651,-0.0979199094382341,0.524566473988439,0.6335160000000001,True,2023-12-19,0.6739,0.7058,0.665,0.7,0.0387297818667455,True,42671.7,30843.7285,True,122.0,,,,,,,,,,0.0
candidate_event,2024-04-02,BEL,1.0492,1.12,0.9629,1.0202,96593701.0,1.0494,1187.0,98544893.7602,18362630.9565,-0.0824280541261675,0.662427745664739,0.6871825,True,2024-04-03,1.0203,1.55,0.9684,1.5144,0.4842693325492502,True,65505.3,43750.4685,True,156.0,,,,,,,,,,0.0
candidate_event,2024-04-04,BEL,1.5147,1.6624,1.3939,1.4972,311560796.0,1.5144,1189.0,466468823.7712,19831163.209,-0.0795694664553618,0.8572614107883828,0.6963925000000001,True,2024-04-05,1.4972,1.7454,1.4852,1.5834,0.0575741383916643,True,68489.9,44157.472,True,154.0,1.0,2024-04-04,2024-04-05,0.0575741383916643,0.0565741383916643,-0.0080149612610205,0.1657761154154422,liquidity,development,1.0
candidate_event,2024-04-17,BEL,0.8951,0.9161,0.8282,0.8963,58594587.0,0.8952,1202.0,52518328.3281,59986575.675,-0.0748436103663985,1.016417910447761,0.750608,True,2024-04-18,0.8962,0.9437,0.8619,0.9323,0.0402811872349921,True,61254.5,46788.06399999999,True,155.0,,,,,,,,,,0.0
candidate_event,2024-04-19,BEL,0.9324,1.0391,0.858,0.9715,80679174.0,0.9323,1204.0,78379817.54100001,69662066.58565,-0.0796953770245629,1.527590847913863,0.7536785,True,2024-04-20,0.9712,1.0187,0.9565,1.013,0.0430395387149917,True,63787.4,47146.931,True,153.0,,,,,,,,,,0.0
candidate_event,2024-05-23,BEL,0.8858,0.9053,0.807,0.8612,20385905.0,0.8858,1238.0,17556341.386,17230552.0734,-0.0889591329871302,0.6878172588832479,0.8023745000000001,True,2024-05-24,0.8609,0.8827,0.8327,0.8785,0.0204437216866069,True,67999.9,52849.096,True,129.0,,,,,,,,,,0.0
candidate_event,2024-11-26,BEL,0.6581,0.6854,0.6028,0.6391,23366307.0,0.6582,1425.0,14933406.8037,11815936.3778,-0.0841689456092372,0.6552346570397111,0.593587,True,2024-11-27,0.639,0.704,0.6255,0.6956,0.0885758998435055,True,92021.4,66197.9955,True,164.0,,,,,,,,,,0.0
candidate_event,2025-02-15,BEL,0.9051,0.9757,0.8251,0.8987,38744426.0,0.9052,1506.0,34819615.6462,37789626.952750005,-0.0884887317719841,0.918851435705369,0.5891959999999999,True,2025-02-16,0.8986,0.9075,0.8756,0.8969,-0.0018918317382594,True,97538.0,79843.0175,True,141.0,1.0,2025-02-15,2025-02-16,-0.0018918317382594,-0.0028918317382594,-0.0255953705764521,0.0099042955708881,liquidity,development,1.0
candidate_event,2025-02-25,BEL,0.9077,0.96,0.8306,0.9254,35519326.0,0.9078,1516.0,32869584.2804,42133057.949,-0.0850407578761842,1.2279792746113982,0.6124685,True,2025-02-26,0.9254,1.0327,0.9224,0.9616,0.0391182191484762,True,88639.1,81610.4035,True,130.0,,,,,,,,,,0.0
candidate_event,2024-04-19,BICO,0.5143,0.5271,0.4699,0.5074,45789646.0,0.514,204.0,23233666.3804,37302609.5826,-0.0857976653696498,0.8503401360544207,0.3911765,True,2024-04-20,0.5075,0.5511,0.5008,0.547,0.0778325123152712,True,63787.4,47146.931,True,153.0,,,,,,,,,,0.0
candidate_event,2024-11-26,BICO,0.346,0.3523,0.3207,0.3454,64320705.0,0.3461,425.0,22216371.507,20439500.7877,-0.0733891938746028,0.9724409448818884,0.3120855,True,2024-11-27,0.3455,0.3905,0.3354,0.3739,0.0821997105643994,True,92021.4,66197.9955,True,164.0,,,,,,,,,,0.0
candidate_event,2024-12-02,BICO,0.3965,0.4046,0.3656,0.3932,54143980.0,0.3965,431.0,21289412.936,21641651.4654,-0.0779319041614124,0.8932038834951449,0.3109935,True,2024-12-03,0.3932,0.4579,0.3709,0.4508,0.1464903357070193,True,95890.5,67201.125,True,182.0,,,,,,,,,,0.0
candidate_event,2024-12-16,BICO,0.3904,0.398,0.358,0.3794,29542350.0,0.3903,445.0,11208367.59,16647619.701899998,-0.0827568537022802,0.6625386996904035,0.30017,True,2024-12-17,0.3794,0.3869,0.3364,0.3426,-0.0969952556668424,True,106023.2,69408.12150000001,True,197.0,,,,,,,,,,0.0
candidate_event,2024-10-25,BIGTIME,0.1742,0.18848,0.16,0.16845,2597640498.0,0.1742,379.0,437572541.8881,88917216.448725,-0.0815154994259471,0.5950704225352106,0.1351981,True,2024-10-26,0.16844,0.18648,0.16144,0.18066,0.0725480883400615,True,66662.8,63276.266,True,115.0,1.0,2024-10-25,2024-10-26,0.0725480883400615,0.0715480883400615,-0.0415578247447162,0.1071004511992401,liquidity,development,1.0
candidate_event,2024-11-24,BIGTIME,0.14767,0.16688,0.13727,0.16484,1221728999.0,0.14767,409.0,201389808.19516,155906227.763955,-0.0704273041240604,2.6509615384615386,0.12982725,True,2024-11-25,0.1648,0.16531,0.14913,0.15405,-0.0652305825242719,True,97960.4,65891.7095,True,149.0,,,,,,,,,,0.0
candidate_event,2024-11-26,BIGTIME,0.15401,0.15969,0.14162,0.14865,532054986.0,0.15405,411.0,79089973.6689,140736199.110825,-0.0806880882830249,0.5655671761866461,0.12959025,True,2024-11-27,0.1487,0.15691,0.1446,0.15639,0.0517148621385339,True,92021.4,66197.9955,True,164.0,,,,,,,,,,0.0
candidate_event,2024-12-05,BIGTIME,0.22075,0.23073,0.20115,0.22528,689897375.0,0.22075,420.0,155420080.64000002,99496536.27764,-0.0887882219705549,1.231122448979592,0.13038965,True,2024-12-06,0.22528,0.22791,0.20736,0.21684,-0.0374644886363636,True,97001.5,67658.52649999999,True,190.0,,,,,,,,,,0.0
candidate_event,2024-12-06,BIGTIME,0.22528,0.22791,0.20736,0.21684,417283711.0,0.22528,421.0,90483799.89324,99496536.27764,-0.0795454545454545,0.5290178571428574,0.13058285,True,2024-12-07,0.21684,0.24496,0.20843,0.2348,0.0828260468548238,True,99802.5,67800.2065,True,191.0,1.0,2024-12-06,2024-12-07,0.0828260468548238,0.0818260468548238,-0.0387843571296808,0.129680870688065,liquidity,development,1.0
candidate_event,2024-12-16,BIGTIME,0.17664,0.18082,0.16354,0.17084,270852031.0,0.17665,431.0,46272360.97604,77479516.67350999,-0.0742145485423153,0.5568268497330279,0.1299409,True,2024-12-17,0.17081,0.1818,0.16152,0.16298,-0.0458404074702885,True,106023.2,69408.12150000001,True,197.0,2.0,2024-12-16,2024-12-17,-0.0458404074702885,-0.0468404074702885,-0.0543879163983372,0.0643404952871611,liquidity,development,1.0
candidate_event,2025-08-08,BIO,0.09014,0.10395,0.083,0.10152,2853049866.0,0.09012,217.0,289641622.39632,14618423.14603,-0.0790057700843319,2.6011235955056167,0.0886929,True,2025-08-09,0.10152,0.11699,0.089,0.10261,0.0107368006304178,True,116628.2,99557.58,True,161.0,1.0,2025-08-08,2025-08-09,0.0107368006304178,0.0097368006304178,-0.1233254531126871,0.1523837667454688,liquidity,development,1.0
candidate_event,2025-08-12,BIO,0.12642,0.13767,0.1163,0.12502,1905557673.0,0.12649,221.0,238232820.27846,16367729.71446,-0.0805597280417423,0.8557409224730127,0.0858624499999999,True,2025-08-13,0.12504,0.12507,0.11464,0.1199,-0.0411068458093411,True,120081.0,99837.3235,True,157.0,1.0,2025-08-12,2025-08-13,-0.0411068458093411,-0.0421068458093411,-0.0831733845169546,0.000239923224568,liquidity,development,1.0
candidate_event,2025-08-13,BIO,0.12504,0.12507,0.11464,0.1199,747890146.0,0.12502,222.0,89672028.5054,17496065.31075,-0.0830267157254838,0.5067437379576115,0.08525995,True,2025-08-14,0.11991,0.12109,0.1,0.1019,-0.1501959803185723,True,123323.9,99930.433,True,158.0,1.0,2025-08-13,2025-08-14,-0.1501959803185723,-0.1511959803185723,-0.1660411975648402,0.0098407138687348,liquidity,development,1.0
candidate_event,2025-09-30,BIO,0.13635,0.13876,0.125,0.13073,500763225.0,0.13637,270.0,65464776.40425,131808737.16056,-0.0833761091149078,0.5039577836411625,0.0902236,True,2025-10-01,0.13074,0.16183,0.12591,0.15377,0.1761511396665136,True,113988.8,104699.82399999998,True,123.0,1.0,2025-09-30,2025-10-01,0.1761511396665136,0.1751511396665136,-0.0369435520881138,0.2378002141655193,liquidity,development,1.0
candidate_event,2023-11-17,BLUR,0.3352,0.3445,0.3022,0.3258,305590463.0,0.3352,203.0,99561372.8454,133559302.9144,-0.0984486873508352,0.7151515151515143,0.308026,True,2023-11-18,0.3259,0.3514,0.3005,0.3504,0.075176434489107,True,36621.9,28868.9215,True,119.0,,,,,,,,,,0.0
candidate_event,2023-11-18,BLUR,0.3259,0.3514,0.3005,0.3504,424751991.0,0.3258,204.0,148833097.6464,124193349.3228,-0.0776550030693676,1.9723320158102773,0.306629,True,2023-11-19,0.3503,0.3595,0.3307,0.3482,-0.0059948615472451,True,36580.9,28908.5435,True,119.0,,,,,,,,,,0.0
candidate_event,2023-11-23,BLUR,0.499,0.5447,0.4515,0.5088,2787246390.0,0.4991,209.0,1418150963.232,133559302.9144,-0.0953716690042075,1.203781512605043,0.3026475,True,2023-11-24,0.5089,0.6864,0.4985,0.6494,0.2760856749852622,True,37294.3,29111.9935,True,121.0,1.0,2023-11-23,2023-11-24,0.2760856749852622,0.2750856749852622,-0.0204362350167027,0.3487915111023776,liquidity,development,1.0
candidate_event,2023-11-28,BLUR,0.5182,0.547,0.4792,0.5321,997087556.0,0.5183,214.0,530550288.5476,155771069.874,-0.0754389349797414,1.3529411764705894,0.3050715,True,2023-11-29,0.5322,0.5596,0.4925,0.5038,-0.0533633972190905,True,37812.1,29368.8075,True,120.0,,,,,,,,,,0.0
candidate_event,2023-12-03,BLUR,0.5556,0.5893,0.5154,0.5396,670460406.0,0.5555,219.0,361780435.0776,262973692.5823,-0.0721872187218722,0.6034912718204485,0.3060865,True,2023-12-04,0.5395,0.5748,0.4666,0.5447,0.0096385542168675,True,39979.7,29660.762,True,117.0,1.0,2023-12-03,2023-12-04,0.0096385542168675,0.0086385542168675,-0.1351251158480073,0.065430954587581,liquidity,development,1.0
candidate_event,2023-12-05,BLUR,0.5446,0.575,0.5056,0.5325,660055213.0,0.5447,221.0,351479400.92249995,338047241.5509,-0.071782632641821,0.6879795396419434,0.306759,True,2023-12-06,0.5326,0.5531,0.4911,0.4977,-0.0655276004506195,True,44081.7,29822.739,True,118.0,1.0,2023-12-05,2023-12-06,-0.0655276004506195,-0.0665276004506195,-0.0779196395043184,0.0384904243334587,liquidity,development,1.0
candidate_event,2023-12-13,BLUR,0.4634,0.4703,0.4258,0.4635,302162333.0,0.4635,229.0,140052241.3455,237567908.7661,-0.0813376483279396,1.0,0.306736,True,2023-12-14,0.4636,0.4779,0.4315,0.4732,0.0207075064710957,True,42875.0,30474.2695,True,119.0,,,,,,,,,,0.0
candidate_event,2023-12-24,BLUR,0.5334,0.5366,0.4935,0.5212,208956325.0,0.5335,240.0,108908036.59,225917923.5922,-0.0749765698219305,0.6925000000000004,0.3070555,True,2023-12-25,0.5213,0.5392,0.5069,0.5307,0.0180318434682524,True,43008.4,31343.674,True,124.0,1.0,2023-12-24,2023-12-25,0.0180318434682524,0.0170318434682524,-0.0276232495683866,0.0343372338384808,liquidity,development,1.0
candidate_event,2024-01-09,BLUR,0.4586,0.4795,0.4259,0.4668,307376856.0,0.4587,256.0,143483516.3808,124823494.0845,-0.0715064312186614,1.246951219512195,0.3179915,True,2024-01-10,0.4667,0.5506,0.448,0.5257,0.126419541461324,True,46114.0,32683.9775,True,125.0,,,,,,,,,,0.0
candidate_event,2024-01-13,BLUR,0.5912,0.6378,0.5426,0.6021,556970641.0,0.5913,260.0,335352022.9461,128939444.864,-0.082360899712498,1.2217659137576982,0.322365,True,2024-01-14,0.602,0.6141,0.5446,0.5483,-0.0892026578073089,True,42846.4,32967.53,True,125.0,1.0,2024-01-13,2024-01-14,-0.0892026578073089,-0.0902026578073089,-0.0953488372093023,0.0200996677740863,liquidity,development,1.0
candidate_event,2024-03-04,BLUR,0.7183,0.741,0.6671,0.694,182606406.0,0.7182,311.0,126728845.76399998,119532134.5596,-0.0711500974658868,0.5264187866927585,0.4129695,True,2024-03-05,0.6941,0.7204,0.536,0.6422,-0.074773087451376,True,68296.4,37644.648,True,133.0,2.0,2024-03-04,2024-03-05,-0.074773087451376,-0.075773087451376,-0.2277769773807808,0.0378907938337416,liquidity,development,1.0
candidate_event,2024-03-08,BLUR,0.7035,0.7065,0.6462,0.6799,153582330.0,0.7034,315.0,104420626.167,129426456.49155,-0.0813193062268979,0.5891608391608381,0.4219895,True,2024-03-09,0.6799,0.7207,0.6707,0.7035,0.0347109869098398,True,68180.2,38447.168,True,143.0,,,,,,,,,,0.0
candidate_event,2024-03-11,BLUR,0.7018,0.7182,0.6478,0.7153,151755422.0,0.7017,318.0,108550653.3566,129426456.49155,-0.0768134530426107,1.252319109461968,0.429419,True,2024-03-12,0.7154,0.725,0.6475,0.6977,-0.0247414034106794,True,72153.8,39101.605500000005,True,147.0,,,,,,,,,,0.0
candidate_event,2024-03-12,BLUR,0.7154,0.725,0.6475,0.6977,158779659.0,0.7153,319.0,110780568.0843,129426456.49155,-0.0947854047252901,0.7404129793510319,0.4318915,True,2024-03-13,0.6978,0.7252,0.6808,0.7008,0.0042992261392948,True,71503.2,39328.863000000005,True,149.0,,,,,,,,,,0.0
candidate_event,2024-03-14,BLUR,0.7009,0.703,0.6318,0.6706,158443597.0,0.7008,321.0,106252276.1482,129426456.49155,-0.098458904109589,0.5623188405797097,0.4366765,True,2024-03-15,0.6707,0.6758,0.58,0.6476,-0.0344416281496943,True,71455.5,39791.3185,True,151.0,,,,,,,,,,0.0
candidate_event,2024-03-16,BLUR,0.6476,0.6817,0.5878,0.6274,249397268.0,0.6476,323.0,156471845.9432,123249472.8816,-0.0923409512044471,0.6622073578595317,0.4408475,True,2024-03-17,0.6274,0.6283,0.5728,0.6226,-0.0076506216130058,True,65351.0,40196.8015,True,152.0,1.0,2024-03-16,2024-03-17,-0.0076506216130058,-0.0086506216130058,-0.0870258208479438,0.0014344915524386,liquidity,development,1.0
candidate_event,2024-03-17,BLUR,0.6274,0.6283,0.5728,0.6226,142727863.0,0.6274,324.0,88862367.5038,123249472.8816,-0.0870258208479438,0.9120879120879136,0.442915,True,2024-03-18,0.6226,0.6226,0.5716,0.5842,-0.061676839061998,True,68447.9,40402.589,True,154.0,,,,,,,,,,0.0
candidate_event,2024-04-10,BLUR,0.5362,0.5395,0.4931,0.5241,101401634.0,0.5362,348.0,53144596.3794,69908147.0724,-0.0803804550540843,0.7192575406032484,0.4889114999999999,True,2024-04-11,0.5242,0.5324,0.5038,0.5086,-0.0297596337275848,True,70681.7,45441.989,True,154.0,,,,,,,,,,0.0
candidate_event,2024-11-25,BLUR,0.33421,0.36263,0.31029,0.32854,489127904.0,0.33422,577.0,160698081.58016,31840560.18312,-0.0715995452097421,0.7626410363560377,0.23850405,True,2024-11-26,0.3285,0.33516,0.29435,0.31372,-0.0449923896499239,True,93064.0,66041.77900000001,True,156.0,,,,,,,,,,0.0
candidate_event,2021-09-08,BNB,418.68,425.32,381.8,414.84,3459886.66,418.7,250.0,1435299382.0344,1269796809.30575,-0.0881299259613087,0.8953929539295389,381.345535,True,2021-09-09,414.83,436.64,403.73,421.41,0.0158619193404527,True,46062.29,46010.740300000005,True,69.0,2.0,2021-09-08,2021-09-09,0.0158619193404527,0.0148619193404527,-0.0267579490393654,0.0525757539232938,liquidity,development,1.0
candidate_event,2024-01-03,BNB,311.88,334.3,285.38,315.6,4187171.99,311.88,1097.0,1321471480.044,437810937.413,-0.0849685776580736,1.140377358490567,235.14545,True,2024-01-04,315.6,324.15,310.58,323.02,0.0235107731305448,True,42849.5,32197.6585,True,127.0,1.0,2024-01-03,2024-01-04,0.0235107731305448,0.0225107731305448,-0.0159062103929025,0.0270912547528514,liquidity,development,1.0
candidate_event,2024-05-01,BNB,577.72,579.92,535.91,561.45,1471623.48,577.72,1216.0,826243002.8460001,706602757.2550501,-0.0723706986083224,0.6108586462568774,365.0947,True,2024-05-02,561.46,565.73,541.01,560.21,-0.002226338474691,True,58307.6,49327.81800000001,True,153.0,2.0,2024-05-01,2024-05-02,-0.002226338474691,-0.003226338474691,-0.0364228974459446,0.0076051722295442,liquidity,development,1.0
candidate_event,2024-12-20,BNB,665.49,679.69,617.54,678.32,1981883.41,665.48,1449.0,1344351154.6712,944746252.47985,-0.0720382280459218,1.2678347934918652,588.1568,True,2024-12-21,678.32,693.5,649.64,663.73,-0.0215090222903644,True,97764.4,70055.22200000001,True,199.0,2.0,2024-12-20,2024-12-21,-0.0215090222903644,-0.0225090222903644,-0.0422809293548768,0.0223788182568698,liquidity,development,1.0
candidate_event,2024-03-12,BNT,1.0011,1.0108,0.9186,1.0082,19271630.0,1.0011,215.0,19429657.366,10655414.3694,-0.0824093497153133,1.0860606060606046,0.668025,True,2024-03-13,1.0081,1.0608,0.9901,1.0079,-0.0001983930165657,True,71503.2,39328.863000000005,True,149.0,,,,,,,,,,0.0
candidate_event,2024-03-14,BNT,1.0077,1.0155,0.9158,0.9907,15864212.0,1.0079,217.0,15716674.8284,11203861.74105,-0.0913781129080266,0.8132464712269275,0.6739515,True,2024-03-15,0.9905,1.0009,0.8366,0.9166,-0.0746087834427058,True,71455.5,39791.3185,True,151.0,,,,,,,,,,0.0
candidate_event,2024-10-20,BOME,0.009571,0.009649,0.008829,0.009274,26672770315.0,0.009572,218.0,247363271.90131,146884669.692392,-0.0776222315085667,0.5989232839838478,0.009043495,True,2024-10-21,0.009273,0.009676,0.008496,0.008608,-0.0717135770516553,True,69020.1,63326.2625,True,118.0,1.0,2024-10-20,2024-10-21,-0.0717135770516553,-0.0727135770516553,-0.0837916531866709,0.0434595060929581,liquidity,development,1.0
candidate_event,2024-11-17,BOME,0.010118,0.011111,0.00938,0.010554,42836337886.0,0.010119,246.0,452094710.048844,285077806.54677653,-0.0730309319102677,1.5886332882273335,0.008758405,True,2024-11-18,0.010554,0.011179,0.010073,0.010531,-0.0021792685237823,True,89899.9,64722.87899999999,True,125.0,1.0,2024-11-17,2024-11-18,-0.0021792685237823,-0.0031792685237823,-0.0455751373886677,0.0592192533636537,liquidity,development,1.0
candidate_event,2024-11-24,BOME,0.00957,0.010091,0.008729,0.00939,27083262358.0,0.009571,253.0,254311833.54162,265493066.045797,-0.0879740883920174,0.7850356294536828,0.0087277549999999,True,2024-11-25,0.00939,0.009705,0.008647,0.008887,-0.0535676251331203,True,97960.4,65891.7095,True,149.0,,,,,,,,,,0.0
candidate_event,2024-12-03,BOME,0.009262,0.010139,0.008555,0.009842,35130326969.0,0.009262,262.0,345752678.028898,255158565.624534,-0.0763334053120275,1.820367751060822,0.008643145,True,2024-12-04,0.009844,0.010541,0.009378,0.009996,0.0154408776919949,True,95913.3,67345.7915,True,183.0,,,,,,,,,,0.0
candidate_event,2024-12-05,BOME,0.009997,0.010351,0.009149,0.009798,34624394579.0,0.009996,264.0,339249818.085042,279995781.19677854,-0.084733893557423,0.766233766233766,0.0086285499999999,True,2024-12-06,0.009801,0.010208,0.0094,0.009807,0.0006121824303642,True,97001.5,67658.52649999999,True,190.0,2.0,2024-12-05,2024-12-06,0.0006121824303642,-0.0003878175696357,-0.040914192429344,0.0415263748597081,liquidity,development,1.0
candidate_event,2023-04-01,C98,0.2962,0.3,0.2732,0.2874,253517268.0,0.2962,585.0,72860862.8232,19798479.1812,-0.0776502363268062,0.6173913043478251,0.263884,True,2023-04-02,0.2875,0.2935,0.26,0.2678,-0.0685217391304348,True,28443.8,20377.535,True,96.0,1.0,2023-04-01,2023-04-02,-0.0685217391304348,-0.0695217391304348,-0.0956521739130433,0.0208695652173913,liquidity,development,1.0
candidate_event,2023-11-03,C98,0.1742,0.1743,0.1619,0.1689,167911321.0,0.1742,801.0,28360222.1169,17071418.8236,-0.0706084959816303,0.5691056910569108,0.1624595,True,2023-11-04,0.1689,0.1775,0.1666,0.1758,0.0408525754884547,True,34700.4,28330.14,True,92.0,2.0,2023-11-03,2023-11-04,0.0408525754884547,0.0398525754884547,-0.0136175251628182,0.0509177027827116,liquidity,development,1.0
candidate_event,2023-11-07,C98,0.2073,0.2187,0.1923,0.2025,598645300.0,0.2072,805.0,121225673.25,20602379.3028,-0.0719111969111968,0.6845637583892629,0.161122,True,2023-11-08,0.2026,0.2079,0.1951,0.1963,-0.0310957551826258,True,35406.5,28459.719,True,98.0,,,,,,,,,,0.0
candidate_event,2023-12-13,C98,0.2228,0.224,0.204,0.2211,122029903.0,0.2228,841.0,26980811.5533,23477383.5482,-0.0843806104129264,0.909574468085106,0.1580025,True,2023-12-14,0.2212,0.2248,0.205,0.2212,0.0,True,42875.0,30474.2695,True,119.0,,,,,,,,,,0.0
candidate_event,2023-12-14,C98,0.2212,0.2248,0.205,0.2212,92115917.0,0.2211,842.0,20376040.8404,23477383.5482,-0.0728177295341474,1.0062111801242246,0.1581105,True,2023-12-15,0.2213,0.2217,0.2059,0.2076,-0.061906913691821,True,43032.4,30549.153,True,119.0,,,,,,,,,,0.0
candidate_event,2024-01-05,C98,0.2515,0.2529,0.232,0.2465,95264609.0,0.2515,864.0,23482726.1185,32569332.9942,-0.077534791252485,0.7435897435897433,0.1686265,True,2024-01-06,0.2466,0.2473,0.2226,0.2342,-0.0502838605028387,True,44145.4,32373.3135,True,128.0,,,,,,,,,,0.0
candidate_event,2024-01-08,C98,0.2213,0.2392,0.2016,0.2358,93338203.0,0.2213,867.0,22009148.2674,27177332.3416,-0.0890194306371441,1.7360406091370566,0.1698039999999999,True,2024-01-09,0.2359,0.2398,0.2168,0.2276,-0.0351844001695633,True,46972.7,32606.7745,True,126.0,,,,,,,,,,0.0
candidate_event,2024-01-09,C98,0.2359,0.2398,0.2168,0.2276,92862616.0,0.2358,868.0,21135531.4016,27040095.16625,-0.080576759966073,0.5684210526315786,0.170159,True,2024-01-10,0.2276,0.2526,0.219,0.2497,0.0971001757469245,True,46114.0,32683.9775,True,125.0,,,,,,,,,,0.0
candidate_event,2024-01-12,C98,0.2622,0.2672,0.2407,0.2534,108751596.0,0.2622,871.0,27557654.4264,23846826.06615,-0.081998474446987,0.5906976744186057,0.1716484999999999,True,2024-01-13,0.2534,0.2705,0.2442,0.2653,0.0469613259668506,True,42788.9,32906.71400000001,True,126.0,,,,,,,,,,0.0
candidate_event,2024-01-19,C98,0.24,0.2442,0.2216,0.2361,67216111.0,0.2399,878.0,15869723.8071,23096478.1751,-0.0762817840766987,0.7923497267759565,0.1750515,True,2024-01-20,0.2361,0.2442,0.2312,0.2425,0.027107157983905,True,41662.2,33316.779500000004,True,125.0,,,,,,,,,,0.0
candidate_event,2024-01-23,C98,0.2243,0.229,0.2058,0.2182,57964665.0,0.2242,882.0,12647889.903,21657681.37935,-0.0820695807314897,0.6739130434782605,0.1765465,True,2024-01-24,0.2182,0.2246,0.2138,0.2218,0.0164986251145737,True,39890.0,33523.1895,True,124.0,,,,,,,,,,0.0
candidate_event,2024-02-20,C98,0.3554,0.3709,0.3294,0.3448,199979678.0,0.3553,910.0,68952992.9744,11809044.5278,-0.0728961441035743,0.5945945945945939,0.1925985,True,2024-02-21,0.3448,0.3488,0.3074,0.3223,-0.0652552204176334,True,52297.4,35792.735,True,106.0,,,,,,,,,,0.0
candidate_event,2024-03-14,C98,0.439,0.4524,0.3951,0.4179,79137838.0,0.439,933.0,33071702.5002,36633220.93475,-0.0999999999999999,0.5193621867881547,0.221037,True,2024-03-15,0.4179,0.4246,0.3601,0.3979,-0.0478583393156257,True,71455.5,39791.3185,True,151.0,,,,,,,,,,0.0
candidate_event,2024-04-17,C98,0.2761,0.2784,0.2558,0.268,57705341.0,0.2761,967.0,15465031.388,20701543.66185,-0.0735240854762766,0.6009852216748768,0.2604605,True,2024-04-18,0.2681,0.2781,0.2603,0.2745,0.0238716896680344,True,61254.5,46788.06399999999,True,155.0,,,,,,,,,,0.0
candidate_event,2024-04-19,C98,0.2746,0.2919,0.2513,0.2819,66015284.0,0.2745,969.0,18609708.5596,20185232.208350003,-0.0845173041894353,1.3189655172413777,0.2617325,True,2024-04-20,0.2819,0.3122,0.2779,0.3061,0.0858460446967008,True,63787.4,47146.931,True,153.0,,,,,,,,,,0.0
candidate_event,2024-11-26,C98,0.17,0.1774,0.1576,0.1682,124577959.0,0.1701,1190.0,20954012.7038,10584440.92555,-0.0734861845972957,0.8479999999999991,0.1580495,True,2024-11-27,0.1682,0.185,0.1649,0.1835,0.0909631391200951,True,92021.4,66197.9955,True,164.0,,,,,,,,,,0.0
candidate_event,2024-11-26,CAKE,2.7167,2.841,2.5141,2.6173,22764165.0,2.7181,390.0,59580649.054500006,16233801.807549998,-0.0750524263272138,0.5058823529411769,2.0417935,True,2024-11-27,2.6174,3.2449,2.5785,3.1512,0.2039428440437074,True,92021.4,66197.9955,True,164.0,,,,,,,,,,0.0
candidate_event,2024-12-03,CAKE,3.2288,3.5928,2.9501,3.4962,32714469.0,3.2282,397.0,114376326.5178,25885434.83075,-0.0861470788674804,1.963682128730671,2.0613325,True,2024-12-04,3.4966,4.52,3.4816,3.9674,0.1346450837956871,True,95913.3,67345.7915,True,183.0,,,,,,,,,,0.0
candidate_event,2024-12-10,CAKE,3.354,3.55,3.05,3.2904,30073170.0,3.3522,404.0,98952758.568,38883069.4139,-0.0901497524014079,0.7954996690933162,2.097458,True,2024-12-11,3.291,3.59,3.1421,3.5158,0.0683075053175326,True,96602.4,68395.6005,True,194.0,,,,,,,,,,0.0
candidate_event,2025-01-13,CAKE,2.2942,2.3375,2.0834,2.2578,15653297.0,2.2942,438.0,35342013.9666,24541656.4206,-0.0918838810914479,0.8273244781783681,2.114958,True,2025-01-14,2.2578,2.3334,2.2319,2.32,0.0275489414474265,True,94485.3,73616.58350000001,True,164.0,,,,,,,,,,0.0
candidate_event,2025-02-19,CAKE,2.5432,2.836,2.3115,2.756,123460030.0,2.5429,475.0,340255842.67999995,22720588.057400003,-0.0909984663179833,1.920916162489196,2.1457975,True,2025-02-20,2.7559,2.757,2.3794,2.5003,-0.0927464712072281,True,96598.0,80502.6735,True,132.0,1.0,2025-02-19,2025-02-20,-0.0927464712072281,-0.0937464712072281,-0.1366159875176893,0.0003991436554302,liquidity,development,1.0
candidate_event,2023-02-22,CELO,0.854,0.857,0.781,0.83,57028895.7,0.853,513.0,47333983.431,50016574.419300005,-0.0844079718640092,0.680555555555555,0.71089,True,2023-02-23,0.83,0.838,0.793,0.807,-0.0277108433734938,True,24171.3,19743.7235,True,99.0,,,,,,,,,,0.0
candidate_event,2023-11-06,CELO,0.574,0.598,0.528,0.558,115341241.3,0.574,770.0,64360412.6454,28404297.36305,-0.0801393728222995,0.6521739130434798,0.48301,True,2023-11-07,0.558,0.558,0.518,0.54,-0.032258064516129,True,35057.4,28418.949,True,93.0,1.0,2023-11-06,2023-11-07,-0.032258064516129,-0.033258064516129,-0.07168458781362,0.0,liquidity,development,1.0
candidate_event,2023-11-07,CELO,0.558,0.558,0.518,0.54,86295723.0,0.558,771.0,46599690.42,29473106.50795,-0.07168458781362,0.55,0.482695,True,2023-11-08,0.539,0.561,0.53,0.551,0.0222634508348793,True,35406.5,28459.719,True,98.0,,,,,,,,,,0.0
candidate_event,2023-12-28,CELO,0.837,0.871,0.777,0.867,142542009.8,0.836,822.0,123583922.4966,36670292.35455,-0.0705741626794257,1.5254237288135604,0.496445,True,2023-12-29,0.867,0.889,0.806,0.824,-0.04959630911188,True,42600.1,31681.243,True,127.0,2.0,2023-12-28,2023-12-29,-0.04959630911188,-0.05059630911188,-0.0703575547866204,0.0253748558246829,liquidity,development,1.0
candidate_event,2024-01-06,CELO,0.708,0.708,0.646,0.688,56457674.5,0.708,831.0,38842880.056,47597404.46405,-0.0875706214689264,0.6774193548387091,0.513035,True,2024-01-07,0.687,0.77,0.654,0.663,-0.0349344978165939,True,43956.7,32451.644,True,127.0,,,,,,,,,,0.0
candidate_event,2024-01-19,CELO,0.689,0.692,0.638,0.689,55601965.7,0.689,844.0,38309754.3673,73605836.1118,-0.074020319303338,1.0,0.52964,True,2024-01-20,0.689,0.693,0.672,0.69,0.0014513788098693,True,41662.2,33316.779500000004,True,125.0,,,,,,,,,,0.0
candidate_event,2024-01-23,CELO,0.644,0.659,0.589,0.625,48251904.6,0.644,848.0,30157440.375,58558308.52364999,-0.0854037267080746,0.6545454545454545,0.5324450000000001,True,2024-01-24,0.625,0.636,0.611,0.633,0.0127999999999999,True,39890.0,33523.1895,True,124.0,,,,,,,,,,0.0
candidate_event,2024-02-20,CELO,0.785,0.787,0.724,0.761,55285928.3,0.785,876.0,42072591.4363,29236818.1861,-0.0777070063694268,0.6065573770491803,0.560975,True,2024-02-21,0.762,0.763,0.701,0.736,-0.0341207349081364,True,52297.4,35792.735,True,106.0,,,,,,,,,,0.0
candidate_event,2024-02-21,CELO,0.762,0.763,0.701,0.736,36836209.6,0.761,877.0,27111450.2656,30112792.06375,-0.0788436268068332,0.5833333333333334,0.562215,True,2024-02-22,0.737,0.821,0.717,0.806,0.0936227951153325,True,51877.8,35906.8355,True,107.0,,,,,,,,,,0.0
candidate_event,2024-03-02,CELO,1.2,1.227,1.105,1.224,71492818.7,1.199,887.0,87507210.0888,34820623.9692,-0.0783986655546289,1.2659574468085095,0.585515,True,2024-03-03,1.225,1.26,1.013,1.151,-0.0604081632653061,True,62039.9,37263.894,True,130.0,2.0,2024-03-02,2024-03-03,-0.0604081632653061,-0.0614081632653061,-0.1730612244897961,0.0285714285714284,liquidity,development,1.0
candidate_event,2024-03-08,CELO,1.201,1.208,1.103,1.159,53210889.8,1.201,893.0,61671421.2782,45051098.40145,-0.0815986677768526,0.5714285714285714,0.6065200000000001,True,2024-03-09,1.159,1.254,1.154,1.214,0.0474547023295943,True,68180.2,38447.168,True,143.0,,,,,,,,,,0.0
candidate_event,2024-04-19,CELO,0.803,0.829,0.733,0.796,86508516.8,0.803,935.0,68860779.37280001,55708375.065050006,-0.0871731008717311,0.9,0.751615,True,2024-04-20,0.796,0.872,0.786,0.866,0.0879396984924623,True,63787.4,47146.931,True,153.0,,,,,,,,,,0.0
candidate_event,2024-05-23,CELO,0.879,0.894,0.812,0.857,39496815.8,0.879,969.0,33848771.1406,22522395.909950003,-0.0762229806598406,0.6716417910447756,0.8128,True,2024-05-24,0.858,0.879,0.837,0.866,0.0093240093240092,True,67999.9,52849.096,True,129.0,,,,,,,,,,0.0
candidate_event,2021-10-17,CELR,0.13907,0.13984,0.12701,0.1342,654715826.0,0.1391,202.0,87862863.84920001,285800097.94072497,-0.0869158878504672,0.5947063688999179,0.06046185,True,2021-10-18,0.1342,0.13599,0.129,0.13152,-0.0199701937406856,True,61571.45,45091.28444999999,True,70.0,2.0,2021-10-17,2021-10-18,-0.0199701937406856,-0.0209701937406856,-0.0387481371087928,0.0133383010432188,liquidity,development,1.0
candidate_event,2021-11-11,CELR,0.1347,0.141,0.12178,0.12826,2454034501.0,0.13468,227.0,314754465.09826005,98413253.276375,-0.0957825957825957,0.5023255813953501,0.0683593,True,2021-11-12,0.12825,0.12907,0.11333,0.11851,-0.0759454191033138,True,64831.3,45723.77195,True,71.0,1.0,2021-11-11,2021-11-12,-0.0759454191033138,-0.0769454191033138,-0.1163352826510721,0.0063937621832357,liquidity,development,1.0
candidate_event,2021-11-28,CELR,0.11078,0.11461,0.101,0.11148,910830919.0,0.11079,244.0,101539430.85012,107019164.031795,-0.0883653759364563,1.0704800817160365,0.07339265,True,2021-11-29,0.11147,0.11346,0.10757,0.11304,0.0140845070422535,True,57315.73,46007.4503,True,73.0,,,,,,,,,,0.0
candidate_event,2021-12-08,CELR,0.07919,0.08091,0.07129,0.07683,1435258916.0,0.07919,254.0,110270942.51628,144165578.75813502,-0.0997600707159993,0.7012658227848096,0.0756044,True,2021-12-09,0.07686,0.07766,0.06708,0.06737,-0.123471246422066,True,50455.61,46512.5604,True,73.0,,,,,,,,,,0.0
candidate_event,2023-01-31,CELR,0.019,0.01929,0.01738,0.01821,1798876487.0,0.01901,673.0,32757540.82827,12500011.85599,-0.085744345081536,0.5092024539877308,0.0152645,True,2023-02-01,0.01821,0.01952,0.0172,0.01893,0.0395387149917627,True,23119.4,19684.174,True,93.0,1.0,2023-01-31,2023-02-01,0.0395387149917627,0.0385387149917627,-0.0554640307523338,0.071938495332235,liquidity,development,1.0
candidate_event,2023-02-25,CELR,0.02131,0.02145,0.01961,0.02083,848131282.0,0.02131,698.0,17666574.60406,31976138.159125,-0.0797747536367902,0.7176470588235307,0.0154011999999999,True,2023-02-26,0.02082,0.02118,0.02019,0.02108,0.0124879923150815,True,23146.2,19744.4145,True,98.0,,,,,,,,,,0.0
candidate_event,2023-03-11,CELR,0.01581,0.01631,0.0146,0.01548,812290806.0,0.01581,712.0,12574261.67688,18821707.655490004,-0.0765338393421884,0.7272727272727272,0.01506765,True,2023-03-12,0.01548,0.0169,0.01502,0.0169,0.0917312661498706,True,20447.3,19693.2475,True,95.0,,,,,,,,,,0.0
candidate_event,2023-03-30,CELR,0.02434,0.02493,0.02245,0.0234,2219024571.0,0.02434,731.0,51925174.9614,20263803.941415,-0.0776499589153656,0.5026455026455026,0.01553255,True,2023-03-31,0.0234,0.02364,0.02233,0.0233,-0.0042735042735042,True,28015.0,20305.784,True,95.0,1.0,2023-03-30,2023-03-31,-0.0042735042735042,-0.0052735042735042,-0.0457264957264957,0.0102564102564102,liquidity,development,1.0
candidate_event,2023-12-13,CELR,0.01934,0.01947,0.01751,0.01904,1154401625.0,0.01934,989.0,21979806.94,10359139.349865,-0.0946225439503618,0.8360655737704926,0.0143381,True,2023-12-14,0.01904,0.01939,0.01783,0.01919,0.0078781512605039,True,42875.0,30474.2695,True,119.0,,,,,,,,,,0.0
candidate_event,2023-12-18,CELR,0.01908,0.01936,0.01732,0.01915,1012533377.0,0.01907,994.0,19390014.16955,10603497.069465,-0.0917671735710541,1.0457142857142858,0.0143243,True,2023-12-19,0.01915,0.01946,0.01827,0.01852,-0.0328981723237599,True,42671.7,30843.7285,True,122.0,,,,,,,,,,0.0
candidate_event,2023-12-26,CELR,0.02333,0.02496,0.02151,0.02305,1105501696.0,0.02333,1002.0,25481814.092800003,14003937.01134,-0.0780111444492069,0.8461538461538466,0.0144348999999999,True,2023-12-27,0.02304,0.02526,0.02215,0.02415,0.0481770833333332,True,42538.5,31509.655999999995,True,127.0,,,,,,,,,,0.0
candidate_event,2024-01-08,CELR,0.01825,0.01955,0.01658,0.01936,854951573.0,0.01824,1015.0,16551862.453279998,18542733.92651,-0.0910087719298244,1.6746987951807233,0.0148658,True,2024-01-09,0.01937,0.01953,0.01753,0.01835,-0.0526587506453276,True,46972.7,32606.7745,True,126.0,,,,,,,,,,0.0
candidate_event,2024-01-12,CELR,0.02065,0.02167,0.01901,0.01989,783010874.0,0.02065,1019.0,15574086.283860002,15935787.845740002,-0.0794188861985473,0.5365853658536591,0.0149229,True,2024-01-13,0.0199,0.0202,0.01903,0.01997,0.0035175879396984,True,42788.9,32906.71400000001,True,126.0,,,,,,,,,,0.0
candidate_event,2024-01-19,CELR,0.01787,0.01796,0.01639,0.01731,464787932.0,0.01787,1026.0,8045479.102919999,13440424.255635,-0.0828203693340795,0.6216216216216212,0.0149943999999999,True,2024-01-20,0.0173,0.01755,0.01706,0.01754,0.0138728323699421,True,41662.2,33316.779500000004,True,125.0,,,,,,,,,,0.0
candidate_event,2024-01-23,CELR,0.01664,0.01742,0.01527,0.01638,666570612.0,0.01664,1030.0,10918426.62456,13434059.974355,-0.0823317307692306,0.8102189781021897,0.01500655,True,2024-01-24,0.01639,0.01683,0.01605,0.01658,0.0115924344112265,True,39890.0,33523.1895,True,124.0,,,,,,,,,,0.0
candidate_event,2024-03-08,CELR,0.03424,0.03463,0.03111,0.03272,599645677.0,0.03423,1075.0,19620406.55144,14830225.00081,-0.0911481156879929,0.5160256410256415,0.01677805,True,2024-03-09,0.03272,0.03332,0.03204,0.03252,-0.0061124694376527,True,68180.2,38447.168,True,143.0,,,,,,,,,,0.0
candidate_event,2024-03-12,CELR,0.03658,0.03726,0.03359,0.03662,868708919.0,0.03658,1079.0,31812120.61378,15027956.17994,-0.0817386550027337,1.0133779264214042,0.01723475,True,2024-03-13,0.03662,0.03886,0.03647,0.03876,0.0584380120152923,True,71503.2,39328.863000000005,True,149.0,,,,,,,,,,0.0
candidate_event,2024-03-14,CELR,0.03877,0.03968,0.03514,0.03726,641927072.0,0.03876,1081.0,23918202.70272,15127476.13955,-0.0933952528379774,0.5856353591160223,0.0175026,True,2024-03-15,0.03726,0.03807,0.03062,0.03453,-0.0732689210950081,True,71455.5,39791.3185,True,151.0,,,,,,,,,,0.0
candidate_event,2024-04-14,CELR,0.02428,0.02569,0.02254,0.02532,936074990.0,0.02428,1112.0,23701418.7468,13768765.96835,-0.0716639209225699,1.5977011494252875,0.02052345,True,2024-04-15,0.02533,0.02764,0.02354,0.02466,-0.0264508487958941,True,65615.9,46250.27099999999,True,154.0,,,,,,,,,,0.0
candidate_event,2024-04-15,CELR,0.02533,0.02764,0.02354,0.02466,869135223.0,0.02532,1113.0,21432874.59918,13768765.96835,-0.0703001579778831,0.629213483146069,0.0205847,True,2024-04-16,0.02466,0.02525,0.02347,0.02479,0.0052716950527169,True,63392.7,46432.1755,True,154.0,,,,,,,,,,0.0
candidate_event,2024-04-17,CELR,0.02479,0.02523,0.023,0.02446,567920367.0,0.02479,1115.0,13891332.17682,14220411.34888,-0.072206534893102,0.8156424581005585,0.0207071499999999,True,2024-04-18,0.02447,0.02608,0.02364,0.02569,0.0498569677155702,True,61254.5,46788.06399999999,True,155.0,,,,,,,,,,0.0
candidate_event,2024-04-19,CELR,0.0257,0.02738,0.02349,0.02678,744561864.0,0.02569,1117.0,19939366.71792,14361858.469889998,-0.0856364344102763,1.4954545454545456,0.0208431499999999,True,2024-04-20,0.02677,0.02878,0.02627,0.02851,0.0649981322375794,True,63787.4,47146.931,True,153.0,,,,,,,,,,0.0
candidate_event,2024-05-01,CELR,0.02401,0.02448,0.02228,0.02381,484011953.0,0.02401,1129.0,11524324.60093,12372888.4122,-0.0720533111203665,0.8843930635838156,0.02171,True,2024-05-02,0.0238,0.02494,0.02296,0.02455,0.0315126050420166,True,58307.6,49327.81800000001,True,153.0,,,,,,,,,,0.0
candidate_event,2024-12-02,CELR,0.02228,0.02359,0.02008,0.02351,857723642.0,0.02229,1344.0,20165082.82342,10295464.639199998,-0.0991475998205473,1.552036199095022,0.01496755,True,2024-12-03,0.02351,0.02569,0.0223,0.02469,0.0501914079115271,True,95890.5,67201.125,True,182.0,,,,,,,,,,0.0
candidate_event,2023-12-05,CFX,0.2204,0.2227,0.2024,0.2121,1564295774.0,0.2205,288.0,331787133.6654,73528794.449,-0.0820861678004535,0.5359116022099454,0.1714474999999999,True,2023-12-06,0.2121,0.2171,0.188,0.1931,-0.0895803866100896,True,44081.7,29822.739,True,118.0,,,,,,,,,,0.0
candidate_event,2023-12-14,CFX,0.1855,0.1941,0.1723,0.1904,490916374.0,0.1855,297.0,93470477.6096,72996796.6746,-0.0711590296495956,1.3712121212121229,0.1659445,True,2023-12-15,0.1904,0.2002,0.175,0.1756,-0.0777310924369748,True,43032.4,30549.153,True,119.0,,,,,,,,,,0.0
candidate_event,2023-12-23,CFX,0.1955,0.1973,0.1816,0.1916,378549923.0,0.1955,306.0,72530165.24679999,78840773.979,-0.0710997442455242,0.7194244604316535,0.1619044999999999,True,2023-12-24,0.1916,0.199,0.1859,0.1925,0.004697286012526,True,43725.2,31260.2615,True,125.0,2.0,2023-12-23,2023-12-24,0.004697286012526,0.003697286012526,-0.0297494780793318,0.0386221294363258,liquidity,development,1.0
candidate_event,2023-12-26,CFX,0.1988,0.2043,0.1789,0.1933,564941637.0,0.1987,309.0,109203218.4321,85693781.0916,-0.0996477101157523,0.7272727272727276,0.161387,True,2023-12-27,0.1932,0.1959,0.1847,0.1932,0.0,True,42538.5,31509.655999999995,True,127.0,,,,,,,,,,0.0
candidate_event,2024-01-05,CFX,0.1856,0.188,0.1706,0.1793,427715430.0,0.1855,319.0,76689376.59899999,92172687.3552,-0.0803234501347708,0.5838926174496636,0.1617815,True,2024-01-06,0.1793,0.1912,0.1651,0.1803,0.0055772448410484,True,44145.4,32373.3135,True,128.0,,,,,,,,,,0.0
candidate_event,2024-01-06,CFX,0.1793,0.1912,0.1651,0.1803,553438618.0,0.1793,320.0,99784982.8254,89358298.6345,-0.079196876742889,1.0704225352112675,0.1615945,True,2024-01-07,0.1803,0.2037,0.1741,0.1767,-0.0199667221297836,True,43956.7,32451.644,True,127.0,,,,,,,,,,0.0
candidate_event,2024-02-21,CFX,0.2433,0.2464,0.225,0.2362,381424410.0,0.2433,366.0,90092445.642,108083246.3683,-0.0752157829839703,0.6120218579234972,0.164606,True,2024-02-22,0.2362,0.253,0.2297,0.2434,0.0304826418289585,True,51877.8,35906.8355,True,107.0,,,,,,,,,,0.0
candidate_event,2024-03-11,CFX,0.3232,0.3355,0.3,0.3339,275054011.0,0.3232,385.0,91840534.2729,84436195.2325,-0.0717821782178217,1.4612068965517235,0.176807,True,2024-03-12,0.3339,0.3372,0.3018,0.3303,-0.0107816711590296,True,72153.8,39101.605500000005,True,147.0,,,,,,,,,,0.0
candidate_event,2024-03-12,CFX,0.3339,0.3372,0.3018,0.3303,270660095.0,0.3339,386.0,89399029.3785,87524237.813,-0.0961365678346809,0.8878504672897197,0.1778575,True,2024-03-13,0.3304,0.3597,0.322,0.3584,0.0847457627118644,True,71503.2,39328.863000000005,True,149.0,,,,,,,,,,0.0
candidate_event,2024-03-15,CFX,0.3778,0.4423,0.3455,0.4326,1465871067.0,0.3777,389.0,634135823.5842,90966489.95745,-0.0852528461742123,2.7049689440993787,0.181831,True,2024-03-16,0.4327,0.4494,0.3844,0.4072,-0.058932285648255,True,69552.2,40008.547,True,152.0,2.0,2024-03-15,2024-03-16,-0.058932285648255,-0.059932285648255,-0.1116246822278713,0.0385948694245437,liquidity,development,1.0
candidate_event,2024-04-05,CFX,0.36942,0.37183,0.33862,0.35867,240932677.0,0.36941,410.0,86415323.25959,215725810.70205003,-0.0833491242792562,0.6511854498213702,0.21437125,True,2024-04-06,0.35863,0.3676,0.35269,0.36164,0.0083930513342442,True,67825.7,44362.851,True,154.0,1.0,2024-04-05,2024-04-06,0.0083930513342442,0.0073930513342442,-0.0165630315366812,0.0250118506538772,liquidity,development,1.0
candidate_event,2024-04-16,CFX,0.24515,0.24989,0.22372,0.23723,476039830.0,0.24515,421.0,112930928.8709,172644705.86107498,-0.0874158678360187,0.6304246383574424,0.22411225,True,2024-04-17,0.2372,0.24166,0.21792,0.23139,-0.0244940978077571,True,63765.0,46616.546,True,153.0,,,,,,,,,,0.0
candidate_event,2024-04-17,CFX,0.2372,0.24166,0.21792,0.23139,357135624.0,0.23723,422.0,82637612.03736,156546817.929755,-0.08139779960376,0.6975660279647858,0.2246222,True,2024-04-18,0.23139,0.23791,0.22105,0.22851,-0.0124465188642552,True,61254.5,46788.06399999999,True,155.0,,,,,,,,,,0.0
candidate_event,2024-04-19,CFX,0.22852,0.23886,0.20692,0.23198,414392301.0,0.22851,424.0,96130725.98598,141014493.88617998,-0.0944816419412717,1.1607225567392312,0.22557715,True,2024-04-20,0.23195,0.2598,0.228,0.25751,0.1101961629661565,True,63787.4,47146.931,True,153.0,,,,,,,,,,0.0
candidate_event,2024-11-24,CFX,0.18013,0.19911,0.165,0.18559,584182534.0,0.1801,643.0,108418436.48506,37995875.833100006,-0.0838423098278734,1.363576158940397,0.16354105,True,2024-11-25,0.18558,0.1923,0.17273,0.17757,-0.0431619786614936,True,97960.4,65891.7095,True,149.0,,,,,,,,,,0.0
candidate_event,2024-11-26,CFX,0.17755,0.18613,0.16369,0.17328,356309714.0,0.17757,645.0,61741347.24192,38329173.94045,-0.0781663569296615,0.6909221902017281,0.16316665,True,2024-11-27,0.17329,0.18976,0.17031,0.18718,0.0801546540481275,True,92021.4,66197.9955,True,164.0,,,,,,,,,,0.0
candidate_event,2024-12-02,CFX,0.22849,0.23533,0.20747,0.22877,478109239.0,0.22849,651.0,109377050.60603,43811269.35234,-0.0919952733161189,1.0133206470028546,0.1631561,True,2024-12-03,0.22877,0.26653,0.21959,0.25724,0.1244481356821263,True,95890.5,67201.125,True,182.0,,,,,,,,,,0.0
candidate_event,2024-12-10,CFX,0.2022,0.20916,0.18257,0.19817,435068196.0,0.2022,659.0,86217464.40132001,59622692.01651,-0.0970820969337289,0.7947019867549678,0.1635,True,2024-12-11,0.19819,0.21632,0.18993,0.21468,0.0832029870326453,True,96602.4,68395.6005,True,194.0,,,,,,,,,,0.0
candidate_event,2025-07-21,CFX,0.22017,0.246,0.2039,0.21994,5094964220.0,0.22017,882.0,1120586430.5468,12588954.31413,-0.0738974428850434,0.9858635525507063,0.09962725,True,2025-07-22,0.21996,0.22518,0.15696,0.17492,-0.2047645026368431,True,117330.2,97903.93850000002,True,129.0,1.0,2025-07-21,2025-07-22,-0.2047645026368431,-0.2057645026368431,-0.2864157119476268,0.0237315875613748,liquidity,development,1.0
candidate_event,2025-07-23,CFX,0.17496,0.185,0.16193,0.17033,1999194677.0,0.17492,884.0,340522829.33341,15241331.50111,-0.074262520009147,0.6466512702078535,0.0995933,True,2025-07-24,0.17034,0.19547,0.16071,0.1732,0.0167899495127392,True,118713.5,98115.88,True,131.0,2.0,2025-07-23,2025-07-24,0.0167899495127392,0.0157899495127392,-0.0565339908418457,0.1475284724668311,liquidity,development,1.0
candidate_event,2025-07-30,CFX,0.20595,0.23295,0.19117,0.229,1896602836.0,0.20596,891.0,434322049.444,28804199.02364,-0.0718100602058652,2.557809330628804,0.10087275,True,2025-07-31,0.229,0.23376,0.2038,0.21439,-0.0637991266375546,True,117771.0,98879.3845,True,150.0,,,,,,,,,,0.0
candidate_event,2021-10-12,CHR,0.331,0.3318,0.3009,0.326,164673582.0,0.331,214.0,53683587.732,62921681.2206,-0.0909365558912387,0.8338870431893687,0.292302,True,2021-10-13,0.3258,0.3424,0.3182,0.3376,0.0362185389809699,True,56011.84,45030.98915,True,70.0,,,,,,,,,,0.0
candidate_event,2021-10-17,CHR,0.3635,0.3755,0.335,0.3507,152750814.0,0.3633,219.0,53569710.4698,63811647.294,-0.0778970547756674,0.5547703180212012,0.290959,True,2021-10-18,0.3507,0.357,0.3365,0.3424,-0.0236669518106644,True,61571.45,45091.28444999999,True,70.0,,,,,,,,,,0.0
candidate_event,2021-11-04,CHR,0.6621,0.964,0.6152,0.7503,1658160033.0,0.6619,237.0,1244117472.7599,60986027.4464,-0.0705544644206074,2.8929336188436783,0.2977645,True,2021-11-05,0.7505,1.0352,0.7311,0.9077,0.2094603597601598,True,61431.86,45311.9542,True,70.0,1.0,2021-11-04,2021-11-05,0.2094603597601598,0.2084603597601598,-0.0258494337108593,0.3793471019320453,liquidity,development,1.0
candidate_event,2021-11-06,CHR,0.9079,0.9754,0.8274,0.8902,670314040.0,0.9077,239.0,596713558.408,60986027.4464,-0.0884653519885424,0.7820672478206728,0.3038505,True,2021-11-07,0.8902,0.9521,0.8164,0.8301,-0.0675129184452932,True,61511.3,45364.31595,True,70.0,,,,,,,,,,0.0
candidate_event,2021-11-24,CHR,1.2717,1.3168,1.145,1.2104,238653057.0,1.2717,257.0,288865660.1928,400332019.5881,-0.0996304159786113,0.5161799526440402,0.3760435,True,2021-11-25,1.2104,1.3526,1.175,1.2037,-0.0055353602115002,True,57165.08,45985.80045,True,72.0,1.0,2021-11-24,2021-11-25,-0.0055353602115002,-0.0065353602115002,-0.0292465300727031,0.1174818241903503,liquidity,development,1.0
candidate_event,2021-12-08,CHR,0.6459,0.6684,0.5917,0.667,147400075.0,0.6457,271.0,98315850.025,315887514.23415005,-0.0836301688090445,1.394444444444444,0.417469,True,2021-12-09,0.6671,0.6874,0.5872,0.591,-0.1140758506970469,True,50455.61,46512.5604,True,73.0,,,,,,,,,,0.0
candidate_event,2023-04-26,CHR,0.1589,0.1654,0.1468,0.1547,126482726.0,0.1588,775.0,19566877.7122,12566986.81425,-0.0755667506297228,0.6583333333333334,0.1455935,True,2023-04-27,0.1547,0.1599,0.1533,0.158,0.0213316095669036,True,28395.9,21540.7145,True,98.0,,,,,,,,,,0.0
candidate_event,2023-11-14,CHR,0.1181,0.1195,0.1098,0.1154,98399452.0,0.1182,977.0,11355296.7608,13454303.90365,-0.0710659898477157,0.6666666666666672,0.1153665,True,2023-11-15,0.1154,0.1223,0.1151,0.1207,0.0459272097053726,True,35559.0,28747.954500000003,True,115.0,,,,,,,,,,0.0
candidate_event,2023-12-18,CHR,0.1576,0.1596,0.1456,0.1565,80690989.0,0.1576,1011.0,12628139.7785,14183418.51305,-0.0761421319796953,0.908333333333334,0.1150815,True,2023-12-19,0.1566,0.1621,0.1531,0.1554,-0.0076628352490419,True,42671.7,30843.7285,True,122.0,,,,,,,,,,0.0
candidate_event,2023-12-26,CHR,0.1751,0.1813,0.1584,0.1746,133308000.0,0.1751,1019.0,23275576.8,12791567.16,-0.0953740719588805,0.9700598802395208,0.1158424999999999,True,2023-12-27,0.1746,0.1846,0.1674,0.1781,0.0200458190148911,True,42538.5,31509.655999999995,True,127.0,,,,,,,,,,0.0
candidate_event,2024-01-03,CHR,0.2118,0.2762,0.1913,0.2631,747882609.0,0.2118,1027.0,196767914.4279,17279077.5872,-0.0967894239848913,3.5024390243902457,0.1191425,True,2024-01-04,0.2631,0.2908,0.2457,0.2581,-0.0190041809198023,True,42849.5,32197.6585,True,127.0,,,,,,,,,,0.0
candidate_event,2024-03-12,CHR,0.4258,0.4504,0.3937,0.4448,99046423.0,0.4257,1096.0,44055848.9504,31937321.1526,-0.0751703077284473,1.5968749999999978,0.1923784999999999,True,2024-03-13,0.4449,0.4836,0.4384,0.4512,0.01416048550236,True,71503.2,39328.863000000005,True,149.0,,,,,,,,,,0.0
candidate_event,2024-04-02,CHR,0.4096,0.4106,0.373,0.3943,87746289.0,0.4096,1117.0,34598361.7527,32533043.514,-0.08935546875,0.5819672131147534,0.2267275,True,2024-04-03,0.3942,0.42,0.3789,0.3955,0.0032978183663114,True,65505.3,43750.4685,True,156.0,,,,,,,,,,0.0
candidate_event,2024-04-10,CHR,0.3989,0.4043,0.3689,0.3946,77956235.0,0.3987,1125.0,30761530.331,31440319.5495,-0.074742914472034,0.8624161073825506,0.2394325,True,2024-04-11,0.3947,0.4106,0.3851,0.3924,-0.0058272105396502,True,70681.7,45441.989,True,154.0,,,,,,,,,,0.0
candidate_event,2024-04-16,CHR,0.3142,0.3194,0.2915,0.3059,80706973.0,0.3142,1131.0,24688263.0407,30370122.5137,-0.0722469764481221,0.6343612334801774,0.24663,True,2024-04-17,0.3058,0.3136,0.2841,0.3016,-0.0137344669718771,True,63765.0,46616.546,True,153.0,,,,,,,,,,0.0
candidate_event,2024-04-17,CHR,0.3058,0.3136,0.2841,0.3016,62089129.0,0.3059,1132.0,18726081.3064,30370122.5137,-0.0712651193200392,0.8027522935779803,0.2476375,True,2024-04-18,0.3016,0.3113,0.2892,0.3018,0.0006631299734749,True,61254.5,46788.06399999999,True,155.0,,,,,,,,,,0.0
candidate_event,2024-04-19,CHR,0.3018,0.3185,0.2724,0.3061,76447150.0,0.3018,1134.0,23400472.615,28727975.74855,-0.0974155069582506,1.1462585034013593,0.2496265,True,2024-04-20,0.3061,0.3308,0.3015,0.3277,0.0705651747794837,True,63787.4,47146.931,True,153.0,,,,,,,,,,0.0
candidate_event,2024-05-01,CHR,0.2662,0.2771,0.2474,0.2679,108633644.0,0.2662,1146.0,29102953.227600005,22415571.6566,-0.0706235912847482,1.0904255319148954,0.262649,True,2024-05-02,0.2679,0.2753,0.2563,0.2699,0.0074654721911158,True,58307.6,49327.81800000001,True,153.0,,,,,,,,,,0.0
candidate_event,2024-05-15,CHR,0.2838,0.3312,0.262,0.3281,226667217.0,0.2837,1160.0,74369513.8977,14290744.7287,-0.0764892492069087,3.046082949308756,0.2752445,True,2024-05-16,0.3281,0.3434,0.3219,0.3358,0.0234684547394086,True,66175.4,51522.399000000005,True,136.0,1.0,2024-05-15,2024-05-16,0.0234684547394086,0.0224684547394086,-0.0188966778421212,0.0466321243523315,liquidity,development,1.0
candidate_event,2024-12-05,CHR,0.3319,0.335,0.3,0.319,101424606.0,0.3318,1364.0,32354449.314,16618563.806000002,-0.0958408679927667,0.5974842767295604,0.223788,True,2024-12-06,0.319,0.3499,0.3164,0.3372,0.0570532915360502,True,97001.5,67658.52649999999,True,190.0,,,,,,,,,,0.0
candidate_event,2024-12-10,CHR,0.2772,0.2992,0.2576,0.2857,115505972.0,0.2771,1369.0,33000056.2004,19422101.0443,-0.0703717069649946,1.4410256410256403,0.222825,True,2024-12-11,0.2858,0.3333,0.2727,0.3292,0.1518544436668998,True,96602.4,68395.6005,True,194.0,,,,,,,,,,0.0
candidate_event,2024-12-16,CHR,0.329,0.3432,0.3041,0.3226,56425813.0,0.3288,1375.0,18202967.2738,19567561.3321,-0.0751216545012165,0.7489878542510128,0.2223925,True,2024-12-17,0.3227,0.3242,0.2681,0.273,-0.1540130151843817,True,106023.2,69408.12150000001,True,197.0,,,,,,,,,,0.0
candidate_event,2021-11-10,CHZ,0.47188,0.55268,0.429,0.47866,1730748383.0,0.4719,293.0,828440021.0067799,167853555.81169498,-0.0909090909090909,1.1575757575757573,0.32893185,True,2021-11-11,0.4787,0.52542,0.46201,0.51336,0.0724044286609568,True,64920.13,45644.93515,True,71.0,2.0,2021-11-10,2021-11-11,0.0724044286609568,0.0714044286609568,-0.0348652600793817,0.0975976603300605,liquidity,development,1.0
candidate_event,2021-11-28,CHZ,0.44643,0.44653,0.404,0.44443,360119225.0,0.44651,311.0,160047787.16674998,333889570.2747,-0.0952050346016886,0.9510703363914368,0.32767075,True,2021-11-29,0.44448,0.4755,0.434,0.4598,0.0344672426205903,True,57315.73,46007.4503,True,73.0,,,,,,,,,,0.0
candidate_event,2023-11-14,CHZ,0.07924,0.08116,0.07295,0.07676,507038347.0,0.07928,1027.0,38920263.51572,42775361.64106,-0.0798435923309788,0.6018957345971552,0.0766306,True,2023-11-15,0.07676,0.0801,0.07566,0.07991,0.0410369984366858,True,35559.0,28747.954500000003,True,115.0,,,,,,,,,,0.0
candidate_event,2023-12-18,CHZ,0.08099,0.08152,0.07493,0.07973,521653292.0,0.08099,1061.0,41591416.97116,23545165.09614,-0.0748240523521424,0.7920792079207906,0.07121915,True,2023-12-19,0.07974,0.08132,0.07797,0.07893,-0.0101580135440181,True,42671.7,30843.7285,True,122.0,,,,,,,,,,0.0
candidate_event,2023-12-26,CHZ,0.09027,0.09212,0.0825,0.08811,566212427.0,0.09024,1069.0,49888976.94297,31346222.35853,-0.0857712765957446,0.7248062015503866,0.0708839,True,2023-12-27,0.08812,0.09548,0.0881,0.09446,0.0719473445301861,True,42538.5,31509.655999999995,True,127.0,,,,,,,,,,0.0
candidate_event,2024-01-08,CHZ,0.07518,0.07759,0.06959,0.07741,642316731.0,0.07519,1082.0,49721738.14671,34009900.19731,-0.0744779890942946,1.396428571428571,0.0719072,True,2024-01-09,0.07741,0.07784,0.07236,0.07507,-0.0302286526288594,True,46972.7,32606.7745,True,126.0,,,,,,,,,,0.0
candidate_event,2024-01-12,CHZ,0.08236,0.08407,0.07615,0.07947,416388182.0,0.08236,1086.0,33090368.82354,34732888.09506,-0.0754006799417194,0.5346215780998389,0.07192855,True,2024-01-13,0.0795,0.08801,0.07772,0.08705,0.0949685534591195,True,42788.9,32906.71400000001,True,126.0,,,,,,,,,,0.0
candidate_event,2024-01-19,CHZ,0.09343,0.09355,0.08579,0.08974,1238595928.0,0.09343,1093.0,111151598.57872,35663120.408205,-0.0817724499625387,0.5170157068062825,0.0724772,True,2024-01-20,0.08974,0.10646,0.08835,0.10419,0.1610207265433474,True,41662.2,33316.779500000004,True,125.0,,,,,,,,,,0.0
candidate_event,2024-03-12,CHZ,0.16174,0.16705,0.14613,0.1584,563457488.0,0.16171,1146.0,89251666.09920001,87404712.11755,-0.0963453095046688,0.7875481386392822,0.0845533,True,2024-03-13,0.15838,0.16837,0.15611,0.16672,0.0526581639095846,True,71503.2,39328.863000000005,True,149.0,,,,,,,,,,0.0
candidate_event,2024-04-19,CHZ,0.10817,0.11054,0.09906,0.10845,671378791.0,0.10817,1184.0,72811029.88395001,60491564.55893,-0.0842192844596468,1.0307354555433592,0.09901835,True,2024-04-20,0.10845,0.11862,0.10657,0.11819,0.0898109727985245,True,63787.4,47146.931,True,153.0,,,,,,,,,,0.0
candidate_event,2024-12-02,CHZ,0.10653,0.11525,0.0974,0.11365,1289150464.0,0.10652,1411.0,146511950.2336,58113958.072245,-0.0856177243710101,1.7817982456140344,0.075928,True,2024-12-03,0.11366,0.12377,0.10511,0.12235,0.0764560971317966,True,95890.5,67201.125,True,182.0,,,,,,,,,,0.0
candidate_event,2024-12-03,CHZ,0.11366,0.12377,0.10511,0.12235,1881492277.0,0.11365,1412.0,230200580.09095,62595217.02087,-0.075142982842059,2.018735362997657,0.07593605,True,2024-12-04,0.12235,0.14011,0.1177,0.13372,0.0929301185124642,True,95913.3,67345.7915,True,183.0,,,,,,,,,,0.0
candidate_event,2024-12-05,CHZ,0.13376,0.14319,0.12325,0.13093,1658897140.0,0.13372,1414.0,217199402.5402,66433585.6636,-0.0782979359856417,0.7335243553008584,0.0760903,True,2024-12-06,0.13094,0.13432,0.12546,0.13101,0.000534595998167,True,97001.5,67658.52649999999,True,190.0,,,,,,,,,,0.0
candidate_event,2024-02-14,CKB,0.008841,0.011895,0.008109,0.011644,116293182049.0,0.008841,351.0,1354117811.778556,13015486.485822998,-0.0827960637936885,4.829234972677596,0.003274745,True,2024-02-15,0.011644,0.015271,0.011217,0.013467,0.156561319134318,True,51823.2,35110.889500000005,True,99.0,1.0,2024-02-14,2024-02-15,0.156561319134318,0.155561319134318,-0.0366712469941601,0.3114908965991068,liquidity,development,1.0
candidate_event,2024-02-28,CKB,0.015813,0.0175,0.0145,0.016937,16863825274.0,0.015812,365.0,285622608.665738,145651556.564001,-0.0829749557298253,1.8574695121951237,0.00394593,True,2024-02-29,0.01694,0.017878,0.014801,0.01522,-0.1015348288075561,True,62487.9,36775.033,True,124.0,,,,,,,,,,0.0
candidate_event,2024-03-03,CKB,0.015529,0.016617,0.014262,0.015206,5622271593.0,0.01553,369.0,85492261.843158,132566198.372224,-0.0816484224082421,0.7444794952681391,0.00419085,True,2024-03-04,0.015206,0.02246,0.015134,0.020774,0.3661712481915034,True,63178.5,37436.2145,True,132.0,,,,,,,,,,0.0
candidate_event,2024-03-19,CKB,0.017308,0.019498,0.015649,0.017696,5394800853.0,0.017308,385.0,95466395.894688,115547927.005134,-0.0958516293043679,1.233875828812537,0.00560149,True,2024-03-20,0.017695,0.020875,0.016647,0.020474,0.1570500141282849,True,61974.1,40792.1415,True,154.0,2.0,2024-03-19,2024-03-20,0.1570500141282849,0.1560500141282849,-0.059225769991523,0.1797117829895451,liquidity,development,1.0
candidate_event,2024-04-14,CKB,0.023542,0.026736,0.02182,0.026005,10426957883.0,0.023543,411.0,271153039.747415,66319240.122278005,-0.0731852355264836,2.4289030760301773,0.00819168,True,2024-04-15,0.026004,0.028508,0.023,0.023442,-0.0985233041070603,True,65615.9,46250.27099999999,True,154.0,1.0,2024-04-14,2024-04-15,-0.0985233041070603,-0.0995233041070603,-0.11552068912475,0.0962928780187664,liquidity,development,1.0
candidate_event,2024-05-23,CKB,0.015796,0.015994,0.014573,0.015548,2482424139.0,0.015795,450.0,38596730.513172,56250541.140099496,-0.0773662551440329,0.7978723404255315,0.011109625,True,2024-05-24,0.015548,0.015787,0.015002,0.01542,-0.0082325701054797,True,67999.9,52849.096,True,129.0,,,,,,,,,,0.0
candidate_event,2024-11-24,CKB,0.014004,0.014848,0.01295,0.014187,3514789876.0,0.014001,635.0,49864323.970812,24671500.452173,-0.0750660667095207,1.1769743101807806,0.012789285,True,2024-11-25,0.01419,0.01626,0.013822,0.014747,0.0392529950669486,True,97960.4,65891.7095,True,149.0,,,,,,,,,,0.0
candidate_event,2024-12-16,CKB,0.01416,0.014414,0.013109,0.013715,1535025018.0,0.014157,657.0,21052868.12187,33416683.361392494,-0.0740269831178921,0.5782442748091601,0.0127364649999999,True,2024-12-17,0.013716,0.013726,0.012582,0.012785,-0.0678769320501604,True,106023.2,69408.12150000001,True,197.0,,,,,,,,,,0.0
candidate_event,2021-09-06,COMP,511.87,530.4,473.5,509.44,313338.545,511.88,248.0,159627188.36479998,95418574.553025,-0.0749785105884192,0.9364252214695156,457.49415,True,2021-09-07,509.63,511.53,334.88,413.4,-0.1888232639365814,True,52683.97,46105.71445,True,69.0,,,,,,,,,,0.0
candidate_event,2023-01-18,COMP,51.56,53.41,46.55,49.58,1515036.134,51.56,747.0,75115491.52372,21088101.37222,-0.0971683475562452,0.6047904191616763,48.19080000000001,True,2023-01-19,49.57,49.59,46.15,48.36,-0.0244099253580795,True,20680.0,19535.2155,True,75.0,,,,,,,,,,0.0
candidate_event,2023-07-17,COMP,77.4,78.94,70.7,75.95,9454493.156,77.41,927.0,718068755.1982,449020153.46688,-0.0866813073246349,0.7824143070044717,43.8336,True,2023-07-18,75.94,76.6,68.86,71.13,-0.0633394785356861,True,30126.1,25781.251,True,100.0,1.0,2023-07-17,2023-07-18,-0.0633394785356861,-0.0643394785356861,-0.093231498551488,0.0086910718988675,liquidity,development,1.0
candidate_event,2023-07-25,COMP,63.37,63.82,58.37,62.2,5155047.321,63.37,935.0,320643943.36620003,496856900.4264151,-0.0789016884961337,0.7660000000000011,45.3053,True,2023-07-26,62.2,73.4,62.16,70.7,0.1366559485530547,True,29216.3,26301.0805,True,95.0,1.0,2023-07-25,2023-07-26,0.1366559485530547,0.1356559485530547,-0.0006430868167203,0.180064308681672,liquidity,development,1.0
candidate_event,2023-08-01,COMP,66.26,66.27,60.36,65.6,10359023.262,66.27,942.0,679551925.9871999,442150378.49463,-0.0891806247170664,0.8866328257191198,46.47655,True,2023-08-02,65.59,66.47,61.09,61.48,-0.0626619911571887,True,29701.2,26701.1815,True,95.0,1.0,2023-08-01,2023-08-02,-0.0626619911571887,-0.0636619911571887,-0.06860801951517,0.0134166793718553,liquidity,development,1.0
candidate_event,2023-11-18,COMP,52.49,52.71,48.44,51.01,724126.354,52.49,1051.0,36937685.317540005,46964989.136295,-0.0771575538197752,0.6345679012345673,45.64615,True,2023-11-19,51.01,52.59,49.54,52.34,0.0260733189570674,True,36580.9,28908.5435,True,119.0,,,,,,,,,,0.0
candidate_event,2023-12-14,COMP,50.94,52.55,47.01,52.1,775855.953,50.93,1077.0,40422095.1513,36518518.18397,-0.0769683879835068,1.2984693877551023,47.6755,True,2023-12-15,52.1,55.36,50.1,50.59,-0.0289827255278311,True,43032.4,30549.153,True,119.0,,,,,,,,,,0.0
candidate_event,2024-02-20,COMP,61.62,61.94,56.76,59.68,509149.908,61.62,1145.0,30386066.50944,19556491.080225,-0.0788704965920156,0.6008230452674901,49.40845,True,2024-02-21,59.69,60.33,55.11,57.44,-0.0376947562405762,True,52297.4,35792.735,True,106.0,,,,,,,,,,0.0
candidate_event,2024-02-21,COMP,59.69,60.33,55.11,57.44,370781.495,59.68,1146.0,21297689.0728,19556491.080225,-0.0765750670241286,0.5098468271334788,49.408100000000005,True,2024-02-22,57.45,60.8,56.37,59.38,0.0335944299390773,True,51877.8,35906.8355,True,107.0,,,,,,,,,,0.0
candidate_event,2024-03-08,COMP,89.72,90.95,81.68,86.23,565882.179,89.72,1162.0,48796020.29517,31604347.60194,-0.089612126616139,0.5659203980099504,51.98245000000001,True,2024-03-09,86.24,93.44,85.97,91.32,0.0589053803339516,True,68180.2,38447.168,True,143.0,,,,,,,,,,0.0
candidate_event,2024-03-11,COMP,87.92,92.85,80.97,92.84,896335.447,87.91,1165.0,83215782.89948,48531551.643680006,-0.0789443749289044,1.7103746397694537,52.699450000000006,True,2024-03-12,92.85,94.03,82.87,87.73,-0.0551427032848679,True,72153.8,39101.605500000005,True,147.0,,,,,,,,,,0.0
candidate_event,2024-03-14,COMP,91.14,91.28,83.12,89.26,901417.685,91.14,1168.0,80460542.56310001,65492170.21604501,-0.0879964889181478,0.7655860349127187,53.40545,True,2024-03-15,89.27,90.27,75.95,82.4,-0.0769575445278367,True,71455.5,39791.3185,True,151.0,,,,,,,,,,0.0
candidate_event,2024-04-10,COMP,73.13,73.52,68.0,71.33,454678.141,73.14,1195.0,32432191.79753,40848645.994235,-0.0702761826633853,0.6478599221789879,58.12295,True,2024-04-11,71.33,72.21,69.56,70.11,-0.0171036029721014,True,70681.7,45441.989,True,154.0,,,,,,,,,,0.0
candidate_event,2024-11-23,COMP,64.61,68.6,58.91,64.01,1125856.285,64.64,1422.0,72066060.80285,11634280.32519,-0.088644801980198,0.8900523560209432,48.73695,True,2024-11-24,64.02,72.84,62.31,67.21,0.0498281786941581,True,97725.5,65707.697,True,144.0,1.0,2024-11-23,2024-11-24,0.0498281786941581,0.0488281786941581,-0.0267104029990626,0.1377694470477977,liquidity,development,1.0
candidate_event,2024-11-26,COMP,67.43,69.55,61.85,66.19,516012.918,67.44,1425.0,34154895.04242,14708211.899085,-0.082888493475682,0.7763864042933809,48.897,True,2024-11-27,66.21,73.95,64.89,73.55,0.110859386799577,True,92021.4,66197.9955,True,164.0,,,,,,,,,,0.0
candidate_event,2024-11-28,COMP,73.54,75.15,67.64,72.62,380442.804,73.55,1427.0,27627756.426480003,16343597.70275,-0.0803535010197143,0.8426395939086306,49.0911,True,2024-11-29,72.62,72.75,70.05,70.7,-0.026438997521344,True,95694.4,66544.6685,True,175.0,1.0,2024-11-28,2024-11-29,-0.026438997521344,-0.027438997521344,-0.0353896998072157,0.0017901404571742,liquidity,development,1.0
candidate_event,2025-07-22,COMP,53.86,54.37,50.03,52.99,741190.32,53.86,1663.0,39275675.0568,25101483.07926,-0.071110285926476,0.7728459530026115,50.519400000000005,True,2025-07-23,52.99,53.9,48.33,50.17,-0.0532175882241932,True,119993.7,98013.1785,True,131.0,,,,,,,,,,0.0
candidate_event,2021-10-03,COTI,0.5798,0.592,0.53597,0.5613,347870309.0,0.57985,207.0,195259604.4417,145368745.037005,-0.0756747434681384,0.577256153144942,0.2874917999999999,True,2021-10-04,0.5613,0.56158,0.521,0.52574,-0.0633529306965972,True,48187.3,45089.0325,True,70.0,1.0,2021-10-03,2021-10-04,-0.0633529306965972,-0.0643529306965972,-0.0717976126848387,0.0004988419739888,liquidity,development,1.0
candidate_event,2021-10-12,COTI,0.50968,0.52249,0.46601,0.5127,299260215.0,0.50957,216.0,153430712.2305,214423062.52362505,-0.0854838393155013,1.0718549127640056,0.29101105,True,2021-10-13,0.51267,0.52685,0.48868,0.5017,-0.0213977802485028,True,56011.84,45030.98915,True,70.0,2.0,2021-10-12,2021-10-13,-0.0213977802485028,-0.0223977802485028,-0.0467942341077105,0.0276591179511187,liquidity,development,1.0
candidate_event,2021-10-17,COTI,0.50439,0.51133,0.469,0.4908,129465763.0,0.5045,221.0,63541796.4804,214423062.52362505,-0.0703666997026758,0.6140845070422551,0.29191385,True,2021-10-18,0.49081,0.49774,0.47,0.48185,-0.0182555367657546,True,61571.45,45091.28444999999,True,70.0,,,,,,,,,,0.0
candidate_event,2023-01-25,COTI,0.09962,0.11147,0.09192,0.11018,1267340224.0,0.09964,686.0,139635545.88032,15707691.96738,-0.0774789241268567,2.3652849740932624,0.08956,True,2023-01-26,0.11017,0.128,0.10996,0.12014,0.0904965054007442,True,23060.6,19599.111,True,84.0,1.0,2023-01-25,2023-01-26,0.0904965054007442,0.0894965054007442,-0.0019061450485613,0.1618407915040391,liquidity,development,1.0
candidate_event,2023-02-05,COTI,0.10211,0.10534,0.09335,0.09844,247827224.0,0.10211,697.0,24396111.93056,26138683.05462,-0.0857898344922143,0.5810502283105017,0.09004255,True,2023-02-06,0.09847,0.10047,0.09484,0.09615,-0.0235604752716563,True,22929.2,19713.626,True,96.0,,,,,,,,,,0.0
candidate_event,2023-02-08,COTI,0.10319,0.1054,0.095,0.0991,273277672.0,0.10319,700.0,27081817.2952,27401734.67891,-0.0793681558290532,0.5006105006104995,0.0899571499999999,True,2023-02-09,0.09911,0.10096,0.08286,0.08658,-0.1264251841388356,True,22955.9,19717.0655,True,97.0,,,,,,,,,,0.0
candidate_event,2024-02-21,COTI,0.09691,0.09856,0.09006,0.0936,239706169.0,0.09688,1078.0,22436497.4184,35324014.77176,-0.0703963666391411,0.5190615835777134,0.0539574,True,2024-02-22,0.0936,0.10329,0.09087,0.10117,0.0808760683760683,True,51877.8,35906.8355,True,107.0,,,,,,,,,,0.0
candidate_event,2024-02-23,COTI,0.10118,0.12622,0.09389,0.12445,1775725624.0,0.10117,1080.0,220989053.9068,35324014.77176,-0.071958090342987,4.1978021978022015,0.0545976,True,2024-02-24,0.12445,0.18534,0.12383,0.18488,0.4855765367617515,True,50771.9,36125.8865,True,106.0,1.0,2024-02-23,2024-02-24,0.4855765367617515,0.4845765367617515,-0.00498192044998,0.4892728003214142,liquidity,development,1.0
candidate_event,2024-02-28,COTI,0.22281,0.24759,0.2034,0.21668,1960085904.0,0.22278,1085.0,424711413.67872,71834907.683765,-0.0869916509561001,0.6852425180598559,0.05894185,True,2024-02-29,0.21671,0.24384,0.20553,0.21072,-0.0276406257210097,True,62487.9,36775.033,True,124.0,,,,,,,,,,0.0
candidate_event,2024-03-14,COTI,0.21925,0.22543,0.1982,0.21138,267088510.0,0.21926,1100.0,56457169.24380001,107811197.24425,-0.0960503511812461,0.625830959164293,0.0722642,True,2024-03-15,0.21137,0.21539,0.18226,0.20391,-0.0352935610540757,True,71455.5,39791.3185,True,151.0,,,,,,,,,,0.0
candidate_event,2024-04-10,COTI,0.16216,0.16356,0.15063,0.1593,134077162.0,0.16216,1127.0,21358491.9066,26329626.474315,-0.0711026147015294,0.7519514310494364,0.0913194,True,2024-04-11,0.15929,0.1627,0.14868,0.15252,-0.042501098625149,True,70681.7,45441.989,True,154.0,,,,,,,,,,0.0
candidate_event,2024-04-15,COTI,0.11212,0.12002,0.10214,0.10722,236789826.0,0.11213,1132.0,25388605.14372,23823580.77617,-0.0890930170338,0.5085085085085087,0.0932513,True,2024-04-16,0.10723,0.11204,0.1029,0.11063,0.0317075445304486,True,63392.7,46432.1755,True,154.0,,,,,,,,,,0.0
candidate_event,2024-04-17,COTI,0.11063,0.1119,0.10215,0.10726,192141716.0,0.11063,1134.0,20609120.45816,22366461.633225,-0.0766519027388592,0.6025943396226402,0.0939316,True,2024-04-18,0.10727,0.11345,0.10388,0.11142,0.0386874242565489,True,61254.5,46788.06399999999,True,155.0,,,,,,,,,,0.0
candidate_event,2024-04-19,COTI,0.11141,0.11925,0.10055,0.11454,201888583.0,0.11142,1136.0,23124318.29682,21796766.07675,-0.0975587865733261,1.2870285188592454,0.0946391999999999,True,2024-04-20,0.11453,0.13088,0.11268,0.12845,0.1215402078058149,True,63787.4,47146.931,True,153.0,,,,,,,,,,0.0
candidate_event,2024-05-23,COTI,0.13904,0.14549,0.12773,0.1383,161252841.0,0.13903,1170.0,22301267.9103,12300967.96187,-0.0812774221391064,0.9353982300884972,0.1084012499999999,True,2024-05-24,0.1383,0.13942,0.13157,0.13411,-0.0302964569775849,True,67999.9,52849.096,True,129.0,,,,,,,,,,0.0
candidate_event,2024-11-13,COTI,0.10816,0.11095,0.09799,0.10324,218227402.0,0.10815,1344.0,22529796.98248,12704601.93964,-0.0939435968562182,0.5167322834645672,0.10282665,True,2024-11-14,0.10327,0.10608,0.09134,0.09285,-0.1009005519511958,True,90413.3,64157.32399999999,True,121.0,,,,,,,,,,0.0
candidate_event,2024-11-24,COTI,0.1443,0.14964,0.13009,0.148,442804010.0,0.14434,1355.0,65534993.48,14106861.379524998,-0.0987252320908963,1.256842105263158,0.10255245,True,2024-11-25,0.14803,0.14979,0.1315,0.13484,-0.0891035600891712,True,97960.4,65891.7095,True,149.0,,,,,,,,,,0.0
candidate_event,2024-11-26,COTI,0.13484,0.1422,0.12468,0.13293,287636580.0,0.13484,1357.0,38235530.5794,14416205.893885,-0.0753485612577868,0.8120078740157483,0.1026991499999999,True,2024-11-27,0.1329,0.14206,0.1295,0.14072,0.0588412340105344,True,92021.4,66197.9955,True,164.0,,,,,,,,,,0.0
candidate_event,2024-12-03,COTI,0.16559,0.17541,0.15238,0.17337,231289528.0,0.16559,1364.0,40098665.46936,21142953.779235,-0.079775348752944,1.5889477668433012,0.1041301999999999,True,2024-12-04,0.17342,0.17724,0.1625,0.16917,-0.0245069772805904,True,95913.3,67345.7915,True,183.0,,,,,,,,,,0.0
candidate_event,2025-07-24,COW,0.3998,0.4067,0.3709,0.3922,27846212.0,0.3997,260.0,10921284.3464,11849599.8417,-0.0720540405303977,0.739583333333333,0.3795805,True,2025-07-25,0.3924,0.3976,0.3775,0.3969,0.0114678899082567,True,118294.3,98215.6505,True,135.0,,,,,,,,,,0.0
candidate_event,2025-07-30,COW,0.4046,0.4057,0.3701,0.3921,20861297.0,0.4046,266.0,8179714.5537,13304093.0107,-0.0852694018783984,0.6376811594202898,0.3684865,True,2025-07-31,0.3923,0.4049,0.3635,0.3649,-0.0698445067550344,True,117771.0,98879.3845,True,150.0,,,,,,,,,,0.0
candidate_event,2021-09-19,CRV,2.886,3.094,2.675,3.039,67708020.1,2.886,261.0,205764673.0839,129661027.2314,-0.0731115731115732,1.7251184834123214,2.335185,True,2021-09-20,3.04,3.142,2.34,2.41,-0.2072368421052631,True,47256.91,45860.48595,True,70.0,2.0,2021-09-19,2021-09-20,-0.2072368421052631,-0.2082368421052631,-0.2302631578947369,0.0335526315789473,liquidity,development,1.0
candidate_event,2021-12-08,CRV,4.149,4.213,3.764,4.178,48269623.9,4.15,341.0,201670488.6542,260628582.8445,-0.0930120481927712,1.0725388601036256,2.6545649999999994,True,2021-12-09,4.179,4.272,3.595,3.653,-0.1258674324000958,True,50455.61,46512.5604,True,73.0,,,,,,,,,,0.0
candidate_event,2024-02-21,CRV,0.559,0.562,0.512,0.549,201080752.9,0.559,1146.0,110393333.3421,70552894.8041,-0.0840787119856888,0.7872340425531915,0.52622,True,2024-02-22,0.549,0.564,0.535,0.552,0.0054644808743169,True,51877.8,35906.8355,True,107.0,,,,,,,,,,0.0
candidate_event,2024-03-08,CRV,0.793,0.817,0.725,0.764,191814205.5,0.793,1162.0,146546053.002,111927732.88365,-0.085750315258512,0.5735294117647058,0.534255,True,2024-03-09,0.764,0.828,0.762,0.784,0.0261780104712041,True,68180.2,38447.168,True,143.0,,,,,,,,,,0.0
candidate_event,2024-03-11,CRV,0.82,0.861,0.755,0.857,190057161.6,0.821,1165.0,162878987.4912,123981168.27865,-0.0803897685749085,1.5454545454545463,0.539585,True,2024-03-12,0.857,0.858,0.759,0.832,-0.029171528588098,True,72153.8,39101.605500000005,True,147.0,,,,,,,,,,0.0
candidate_event,2024-03-14,CRV,0.865,0.882,0.784,0.833,189141630.1,0.864,1168.0,157554977.8733,136679610.79745,-0.0925925925925925,0.6124999999999995,0.5453950000000001,True,2024-03-15,0.832,0.846,0.706,0.772,-0.0721153846153845,True,71455.5,39791.3185,True,151.0,,,,,,,,,,0.0
candidate_event,2024-12-05,CRV,1.093,1.194,0.996,1.058,683004526.1,1.093,1434.0,722618788.6138,193564696.9065,-0.0887465690759378,0.6391752577319595,0.329075,True,2024-12-06,1.057,1.307,1.049,1.249,0.1816461684011354,True,97001.5,67658.52649999999,True,190.0,,,,,,,,,,0.0
candidate_event,2024-12-10,CRV,1.059,1.216,0.983,1.069,792070351.1,1.059,1439.0,846723205.3259,247954708.14150003,-0.0717658168083097,1.1315789473684212,0.3460249999999999,True,2024-12-11,1.069,1.15,0.975,1.132,0.058933582787652,True,96602.4,68395.6005,True,194.0,,,,,,,,,,0.0
candidate_event,2024-12-11,CRV,1.069,1.15,0.975,1.132,413602525.9,1.069,1440.0,468198059.3187999,262927421.48135,-0.0879326473339568,1.6702127659574464,0.3492,True,2024-12-12,1.133,1.207,1.078,1.195,0.0547219770520741,True,101115.3,68554.605,True,194.0,2.0,2024-12-11,2024-12-12,0.0547219770520741,0.0537219770520741,-0.0485436893203883,0.0653133274492498,liquidity,development,1.0
candidate_event,2025-02-13,CRV,0.556,0.565,0.502,0.529,217729520.9,0.555,1504.0,115178916.5561,163938569.84905,-0.0954954954954955,0.5094339622641509,0.5099800000000001,True,2025-02-14,0.53,0.553,0.515,0.527,-0.0056603773584905,True,96560.6,79532.6485,True,145.0,1.0,2025-02-13,2025-02-14,-0.0056603773584905,-0.0066603773584905,-0.0283018867924528,0.0433962264150944,liquidity,development,1.0
candidate_event,2025-05-06,CRV,0.689,0.691,0.636,0.675,180712590.2,0.689,1586.0,121980998.385,160858133.2343,-0.0769230769230768,0.7358490566037751,0.6108,True,2025-05-07,0.674,0.702,0.649,0.665,-0.0133531157270029,True,96798.9,90538.216,True,118.0,2.0,2025-05-06,2025-05-07,-0.0133531157270029,-0.0143531157270029,-0.0370919881305638,0.0415430267062313,liquidity,development,1.0
candidate_event,2025-05-19,CRV,0.696,0.706,0.635,0.67,182017238.4,0.697,1599.0,121951549.72800002,127367987.03635,-0.0889526542324246,0.5645161290322591,0.641635,True,2025-05-20,0.67,0.752,0.668,0.706,0.0537313432835819,True,105531.6,92790.185,True,133.0,,,,,,,,,,0.0
candidate_event,2025-07-18,CRV,1.005,1.082,0.912,0.983,393338927.7,1.006,1659.0,386652165.9291,119470791.40614998,-0.0934393638170973,0.7553191489361699,0.62906,True,2025-07-19,0.984,1.005,0.919,0.979,-0.0050813008130081,True,117896.4,97567.622,True,121.0,,,,,,,,,,0.0
candidate_event,2023-04-26,CTSI,0.2472,0.2555,0.228,0.2393,1197393990.0,0.2472,547.0,286536381.80700004,11156198.12825,-0.0776699029126213,0.5885416666666671,0.1406165,True,2023-04-27,0.2393,0.2515,0.2321,0.2413,0.0083577099874634,True,28395.9,21540.7145,True,98.0,,,,,,,,,,0.0
candidate_event,2023-05-10,CTSI,0.1783,0.1832,0.165,0.178,630772163.0,0.1784,561.0,112277445.014,181827132.4537,-0.0751121076233183,0.9701492537313424,0.1458805,True,2023-05-11,0.1781,0.1787,0.1618,0.1656,-0.0701852891633914,True,27582.9,22202.681,True,96.0,1.0,2023-05-10,2023-05-11,-0.0701852891633914,-0.0711852891633914,-0.0915216170690623,0.0033688938798426,liquidity,development,1.0
candidate_event,2024-01-08,CTSI,0.1935,0.2032,0.1789,0.2022,85405168.0,0.1935,804.0,17268924.9696,19737532.4017,-0.0754521963824289,1.595890410958903,0.150308,True,2024-01-09,0.2023,0.2036,0.1813,0.1942,-0.0400395452298566,True,46972.7,32606.7745,True,126.0,,,,,,,,,,0.0
candidate_event,2024-01-12,CTSI,0.2195,0.2255,0.2022,0.2117,85141364.0,0.2195,808.0,18024426.7588,19737532.4017,-0.0788154897494305,0.5491329479768788,0.151514,True,2024-01-13,0.2118,0.2168,0.2041,0.2135,0.0080264400377714,True,42788.9,32906.71400000001,True,126.0,,,,,,,,,,0.0
candidate_event,2024-01-19,CTSI,0.1863,0.187,0.1688,0.1798,65759186.0,0.1863,815.0,11823501.6428,18454100.15615,-0.0939345142243692,0.628571428571428,0.153205,True,2024-01-20,0.1798,0.1865,0.1768,0.1843,0.0250278086763069,True,41662.2,33316.779500000004,True,125.0,,,,,,,,,,0.0
candidate_event,2024-02-20,CTSI,0.3075,0.3332,0.2804,0.3089,179539372.0,0.3075,847.0,55459712.0108,62170041.4803,-0.088130081300813,1.0516605166051665,0.1712635,True,2024-02-21,0.3089,0.3249,0.2911,0.3035,-0.0174813855616704,True,52297.4,35792.735,True,106.0,,,,,,,,,,0.0
candidate_event,2024-03-08,CTSI,0.3739,0.3788,0.3383,0.3676,77908765.0,0.3738,864.0,28639262.014,39697299.83,-0.0949705724986624,0.8253521126760553,0.190947,True,2024-03-09,0.3676,0.3968,0.3653,0.3827,0.0410772578890097,True,68180.2,38447.168,True,143.0,,,,,,,,,,0.0
candidate_event,2024-03-11,CTSI,0.3813,0.3838,0.3525,0.3799,80608167.0,0.3812,867.0,30623042.6433,33389679.00045,-0.0752885624344176,0.9547038327526144,0.194855,True,2024-03-12,0.38,0.3995,0.344,0.3931,0.0344736842105262,True,72153.8,39101.605500000005,True,147.0,,,,,,,,,,0.0
candidate_event,2024-03-12,CTSI,0.38,0.3995,0.344,0.3931,109366460.0,0.3799,868.0,42991955.426,31617106.8621,-0.0944985522505923,1.367688022284122,0.1962075,True,2024-03-13,0.3931,0.4197,0.3841,0.3984,0.0134825744085473,True,71503.2,39328.863000000005,True,149.0,,,,,,,,,,0.0
candidate_event,2024-03-14,CTSI,0.3984,0.4024,0.3651,0.382,76575034.0,0.3984,870.0,29251662.988,34642121.435,-0.0835843373493976,0.5075075075075084,0.1989079999999999,True,2024-03-15,0.3821,0.3878,0.3233,0.3502,-0.0834859984297303,True,71455.5,39791.3185,True,151.0,,,,,,,,,,0.0
candidate_event,2024-12-03,CTSI,0.2158,0.2353,0.1988,0.2333,104761976.0,0.2158,1134.0,24440969.0008,12696037.61045,-0.0787766450417052,2.029411764705884,0.153855,True,2024-12-04,0.2334,0.2484,0.2284,0.2409,0.032133676092545,True,95913.3,67345.7915,True,183.0,,,,,,,,,,0.0
candidate_event,2024-03-10,CYBER,11.859,11.876,10.717,11.456,5729772.1,11.856,202.0,65640269.1776,45181426.5244,-0.0960695006747638,0.6488147497805087,6.688810000000001,True,2024-03-11,11.458,11.644,10.42,11.564,0.0092511782160935,True,69001.8,38871.6595,True,145.0,,,,,,,,,,0.0
candidate_event,2024-03-11,CYBER,11.458,11.644,10.42,11.564,4433189.9,11.456,203.0,51265408.0036,47920815.3523,-0.0904329608938546,1.1042471042471047,6.72721,True,2024-03-12,11.565,12.034,10.604,11.64,0.0064850843060961,True,72153.8,39101.605500000005,True,147.0,,,,,,,,,,0.0
candidate_event,2024-03-12,CYBER,11.565,12.034,10.604,11.64,4457314.2,11.564,204.0,51883137.288,49948343.391600005,-0.0830162573503978,1.079166666666667,6.767185,True,2024-03-13,11.643,12.228,11.438,12.204,0.0481834578716826,True,71503.2,39328.863000000005,True,149.0,,,,,,,,,,0.0
candidate_event,2024-03-19,CYBER,12.335,13.449,11.263,11.935,18868436.5,12.334,211.0,225194789.6275,51574272.6458,-0.08683314415437,0.6274509803921576,6.933394999999999,True,2024-03-20,11.935,12.583,10.686,12.392,0.0382907415165478,True,61974.1,40792.1415,True,154.0,,,,,,,,,,0.0
candidate_event,2024-04-19,CYBER,8.65,9.051,7.934,8.758,2209423.1,8.65,242.0,19350127.5098,34165155.56,-0.0827745664739885,1.150837988826814,7.985615,True,2024-04-20,8.752,9.434,8.576,9.389,0.0727833638025592,True,63787.4,47146.931,True,153.0,,,,,,,,,,0.0
candidate_event,2024-05-01,CYBER,8.344,8.45,7.748,8.365,1818767.5,8.343,254.0,15213990.1375,19181517.72415,-0.071317271964521,1.0369747899159667,8.23381,True,2024-05-02,8.369,8.526,8.072,8.387,0.0021507945991159,True,58307.6,49327.81800000001,True,153.0,,,,,,,,,,0.0
candidate_event,2024-12-02,CYBER,4.75,4.822,4.311,4.802,5234436.0,4.75,469.0,25135761.672,16957988.351549998,-0.0924210526315789,1.1184510250569466,4.40755,True,2024-12-03,4.803,5.287,4.54,5.273,0.0978555069748072,True,95890.5,67201.125,True,182.0,,,,,,,,,,0.0
candidate_event,2024-12-05,CYBER,5.253,5.336,4.8,5.091,4501839.6,5.253,472.0,22918865.4036,19507790.5068,-0.0862364363221017,0.6423841059602653,4.37124,True,2024-12-06,5.09,5.45,5.041,5.32,0.0451866404715128,True,97001.5,67658.52649999999,True,190.0,,,,,,,,,,0.0
candidate_event,2021-11-22,DASH,207.29,209.19,188.62,198.01,493112.072,207.28,325.0,97641121.37672,66486313.594965,-0.0900231570822076,0.5032154340836007,192.4503,True,2021-11-23,198.02,201.07,184.56,187.73,-0.0519644480355521,True,56268.31,45993.4832,True,72.0,2.0,2021-11-22,2021-11-23,-0.0519644480355521,-0.0529644480355521,-0.067972932027068,0.0154024845975153,liquidity,development,1.0
candidate_event,2023-03-03,DASH,72.5,72.51,66.0,69.36,700147.564,72.51,791.0,48562235.03904,49739240.04972,-0.0897807199007034,0.5161290322580641,47.682,True,2023-03-04,69.35,69.9,65.3,67.33,-0.0291276135544339,True,22342.8,19717.018,True,97.0,,,,,,,,,,0.0
candidate_event,2023-03-22,DASH,58.44,59.31,53.49,58.9,909450.426,58.44,810.0,53566630.0914,47323522.77109499,-0.0847022587268993,1.092929292929293,48.625600000000006,True,2023-03-23,58.89,64.18,55.51,63.46,0.0776023093903888,True,27233.8,20006.421,True,95.0,,,,,,,,,,0.0
candidate_event,2024-03-12,DASH,43.2,44.0,39.63,42.61,740801.324,43.19,1166.0,31565544.41564,17215872.13135,-0.0824264876128731,0.8370786516853935,29.5742,True,2024-03-13,42.61,44.21,41.96,42.98,0.0086834076507862,True,71503.2,39328.863000000005,True,149.0,,,,,,,,,,0.0
candidate_event,2024-11-28,DASH,38.17,38.17,35.35,36.9,381668.261,38.18,1427.0,14083558.8309,11196765.77628,-0.074122577265584,0.5477031802120135,25.699300000000004,True,2024-11-29,36.9,37.63,35.22,37.5,0.0162601626016261,True,95694.4,66544.6685,True,175.0,,,,,,,,,,0.0
candidate_event,2025-01-08,DASH,38.63,39.19,35.39,37.57,506209.743,38.63,1468.0,19018300.04451,21681596.510065,-0.0838726378462335,0.672839506172839,29.1288,True,2025-01-09,37.57,38.14,35.56,36.82,-0.0199627362257119,True,95014.1,72801.88,True,176.0,,,,,,,,,,0.0
candidate_event,2021-09-08,DOGE,0.25547,0.26365,0.23345,0.25669,4920907061.0,0.25547,250.0,1263147633.4880898,1508445868.10542,-0.086194073668141,1.055404178019982,0.2386621299999999,True,2021-09-09,0.25667,0.25987,0.24858,0.2527,-0.0154673315930963,True,46062.29,46010.740300000005,True,69.0,1.0,2021-09-08,2021-09-09,-0.0154673315930963,-0.0164673315930963,-0.0315190711808938,0.0124673705536291,liquidity,development,1.0
candidate_event,2021-10-29,DOGE,0.30004,0.30734,0.2737,0.28847,10268961833.0,0.3,301.0,2962287419.96551,707057138.25606,-0.0876666666666666,0.5615969581749054,0.28464254,True,2021-10-30,0.28844,0.2953,0.25719,0.26918,-0.0667729857162667,True,62308.22,45290.57695,True,70.0,1.0,2021-10-29,2021-10-30,-0.0667729857162667,-0.0677729857162667,-0.1083414228262377,0.0237831091388158,liquidity,development,1.0
candidate_event,2023-01-18,DOGE,0.08284,0.08979,0.07648,0.07998,16104492349.0,0.08284,747.0,1288037298.07302,575326626.6019701,-0.0767745050700143,0.5503144654088041,0.07462035,True,2023-01-19,0.07998,0.08215,0.07971,0.0816,0.0202550637659415,True,20680.0,19535.2155,True,75.0,1.0,2023-01-18,2023-01-19,0.0202550637659415,0.0192550637659415,-0.0033758439609901,0.0271317829457364,liquidity,development,1.0
candidate_event,2023-02-01,DOGE,0.09617,0.09725,0.0878,0.09412,14188229421.0,0.09617,761.0,1335396153.1045198,619119397.5272751,-0.08703337839243,0.7550776583034636,0.076165,True,2023-02-02,0.09412,0.09621,0.09001,0.09102,-0.0329366765830853,True,23730.0,19696.9065,True,94.0,1.0,2023-02-01,2023-02-02,-0.0329366765830853,-0.0339366765830853,-0.0436676583085421,0.0222056948576285,liquidity,development,1.0
candidate_event,2023-11-14,DOGE,0.07456,0.07567,0.06835,0.07247,7897403636.0,0.07455,1047.0,572324841.50092,437193584.53595495,-0.0831656606304495,0.6645161290322589,0.06789445,True,2023-11-15,0.07247,0.0766,0.07228,0.07629,0.0527114668138539,True,35559.0,28747.954500000003,True,115.0,2.0,2023-11-14,2023-11-15,0.0527114668138539,0.0517114668138539,-0.0026217745273907,0.0569890989374912,liquidity,development,1.0
candidate_event,2023-12-18,DOGE,0.093,0.09384,0.08637,0.09215,6821762451.0,0.09299,1081.0,628625409.85965,625830944.5459,-0.0711904505860845,0.8731117824773403,0.0700805499999999,True,2023-12-19,0.09214,0.09355,0.0893,0.09025,-0.0205122639461688,True,42671.7,30843.7285,True,122.0,1.0,2023-12-18,2023-12-19,-0.0205122639461688,-0.0215122639461688,-0.030822661167788,0.0153028000868242,liquidity,development,1.0
candidate_event,2023-12-26,DOGE,0.09445,0.09456,0.0855,0.09143,5501263775.0,0.09445,1089.0,502980546.94825,603759379.46478,-0.0947591318157755,0.6625698324022337,0.07100205,True,2023-12-27,0.09144,0.09397,0.08959,0.09378,0.0255905511811025,True,42538.5,31509.655999999995,True,127.0,1.0,2023-12-26,2023-12-27,0.0255905511811025,0.0245905511811025,-0.0202318460192475,0.0276684164479441,liquidity,development,1.0
candidate_event,2024-02-20,DOGE,0.08949,0.09171,0.08181,0.08618,7109568834.0,0.08949,1145.0,612702642.11412,255098320.265855,-0.0858196446530339,0.5690104166666679,0.0749709,True,2024-02-21,0.08619,0.08633,0.08196,0.08462,-0.0182155702517693,True,52297.4,35792.735,True,106.0,,,,,,,,,,0.0
candidate_event,2024-03-07,DOGE,0.15797,0.16245,0.1466,0.15781,12556498716.0,0.15797,1161.0,1981541062.37196,371903048.1372301,-0.0719756915870101,0.985927880386984,0.07892795,True,2024-03-08,0.15783,0.17631,0.15467,0.16467,0.0433377684850788,True,66870.0,38236.844,True,143.0,1.0,2024-03-07,2024-03-08,0.0433377684850788,0.0423377684850788,-0.0200215421656212,0.1170880060824937,liquidity,development,1.0
candidate_event,2024-04-15,DOGE,0.16197,0.16893,0.1502,0.16115,14028761674.0,0.16197,1200.0,2260734943.7651,1934613717.71821,-0.0726677779835772,0.9303313508920972,0.1011607,True,2024-04-16,0.16116,0.16245,0.14617,0.15594,-0.0323901712583767,True,63392.7,46432.1755,True,154.0,1.0,2024-04-15,2024-04-16,-0.0323901712583767,-0.0333901712583767,-0.0930131546289402,0.0080044676098287,liquidity,development,1.0
candidate_event,2024-04-16,DOGE,0.16116,0.16245,0.14617,0.15594,11138242201.0,0.16115,1201.0,1736897488.82394,1961523937.27541,-0.0929568724790567,0.6522029372496666,0.10163,True,2024-04-17,0.15595,0.15866,0.14415,0.14747,-0.054376402693171,True,63765.0,46616.546,True,153.0,2.0,2024-04-16,2024-04-17,-0.054376402693171,-0.055376402693171,-0.0756652773324784,0.0173773645399166,liquidity,development,1.0
candidate_event,2024-04-19,DOGE,0.15215,0.15715,0.13874,0.15627,10135487854.0,0.15215,1204.0,1583872686.9445798,1934613717.71821,-0.0881367071968453,1.3072334079045476,0.10297365,True,2024-04-20,0.15626,0.1651,0.15054,0.16251,0.0399974401638294,True,63787.4,47146.931,True,153.0,2.0,2024-04-19,2024-04-20,0.0399974401638294,0.0389974401638294,-0.0366056572379367,0.0565723793677204,liquidity,development,1.0
candidate_event,2024-05-01,DOGE,0.13329,0.13387,0.12002,0.13014,11430095089.0,0.13329,1216.0,1487512574.88246,1423806374.8877702,-0.0995573561407456,0.7626224566691795,0.1083414499999999,True,2024-05-02,0.13013,0.13436,0.12397,0.13188,0.0134480903711673,True,58307.6,49327.81800000001,True,153.0,1.0,2024-05-01,2024-05-02,0.0134480903711673,0.0124480903711673,-0.0473372781065088,0.0325059555828788,liquidity,development,1.0
candidate_event,2024-05-23,DOGE,0.16638,0.16954,0.15004,0.15973,7753757267.0,0.16637,1238.0,1238507648.25791,881946291.8528199,-0.0981547153934001,0.5933864053888557,0.1178656,True,2024-05-24,0.15973,0.17337,0.15502,0.16388,0.0259813435171851,True,67999.9,52849.096,True,129.0,2.0,2024-05-23,2024-05-24,0.0259813435171851,0.0249813435171851,-0.0294872597508296,0.0853941025480498,liquidity,development,1.0
candidate_event,2024-11-12,DOGE,0.35185,0.43995,0.32699,0.3802,68030807893.0,0.35184,1411.0,25865313160.9186,1526256957.25173,-0.0706286948613005,2.1412474849094574,0.1309702,True,2024-11-13,0.3802,0.43439,0.35173,0.39903,0.0495265649658074,True,87972.0,64022.3625,True,117.0,1.0,2024-11-12,2024-11-13,0.0495265649658074,0.0485265649658074,-0.0748816412414519,0.1425302472382956,liquidity,development,1.0
candidate_event,2024-11-13,DOGE,0.3802,0.43439,0.35173,0.39903,41468781321.0,0.3802,1412.0,16547287810.51863,1634267608.67416,-0.0748816412414519,1.6613979627678264,0.132227,True,2024-11-14,0.39903,0.4175,0.35276,0.36261,-0.0912713329824825,True,90413.3,64157.32399999999,True,121.0,1.0,2024-11-13,2024-11-14,-0.0912713329824825,-0.0922713329824825,-0.1159561937698919,0.0462872465729393,liquidity,development,1.0
candidate_event,2024-11-24,DOGE,0.4305,0.45356,0.3992,0.43046,16490410094.0,0.43049,1423.0,7098461929.06324,3900437286.578425,-0.072684615205928,0.9990412272291476,0.1456061,True,2024-11-25,0.43045,0.43794,0.38111,0.39284,-0.0873736787083284,True,97960.4,65891.7095,True,149.0,1.0,2024-11-24,2024-11-25,-0.0873736787083284,-0.0883736787083284,-0.114624230456499,0.0174003949355325,liquidity,development,1.0
candidate_event,2024-11-26,DOGE,0.39282,0.4091,0.36482,0.38733,14104618400.0,0.39284,1425.0,5463141844.872,4559133182.433565,-0.0713267488035842,0.8033547466095644,0.14802735,True,2024-11-27,0.38733,0.408,0.38035,0.4013,0.0360674360364545,True,92021.4,66197.9955,True,164.0,1.0,2024-11-26,2024-11-27,0.0360674360364545,0.0350674360364545,-0.0180208091291662,0.0533653473782045,liquidity,development,1.0
candidate_event,2024-12-02,DOGE,0.44091,0.4643,0.4,0.42497,16702204342.0,0.44092,1431.0,7097935779.21974,4758296535.517185,-0.09280595119296,0.6102150537634413,0.15620005,True,2024-12-03,0.42496,0.42997,0.38799,0.4067,-0.04296875,True,95890.5,67201.125,True,182.0,1.0,2024-12-02,2024-12-03,-0.04296875,-0.04396875,-0.0869964231927711,0.0117893448795181,liquidity,development,1.0
candidate_event,2024-12-03,DOGE,0.42496,0.42997,0.38799,0.4067,10554666398.0,0.42497,1432.0,4292582824.0666,4963692638.693926,-0.0870179071463868,0.5059491617090318,0.1574561,True,2024-12-04,0.40671,0.43714,0.40017,0.43318,0.0650832288362714,True,95913.3,67345.7915,True,183.0,1.0,2024-12-03,2024-12-04,0.0650832288362714,0.0640832288362714,-0.0160802537434535,0.0748198962405644,liquidity,development,1.0
candidate_event,2025-01-13,DOGE,0.33574,0.34606,0.30834,0.33791,8251183853.0,0.33573,1473.0,2788157535.76723,2102429929.48253,-0.0815834152443927,1.079591091639285,0.20196615,True,2025-01-14,0.3379,0.36209,0.33567,0.35579,0.0529446581828945,True,94485.3,73616.58350000001,True,164.0,1.0,2025-01-13,2025-01-14,0.0529446581828945,0.0519446581828945,-0.0065995856762354,0.071589227582125,liquidity,development,1.0
candidate_event,2025-01-27,DOGE,0.33579,0.33689,0.30441,0.33377,8595803696.0,0.33579,1487.0,2869021399.61392,2165304633.961905,-0.0934512641829714,0.935627788400256,0.2195027,True,2025-01-28,0.33377,0.33889,0.315,0.31853,-0.0456601851574438,True,102021.3,76666.3335,True,153.0,2.0,2025-01-27,2025-01-28,-0.0456601851574438,-0.0466601851574438,-0.0562363304071666,0.0153399047248106,liquidity,development,1.0
candidate_event,2025-07-24,DOGE,0.24072,0.24663,0.22164,0.23208,13585248175.0,0.24072,1665.0,3152864396.454,1159452931.19182,-0.0792622133599202,0.5471698113207554,0.217218,True,2025-07-25,0.23208,0.23691,0.22082,0.23662,0.019562219924164,True,118294.3,98215.6505,True,135.0,2.0,2025-07-24,2025-07-25,0.019562219924164,0.018562219924164,-0.0485177524991383,0.0208117890382626,liquidity,development,1.0
candidate_event,2021-10-06,DOT,31.423,33.092,29.115,32.223,26945067.9,31.421,278.0,868250922.9417,996628569.6963,-0.0733904076891251,1.347788378143972,27.26426,True,2021-10-07,32.226,35.369,30.922,34.025,0.0558244895426054,True,55321.6,44999.23355,True,70.0,1.0,2021-10-06,2021-10-07,0.0558244895426054,0.0548244895426054,-0.0404642214361073,0.0975299447650965,liquidity,development,1.0
candidate_event,2021-11-12,DOT,47.433,47.719,44.014,45.891,19978813.6,47.437,315.0,916847734.9176,891216054.605,-0.0721588633345278,0.5483494011101367,28.502075,True,2021-11-13,45.894,47.539,44.868,47.045,0.0250795310933891,True,64156.08,45774.6307,True,71.0,1.0,2021-11-12,2021-11-13,0.0250795310933891,0.0240795310933891,-0.02235586351157,0.0358434653767376,liquidity,development,1.0
candidate_event,2021-11-28,DOT,35.132,35.833,32.13,35.733,21323523.8,35.132,331.0,761953475.9454,691282635.14885,-0.0854491631560968,1.2001998667554965,28.752360000000003,True,2021-11-29,35.725,37.5,35.361,37.084,0.0380405878236529,True,57315.73,46007.4503,True,73.0,2.0,2021-11-28,2021-11-29,0.0380405878236529,0.0370405878236529,-0.010188943317005,0.0496850944716584,liquidity,development,1.0
candidate_event,2021-12-08,DOT,30.454,30.61,28.0,29.813,18600175.6,30.454,341.0,554527035.1628001,660294908.5694,-0.0805805477113023,0.7387938060309692,28.61857,True,2021-12-09,29.813,30.116,26.766,26.884,-0.0982457317277697,True,50455.61,46512.5604,True,73.0,2.0,2021-12-08,2021-12-09,-0.0982457317277697,-0.0992457317277697,-0.1022037366249623,0.0101633515580452,liquidity,development,1.0
candidate_event,2023-11-14,DOT,5.353,5.526,4.96,5.2,28966797.1,5.352,1047.0,150627344.92000002,172907910.975,-0.0732436472346786,0.6122448979591837,4.773265,True,2023-11-15,5.2,5.642,5.186,5.567,0.070576923076923,True,35559.0,28747.954500000003,True,115.0,,,,,,,,,,0.0
candidate_event,2023-12-13,DOT,7.135,7.652,6.612,7.607,62511005.3,7.135,1076.0,475521217.3171,178897529.14805,-0.0733006306937631,1.902485659655833,4.81859,True,2023-12-14,7.607,7.778,6.91,7.513,-0.0123570395688182,True,42875.0,30474.2695,True,119.0,,,,,,,,,,0.0
candidate_event,2023-12-14,DOT,7.607,7.778,6.91,7.513,66577536.2,7.607,1077.0,500197029.4706,178897529.14805,-0.0916261338241093,0.8651362984218073,4.828655,True,2023-12-15,7.513,7.569,6.918,6.953,-0.0745374683881272,True,43032.4,30549.153,True,119.0,,,,,,,,,,0.0
candidate_event,2023-12-26,DOT,9.203,9.595,8.299,8.825,62617229.2,9.202,1089.0,552597047.6899999,276742782.24975,-0.0981308411214954,0.5825027685492796,4.979335,True,2023-12-27,8.825,9.032,8.413,8.703,-0.0138243626062323,True,42538.5,31509.655999999995,True,127.0,,,,,,,,,,0.0
candidate_event,2024-02-20,DOT,8.037,8.126,7.35,7.735,45557129.0,8.037,1145.0,352384392.815,150014790.83175,-0.0854796565882793,0.5604075691411936,5.617579999999999,True,2024-02-21,7.735,7.737,7.23,7.474,-0.0337427278603749,True,52297.4,35792.735,True,106.0,,,,,,,,,,0.0
candidate_event,2024-02-28,DOT,8.377,8.738,7.676,8.35,51682470.9,8.376,1153.0,431548632.015,173989852.09495002,-0.083572110792741,0.9628571428571432,5.732755,True,2024-02-29,8.35,8.918,8.033,8.27,-0.0095808383233533,True,62487.9,36775.033,True,124.0,2.0,2024-02-28,2024-02-29,-0.0095808383233533,-0.0105808383233533,-0.0379640718562874,0.0680239520958083,liquidity,development,1.0
candidate_event,2024-03-12,DOT,11.062,11.167,10.053,10.747,44382649.2,11.062,1166.0,476980330.9524,272474353.63005,-0.0912131621768214,0.6878097125867195,6.08253,True,2024-03-13,10.748,11.402,10.648,11.385,0.0592668403423892,True,71503.2,39328.863000000005,True,149.0,,,,,,,,,,0.0
candidate_event,2024-11-26,DOT,8.24,8.476,7.555,8.072,67624118.7,8.242,1425.0,545861886.1464,201499065.5036,-0.0833535549623879,0.7525473071324579,5.356105,True,2024-11-27,8.072,8.576,7.843,8.462,0.0483151635282459,True,92021.4,66197.9955,True,164.0,,,,,,,,,,0.0
candidate_event,2024-12-02,DOT,9.299,10.21,8.461,10.022,97709025.0,9.299,1431.0,979239848.55,317516003.65715003,-0.0901172169050434,1.8627684964200493,5.426065,True,2024-12-03,10.022,10.403,9.063,9.783,-0.0238475354220715,True,95890.5,67201.125,True,182.0,,,,,,,,,,0.0
candidate_event,2024-12-03,DOT,10.022,10.403,9.063,9.783,86441808.3,10.022,1432.0,845660210.5989,341675645.3062501,-0.0956894831370983,0.7507820646506769,5.439005,True,2024-12-04,9.786,11.666,9.669,10.526,0.0756182301246679,True,95913.3,67345.7915,True,183.0,,,,,,,,,,0.0
candidate_event,2025-01-08,DOT,7.009,7.131,6.415,6.755,50077990.4,7.008,1468.0,338276825.152,287044061.877,-0.0846175799086758,0.5733558178752106,5.666945000000001,True,2025-01-09,6.754,6.841,6.448,6.553,-0.0297601421379922,True,95014.1,72801.88,True,176.0,,,,,,,,,,0.0
candidate_event,2025-01-13,DOT,6.629,6.808,5.97,6.392,46864383.6,6.629,1473.0,299557139.97120005,225816056.3345,-0.099411675969226,0.6403641881638857,5.685665,True,2025-01-14,6.391,6.685,6.364,6.665,0.0428727898607417,True,94485.3,73616.58350000001,True,164.0,,,,,,,,,,0.0
candidate_event,2023-03-10,DUSK,0.15647,0.15977,0.14344,0.15766,224386671.0,0.15649,427.0,35376802.54986,57647569.931925,-0.0833919100261996,1.0896551724137935,0.1270687,True,2023-03-11,0.15765,0.16151,0.14102,0.15309,-0.0289248334919125,True,20140.3,19698.602,True,95.0,,,,,,,,,,0.0
candidate_event,2023-04-26,DUSK,0.16649,0.1744,0.15458,0.16557,111846718.0,0.1665,474.0,18518461.09926,18098015.467665,-0.0715915915915916,0.921979865771811,0.14078055,True,2023-04-27,0.16556,0.17051,0.1627,0.16857,0.0181807199806716,True,28395.9,21540.7145,True,98.0,,,,,,,,,,0.0
candidate_event,2023-12-27,DUSK,0.20077,0.2124,0.18621,0.20455,206777513.0,0.20074,719.0,42296340.28415,11466405.87122,-0.0723821859121252,1.2622161046111495,0.1289944,True,2023-12-28,0.20464,0.20639,0.19458,0.19849,-0.0300527756059421,True,43453.8,31597.792,True,127.0,,,,,,,,,,0.0
candidate_event,2024-01-02,DUSK,0.21043,0.22664,0.19149,0.20348,208909766.0,0.21045,725.0,42508959.18568,12874145.12766,-0.0900926585887385,0.6323839662447256,0.1318111,True,2024-01-03,0.20348,0.20937,0.1565,0.18775,-0.0773048948299587,True,44979.8,32115.9555,True,127.0,1.0,2024-01-02,2024-01-03,-0.0773048948299587,-0.0783048948299587,-0.2308826420287005,0.0289463337920188,liquidity,development,1.0
candidate_event,2024-01-08,DUSK,0.15554,0.16477,0.14455,0.16408,55599050.0,0.15552,731.0,9122692.124,12288741.924505,-0.0705375514403291,1.7803099361896106,0.1334667,True,2024-01-09,0.16408,0.16446,0.15043,0.15736,-0.0409556313993174,True,46972.7,32606.7745,True,126.0,,,,,,,,,,0.0
candidate_event,2024-01-09,DUSK,0.16408,0.16446,0.15043,0.15736,54455422.0,0.16408,732.0,8569105.20592,12288741.924505,-0.0831911262798634,0.5076923076923072,0.13360825,True,2024-01-10,0.15738,0.17571,0.15346,0.17299,0.0991866819163809,True,46114.0,32683.9775,True,125.0,,,,,,,,,,0.0
candidate_event,2024-02-28,DUSK,0.3193,0.32849,0.29005,0.31197,62373858.0,0.31927,782.0,19458772.480260003,18853154.63645,-0.0915212829266766,0.7501711156741969,0.16755455,True,2024-02-29,0.31199,0.3334,0.30924,0.322,0.0320843616782589,True,62487.9,36775.033,True,124.0,,,,,,,,,,0.0
candidate_event,2024-03-12,DUSK,0.38732,0.39877,0.35274,0.39527,42963441.0,0.38749,795.0,16982159.32407,14242277.268855,-0.0896797336705463,1.2238848920863312,0.18286175,True,2024-03-13,0.39528,0.45128,0.38859,0.42297,0.0700516089860352,True,71503.2,39328.863000000005,True,149.0,,,,,,,,,,0.0
candidate_event,2024-03-14,DUSK,0.42303,0.43241,0.38808,0.41056,40175966.0,0.42297,797.0,16494644.60096,14717988.693345,-0.0824881197248033,0.6443106907423325,0.18604275,True,2024-03-15,0.41068,0.41558,0.34754,0.37806,-0.0794292393104119,True,71455.5,39791.3185,True,151.0,,,,,,,,,,0.0
candidate_event,2024-04-05,DUSK,0.49305,0.49695,0.45127,0.47605,49301821.0,0.49308,819.0,23470131.88705,25316294.17775,-0.0847935426299991,0.5926811767519723,0.2258707,True,2024-04-06,0.47605,0.49906,0.46839,0.48949,0.0282323285369183,True,67825.7,44362.851,True,154.0,,,,,,,,,,0.0
candidate_event,2024-04-10,DUSK,0.46767,0.47181,0.42811,0.45448,46015386.0,0.46764,824.0,20913072.62928,27781819.56645,-0.08453083568557,0.6670882873766759,0.2351601499999999,True,2024-04-11,0.45446,0.46999,0.43754,0.45197,-0.0054790300576508,True,70681.7,45441.989,True,154.0,,,,,,,,,,0.0
candidate_event,2024-04-19,DUSK,0.37468,0.39361,0.33837,0.38068,76923177.0,0.37471,833.0,29283115.02036,32558559.48862,-0.0969816658215686,1.1642817831590544,0.2466084,True,2024-04-20,0.38063,0.40725,0.3719,0.40297,0.0586921682473793,True,63787.4,47146.931,True,153.0,,,,,,,,,,0.0
candidate_event,2024-05-01,DUSK,0.30259,0.30868,0.28041,0.30186,41555726.0,0.30255,845.0,12544011.45036,21655597.03878,-0.0731779871095686,0.9688346883468848,0.2610924,True,2024-05-02,0.30187,0.31623,0.29113,0.31012,0.0273296452115148,True,58307.6,49327.81800000001,True,153.0,,,,,,,,,,0.0
candidate_event,2024-05-13,DUSK,0.30747,0.31306,0.28557,0.30009,45504830.0,0.30746,857.0,13655544.4347,12526416.595005,-0.0711962531711443,0.6633165829145737,0.27362955,True,2024-05-14,0.30006,0.30093,0.28287,0.28426,-0.0526561354395787,True,62912.1,51223.668,True,138.0,,,,,,,,,,0.0
candidate_event,2024-05-23,DUSK,0.35453,0.35809,0.3231,0.34225,33675506.0,0.35458,867.0,11525441.9285,12167787.4519,-0.0887810931242597,0.6083227445997458,0.28400415,True,2024-05-24,0.3423,0.38586,0.33965,0.38062,0.1119485831142272,True,67999.9,52849.096,True,129.0,,,,,,,,,,0.0
candidate_event,2024-06-03,DUSK,0.42712,0.44441,0.39535,0.44345,77037889.0,0.42717,878.0,34162451.87705,14076169.494705,-0.0744902497834586,1.5116279069767444,0.2985647999999999,True,2024-06-04,0.44342,0.5048,0.44325,0.4616,0.040999503856389,True,68851.4,54608.864,True,127.0,1.0,2024-06-03,2024-06-04,0.040999503856389,0.039999503856389,-0.0003833836994271,0.1384240674755312,liquidity,development,1.0
candidate_event,2023-01-27,DYDX,2.304,2.528,2.1,2.416,213935220.4,2.305,504.0,516867492.4864,159753952.2765,-0.088937093275488,1.541463414634145,1.66492,True,2023-01-28,2.415,2.457,2.214,2.297,-0.0488612836438923,True,23068.0,19625.42,True,91.0,1.0,2023-01-27,2023-01-28,-0.0488612836438923,-0.0498612836438923,-0.0832298136645962,0.0173913043478259,liquidity,development,1.0
candidate_event,2023-01-30,DYDX,2.343,2.7,2.173,2.5,352382032.2,2.344,507.0,880955080.5,169340278.1836,-0.072952218430034,1.912280701754388,1.6728299999999998,True,2023-01-31,2.499,3.58,2.333,3.225,0.290516206482593,True,22819.9,19672.6925,True,93.0,1.0,2023-01-30,2023-01-31,0.290516206482593,0.289516206482593,-0.0664265706282513,0.4325730292116847,liquidity,development,1.0
candidate_event,2023-02-01,DYDX,3.225,3.535,2.926,3.291,513220984.2,3.225,509.0,1689010259.0022,178157429.28079998,-0.0927131782945736,1.2207357859531769,1.68459,True,2023-02-02,3.291,3.68,3.152,3.198,-0.0282588878760254,True,23730.0,19696.9065,True,94.0,,,,,,,,,,0.0
candidate_event,2023-02-13,DYDX,2.504,2.532,2.308,2.427,191334355.9,2.504,521.0,464368481.7693,350889325.19195,-0.0782747603833866,0.6071428571428578,1.7234599999999998,True,2023-02-14,2.428,2.693,2.386,2.635,0.0852553542009884,True,21766.2,19701.624,True,97.0,1.0,2023-02-13,2023-02-14,0.0852553542009884,0.0842553542009884,-0.0172981878088961,0.1091433278418452,liquidity,development,1.0
candidate_event,2023-02-22,DYDX,2.727,2.736,2.52,2.671,117619008.6,2.727,530.0,314160371.97059995,490249767.2384,-0.0759075907590758,0.729468599033816,1.7467100000000002,True,2023-02-23,2.671,2.805,2.543,2.663,-0.0029951329090228,True,24171.3,19743.7235,True,99.0,1.0,2023-02-22,2023-02-23,-0.0029951329090228,-0.0039951329090228,-0.0479221265443653,0.0501684762261327,liquidity,development,1.0
candidate_event,2023-03-22,DYDX,2.597,2.661,2.37,2.499,126880826.4,2.596,558.0,317075185.1736,411032936.6869,-0.0870570107858242,0.5707964601769913,1.83641,True,2023-03-23,2.498,2.672,2.419,2.622,0.0496397117694153,True,27233.8,20006.421,True,95.0,1.0,2023-03-22,2023-03-23,0.0496397117694153,0.0486397117694153,-0.0316253002401922,0.0696557245796636,liquidity,development,1.0
candidate_event,2023-04-26,DYDX,2.587,2.715,2.403,2.535,90017742.0,2.587,593.0,228194975.97,171601294.6245,-0.0711248550444531,0.717391304347826,2.049645,True,2023-04-27,2.536,2.688,2.522,2.649,0.0445583596214511,True,28395.9,21540.7145,True,98.0,,,,,,,,,,0.0
candidate_event,2023-12-13,DYDX,2.89,2.914,2.67,2.851,92145630.7,2.89,824.0,262707193.1257,262586098.80735,-0.0761245674740485,0.8227272727272722,2.22283,True,2023-12-14,2.852,3.02,2.75,2.947,0.0333099579242637,True,42875.0,30474.2695,True,119.0,,,,,,,,,,0.0
candidate_event,2024-01-05,DYDX,2.719,2.76,2.48,2.641,65040727.8,2.719,847.0,171772562.1198,224169047.72795,-0.0878999632217726,0.6736401673640172,2.354255,True,2024-01-06,2.641,2.642,2.41,2.573,-0.0257478227943961,True,44145.4,32373.3135,True,128.0,,,,,,,,,,0.0
candidate_event,2024-01-06,DYDX,2.641,2.642,2.41,2.573,48642792.3,2.641,848.0,125157904.58789998,223151302.73045,-0.0874668686103747,0.7056277056277052,2.358165,True,2024-01-07,2.573,2.659,2.441,2.489,-0.0326467158958414,True,43956.7,32451.644,True,127.0,2.0,2024-01-06,2024-01-07,-0.0326467158958414,-0.0336467158958414,-0.0513019821220366,0.0334240186552661,liquidity,development,1.0
candidate_event,2024-01-08,DYDX,2.49,2.628,2.275,2.624,68884322.9,2.489,850.0,180752463.2896,219842311.4588,-0.0859783045399759,1.6308411214953282,2.365275,True,2024-01-09,2.624,2.63,2.31,2.443,-0.0689786585365853,True,46972.7,32606.7745,True,126.0,,,,,,,,,,0.0
candidate_event,2024-01-19,DYDX,2.953,2.982,2.671,2.931,97413406.7,2.953,861.0,285518695.0377,182095662.26465,-0.0954961056552659,0.9219858156028377,2.4119,True,2024-01-20,2.932,2.95,2.766,2.8,-0.0450204638472032,True,41662.2,33316.779500000004,True,125.0,,,,,,,,,,0.0
candidate_event,2024-01-23,DYDX,2.701,2.847,2.473,2.588,88939778.0,2.701,865.0,230176145.464,175582506.23725,-0.0844131803035913,0.5043859649122812,2.4285,True,2024-01-24,2.587,2.667,2.543,2.651,0.0247390800154618,True,39890.0,33523.1895,True,124.0,,,,,,,,,,0.0
candidate_event,2024-02-20,DYDX,3.144,3.18,2.908,3.152,66274733.4,3.144,893.0,208897959.6768,106023212.086,-0.0750636132315522,1.0338983050847457,2.546905,True,2024-02-21,3.152,3.2,2.859,3.002,-0.0475888324873097,True,52297.4,35792.735,True,106.0,,,,,,,,,,0.0
candidate_event,2024-03-12,DYDX,4.086,4.114,3.732,4.061,53948628.8,4.087,914.0,219085381.5568,200364664.374,-0.0868607780768289,0.926760563380282,2.71491,True,2024-03-13,4.062,4.164,3.871,3.993,-0.01698670605613,True,71503.2,39328.863000000005,True,149.0,,,,,,,,,,0.0
candidate_event,2024-03-14,DYDX,3.993,4.166,3.702,3.935,54053516.3,3.993,916.0,212700586.6405,206557575.8948,-0.072877535687453,0.8006872852233682,2.733055,True,2024-03-15,3.935,3.988,3.431,3.726,-0.0531130876747141,True,71455.5,39791.3185,True,151.0,,,,,,,,,,0.0
candidate_event,2024-11-24,DYDX,1.526,1.599,1.405,1.552,75741068.3,1.526,1171.0,117550138.0016,74621640.9587,-0.0792922673656618,1.2148760330578514,1.280455,True,2024-11-25,1.553,1.597,1.443,1.56,0.0045074050225371,True,97960.4,65891.7095,True,149.0,,,,,,,,,,0.0
candidate_event,2024-11-25,DYDX,1.553,1.597,1.443,1.56,88923967.7,1.552,1172.0,138721389.61200002,74621640.9587,-0.0702319587628865,1.073394495412844,1.277455,True,2024-11-26,1.559,1.633,1.407,1.456,-0.0660679923027581,True,93064.0,66041.77900000001,True,156.0,1.0,2024-11-25,2024-11-26,-0.0660679923027581,-0.0670679923027581,-0.0974983964079537,0.0474663245670301,liquidity,development,1.0
candidate_event,2024-12-02,DYDX,1.708,1.796,1.581,1.779,91140322.0,1.708,1179.0,162138632.838,81832081.72070001,-0.0743559718969555,1.559055118110236,1.265485,True,2024-12-03,1.778,1.837,1.653,1.8,0.0123734533183352,True,95890.5,67201.125,True,182.0,,,,,,,,,,0.0
candidate_event,2024-12-03,DYDX,1.778,1.837,1.653,1.8,76367589.8,1.779,1180.0,137461661.64,83403606.7416,-0.0708263069139966,1.166666666666668,1.264195,True,2024-12-04,1.8,1.97,1.788,1.846,0.0255555555555555,True,95913.3,67345.7915,True,183.0,,,,,,,,,,0.0
candidate_event,2024-11-24,DYM,2.0251,2.6075,1.858,2.4467,88784804.9,2.025,291.0,217229782.14883,20204757.057195,-0.082469135802469,3.525149700598805,1.778779,True,2024-11-25,2.4467,2.4509,2.1691,2.368,-0.0321657743082519,True,97960.4,65891.7095,True,149.0,,,,,,,,,,0.0
candidate_event,2024-11-26,DYM,2.3676,2.4516,2.1469,2.2688,24795797.7,2.368,293.0,56256705.82176,20536525.851185,-0.0933699324324324,0.551334237901403,1.7719729999999998,True,2024-11-27,2.2694,2.3794,2.1257,2.2724,0.0013219353132987,True,92021.4,66197.9955,True,164.0,,,,,,,,,,0.0
candidate_event,2024-12-03,DYM,2.3971,2.6823,2.2213,2.4027,27293112.3,2.3973,300.0,65577160.92321,26400337.33989,-0.073415926250365,1.0306818181818174,1.758853,True,2024-12-04,2.4031,2.6756,2.3535,2.4906,0.036411302068162,True,95913.3,67345.7915,True,183.0,,,,,,,,,,0.0
candidate_event,2024-12-05,DYM,2.49,2.5731,2.2935,2.4531,22179216.8,2.4906,302.0,54407836.732080005,33171415.143615,-0.0791375572151289,0.8097412480974123,1.7573215,True,2024-12-06,2.4541,2.7948,2.4152,2.7089,0.1038262499490647,True,97001.5,67658.52649999999,True,190.0,,,,,,,,,,0.0
candidate_event,2023-12-04,EDU,0.637,0.6682,0.5816,0.6297,48275328.0,0.6369,218.0,30398974.0416,25154514.9097,-0.0868268173967655,0.8698010849909588,0.615105,True,2023-12-05,0.6297,0.659,0.626,0.6488,0.0303319040813085,True,41993.1,29736.681,True,117.0,,,,,,,,,,0.0
candidate_event,2023-12-14,EDU,0.7058,0.7148,0.6508,0.6995,34795500.0,0.7057,228.0,24339452.25,27398854.296850003,-0.0777950970667421,0.8870673952641168,0.5908945,True,2023-12-15,0.6996,0.705,0.6431,0.646,-0.0766152086906803,True,43032.4,30549.153,True,119.0,,,,,,,,,,0.0
candidate_event,2024-01-05,EDU,0.6543,0.6608,0.5953,0.6312,22617950.0,0.6542,250.0,14276450.04,20676269.3456,-0.0900336288596759,0.609507640067911,0.565933,True,2024-01-06,0.6314,0.6317,0.5825,0.6026,-0.045612923661704,True,44145.4,32373.3135,True,128.0,,,,,,,,,,0.0
candidate_event,2024-01-08,EDU,0.5611,0.6023,0.5085,0.5911,29226164.0,0.5609,253.0,17275585.5404,18679701.1188,-0.0934212872169727,1.5763358778625955,0.5625455,True,2024-01-09,0.5914,0.5947,0.5392,0.5684,-0.0388907676699358,True,46972.7,32606.7745,True,126.0,,,,,,,,,,0.0
candidate_event,2024-01-09,EDU,0.5914,0.5947,0.5392,0.5684,22971684.0,0.5911,254.0,13057105.1856,17235775.3262,-0.087802402300795,0.5626204238921009,0.5612905,True,2024-01-10,0.5685,0.6349,0.5487,0.6203,0.091116974494283,True,46114.0,32683.9775,True,125.0,,,,,,,,,,0.0
candidate_event,2024-01-19,EDU,0.6117,0.6147,0.5593,0.5984,15544388.0,0.6116,264.0,9301761.7792,14411981.895,-0.0855134074558535,0.7476099426386236,0.5583674999999999,True,2024-01-20,0.5985,0.6122,0.5907,0.6095,0.0183792815371763,True,41662.2,33316.779500000004,True,125.0,,,,,,,,,,0.0
candidate_event,2024-02-28,EDU,0.8224,0.879,0.7584,0.8631,36768495.0,0.8222,304.0,31734888.0345,14294496.49005,-0.0775966918024811,1.641065830721001,0.5713900000000001,True,2024-02-29,0.863,0.951,0.842,0.8645,0.0017381228273465,True,62487.9,36775.033,True,124.0,,,,,,,,,,0.0
candidate_event,2024-03-08,EDU,0.9603,0.9769,0.8846,0.9526,17471040.0,0.9606,313.0,16642912.704,21222387.7362,-0.0791172184051633,0.894736842105263,0.5901285000000001,True,2024-03-09,0.9526,1.0218,0.949,0.9924,0.0417803905101825,True,68180.2,38447.168,True,143.0,,,,,,,,,,0.0
candidate_event,2024-03-12,EDU,1.1318,1.1501,1.0498,1.1244,39912350.0,1.1317,317.0,44877446.34,21222387.7362,-0.0723690023857911,0.9108669108669124,0.6040415,True,2024-03-13,1.1245,1.1534,1.077,1.1222,-0.0020453534904402,True,71503.2,39328.863000000005,True,149.0,,,,,,,,,,0.0
candidate_event,2024-03-14,EDU,1.1223,1.1505,1.02,1.1033,23101566.0,1.1222,319.0,25487957.7678,22197566.0811,-0.0910711103190162,0.8150684931506837,0.611101,True,2024-03-15,1.1034,1.1328,0.9826,1.087,-0.0148631502628239,True,71455.5,39791.3185,True,151.0,,,,,,,,,,0.0
candidate_event,2024-03-18,EDU,1.0247,1.2791,0.9232,1.123,166687572.0,1.0247,323.0,187190143.356,22197566.0811,-0.0990533814775055,1.968472906403942,0.623564,True,2024-03-19,1.1226,1.35,0.942,1.1012,-0.0190628897202922,True,67660.0,40611.249,True,154.0,2.0,2024-03-18,2024-03-19,-0.0190628897202922,-0.0200628897202922,-0.1608765366114378,0.202565473009086,liquidity,development,1.0
candidate_event,2024-03-20,EDU,1.1014,1.161,1.0205,1.1299,112485868.0,1.1012,325.0,127097782.2532,23030615.0637,-0.0732836905194334,1.355638166047087,0.6304265,True,2024-03-21,1.1301,1.1684,1.0572,1.0911,-0.0345102203344838,True,67876.4,41002.2445,True,154.0,,,,,,,,,,0.0
candidate_event,2024-11-26,EDU,0.5878,0.6187,0.5433,0.6106,38229661.0,0.5879,576.0,23343031.0066,10169166.77235,-0.0758632420479673,1.5089686098654724,0.6042105,True,2024-11-27,0.6106,0.6466,0.5915,0.6363,0.0420897477890598,True,92021.4,66197.9955,True,164.0,,,,,,,,,,0.0
candidate_event,2024-12-02,EDU,0.6505,0.6749,0.5966,0.6705,46222267.0,0.6505,582.0,30992030.0235,10924314.32745,-0.0828593389700229,1.3710575139146577,0.6082899999999999,True,2024-12-03,0.6705,0.7259,0.6395,0.7162,0.0681580909768828,True,95890.5,67201.125,True,182.0,,,,,,,,,,0.0
candidate_event,2021-11-28,EGLD,429.38,435.22,387.0,412.14,515779.0,429.39,331.0,212573157.06,129896854.696,-0.0987214420456926,0.5930644019815993,177.93874499999998,True,2021-11-29,412.16,414.76,392.24,394.69,-0.0423864518633541,True,57315.73,46007.4503,True,73.0,,,,,,,,,,0.0
candidate_event,2021-12-06,EGLD,287.71,292.3,260.56,286.91,715417.4,287.81,339.0,205260406.23400003,214067049.0865,-0.0946805183975539,0.9669724770642212,186.097485,True,2021-12-07,286.84,313.58,281.61,285.61,-0.0042881048668246,True,50424.72,46380.61435,True,73.0,2.0,2021-12-06,2021-12-07,-0.0042881048668246,-0.0052881048668246,-0.0182331613443033,0.0932227025519454,liquidity,development,1.0
candidate_event,2023-11-18,EGLD,45.52,45.54,41.13,43.39,937105.7,45.51,1051.0,40661016.323,58608523.584,-0.096242584047462,0.5159817351598174,31.70975,True,2023-11-19,43.39,46.46,42.22,46.38,0.0689098870707536,True,36580.9,28908.5435,True,119.0,,,,,,,,,,0.0
candidate_event,2023-12-05,EGLD,52.25,52.32,48.5,50.45,1442258.1,52.26,1068.0,72761921.14500001,60846410.647,-0.0719479525449674,0.5186170212765968,32.34295,True,2023-12-06,50.45,51.99,47.78,48.55,-0.0376610505450942,True,44081.7,29822.739,True,118.0,,,,,,,,,,0.0
candidate_event,2023-12-11,EGLD,64.64,67.25,58.3,63.81,5323845.3,64.64,1074.0,339714568.593,47269638.383,-0.0980816831683168,0.8690851735015777,32.94895,True,2023-12-12,63.81,69.63,60.69,62.04,-0.0277385989656794,True,41271.0,30319.977000000003,True,120.0,,,,,,,,,,0.0
candidate_event,2023-12-13,EGLD,62.03,63.1,57.17,62.56,1987619.6,62.04,1076.0,124345482.176,47269638.383,-0.0784977433913604,1.1067761806981526,33.21085,True,2023-12-14,62.56,62.67,57.76,61.22,-0.0214194373401535,True,42875.0,30474.2695,True,119.0,,,,,,,,,,0.0
candidate_event,2023-12-14,EGLD,62.56,62.67,57.76,61.22,1133299.5,62.56,1077.0,69380595.39,47269638.383,-0.0767263427109975,0.7208333333333329,33.333,True,2023-12-15,61.23,61.37,57.78,57.96,-0.0534051935325819,True,43032.4,30549.153,True,119.0,,,,,,,,,,0.0
candidate_event,2023-12-26,EGLD,72.86,73.69,65.9,71.35,1499313.5,72.86,1089.0,106976018.225,66893184.363000005,-0.09552566566017,0.7830459770114934,34.97595,True,2023-12-27,71.34,74.52,69.7,70.8,-0.007569386038688,True,42538.5,31509.655999999995,True,127.0,,,,,,,,,,0.0
candidate_event,2024-01-06,EGLD,57.12,57.21,51.87,54.56,713564.7,57.11,1100.0,38932090.032,70339629.535,-0.0917527578357556,0.5133587786259549,36.9193,True,2024-01-07,54.55,56.08,50.93,51.65,-0.0531622364802932,True,43956.7,32451.644,True,127.0,,,,,,,,,,0.0
candidate_event,2024-01-08,EGLD,51.66,55.98,46.61,55.53,1363967.4,51.65,1102.0,75741109.722,70339629.535,-0.0975798644724104,1.7698412698412704,37.1313,True,2024-01-09,55.52,55.75,51.1,52.98,-0.045749279538905,True,46972.7,32606.7745,True,126.0,,,,,,,,,,0.0
candidate_event,2024-01-19,EGLD,51.53,52.27,47.76,50.85,561544.8,51.52,1113.0,28554553.08,57586107.048,-0.0729813664596273,0.8218085106382976,38.2133,True,2024-01-20,50.86,53.5,50.26,52.6,0.03421156114825,True,41662.2,33316.779500000004,True,125.0,,,,,,,,,,0.0
candidate_event,2024-01-23,EGLD,49.75,51.21,46.17,48.79,673107.0,49.74,1117.0,32840890.53,53370808.998,-0.071773220747889,0.7338935574229685,38.53515,True,2024-01-24,48.79,51.13,48.43,49.84,0.0215208034433287,True,39890.0,33523.1895,True,124.0,,,,,,,,,,0.0
candidate_event,2024-02-06,EGLD,53.33,53.88,48.06,52.53,386332.8,53.34,1131.0,20294061.984,29912578.998000003,-0.0989876265466817,0.8465909090909087,39.7741,True,2024-02-07,52.53,53.62,50.91,53.5,0.0184656386826576,True,43079.1,34366.932,True,111.0,1.0,2024-02-06,2024-02-07,0.0184656386826576,0.0174656386826576,-0.0308395202741291,0.0207500475918522,liquidity,development,1.0
candidate_event,2024-02-28,EGLD,60.26,62.93,54.95,59.86,1245160.4,60.26,1153.0,74535301.544,29390389.382,-0.0881181546631263,0.9246704331450096,42.68205,True,2024-02-29,59.86,63.84,58.54,60.23,0.0061810892081524,True,62487.9,36775.033,True,124.0,,,,,,,,,,0.0
candidate_event,2024-03-14,EGLD,73.67,75.42,67.34,75.4,1291167.2,73.66,1168.0,97354006.88,41116696.7185,-0.0857996198751017,1.2753164556962042,45.72565,True,2024-03-15,75.4,76.65,64.5,69.36,-0.080106100795756,True,71455.5,39791.3185,True,151.0,,,,,,,,,,0.0
candidate_event,2025-01-08,EGLD,34.178,34.535,31.214,33.06,622500.4,34.173,1468.0,20579863.224000003,21127170.0844,-0.0865888274368654,0.6238594119635017,31.614190000000004,True,2025-01-09,33.057,33.758,31.933,32.873,-0.0055661433281908,True,95014.1,72801.88,True,176.0,,,,,,,,,,0.0
candidate_event,2025-09-15,EIGEN,1.6029,1.667,1.4864,1.5597,78092992.7,1.6031,349.0,121801640.71419,59480224.41864,-0.0727964568648243,0.6281062553556138,1.2237785,True,2025-09-16,1.5593,1.6185,1.5026,1.5313,-0.0179567754761751,True,115300.6,102596.6385,True,132.0,2.0,2025-09-15,2025-09-16,-0.0179567754761751,-0.0189567754761751,-0.0363624703392547,0.0379657538639133,liquidity,development,1.0
candidate_event,2025-01-16,ENA,0.9429,0.9573,0.8746,0.9116,744558885.0,0.943,289.0,678739879.566,608417296.0508499,-0.0725344644750793,0.5409356725146195,0.52804,True,2025-01-17,0.9117,1.0042,0.9101,0.9639,0.0572556762092792,True,99937.4,74180.254,True,163.0,2.0,2025-01-16,2025-01-17,0.0572556762092792,0.0562556762092792,-0.0017549632554567,0.1014588132060985,liquidity,development,1.0
candidate_event,2025-01-27,ENA,0.7757,0.7836,0.7001,0.7513,1002205160.0,0.7757,300.0,752956736.708,643110607.1367,-0.097460358385974,0.6772486772486775,0.5517845,True,2025-01-28,0.7513,0.7708,0.6518,0.6573,-0.1251164647943564,True,102021.3,76666.3335,True,153.0,,,,,,,,,,0.0
candidate_event,2025-07-22,ENA,0.5166,0.5392,0.467,0.5085,2173271349.0,0.5166,476.0,1105108480.9664998,264994168.85765,-0.0960123886953153,0.8366935483870966,0.4354755,True,2025-07-23,0.5086,0.5099,0.4391,0.4599,-0.0957530475815966,True,119993.7,98013.1785,True,131.0,2.0,2025-07-22,2025-07-23,-0.0957530475815966,-0.0967530475815966,-0.1366496264254818,0.0025560361777428,liquidity,development,1.0
candidate_event,2025-07-24,ENA,0.46,0.5104,0.4241,0.4715,2169507115.0,0.4599,478.0,1022922604.7225,264994168.85765,-0.0778430093498586,1.324022346368715,0.4276564999999999,True,2025-07-25,0.4716,0.6248,0.4647,0.6028,0.2782018659881256,True,118294.3,98215.6505,True,135.0,,,,,,,,,,0.0
candidate_event,2025-07-26,ENA,0.6028,0.6355,0.5546,0.6187,2233511535.0,0.6028,480.0,1381873586.7045,329556044.2051,-0.0799601857996018,1.3298755186721996,0.422728,True,2025-07-27,0.6188,0.6881,0.6054,0.67,0.0827407886231414,True,117889.2,98397.5105,True,140.0,1.0,2025-07-26,2025-07-27,0.0827407886231414,0.0817407886231414,-0.0216548157724627,0.1119909502262443,liquidity,development,1.0
candidate_event,2021-10-30,ENJ,2.4625,3.3157,2.2896,3.0517,248736350.0,2.464,302.0,759068719.295,59075009.3732,-0.0707792207792207,4.369839449541286,1.6752817000000002,True,2021-10-31,3.0493,3.5058,2.4217,2.5814,-0.1534450529629751,True,61895.19,45281.80435,True,70.0,2.0,2021-10-30,2021-10-31,-0.1534450529629751,-0.1544450529629751,-0.2058177286590365,0.1497064900141014,liquidity,development,1.0
candidate_event,2021-11-01,ENJ,2.5807,2.7796,2.3736,2.6023,104705117.0,2.5814,304.0,272474125.9691,60210381.953250006,-0.0804989540559385,1.1005774783445628,1.6707308500000002,True,2021-11-02,2.6015,3.2779,2.5729,3.1251,0.2012684989429176,True,60942.87,45262.003500000006,True,70.0,,,,,,,,,,0.0
candidate_event,2021-11-18,ENJ,3.0191,3.2665,2.7361,3.0358,124027846.0,3.0191,321.0,376523734.8868,218580903.222,-0.0937365440031797,1.0590106007067144,1.713821,True,2021-11-19,3.0373,3.7626,2.9837,3.618,0.1911895433444177,True,56921.05,45951.96205,True,71.0,1.0,2021-11-18,2021-11-19,0.1911895433444177,0.1901895433444177,-0.0176472524939914,0.238797616303954,liquidity,development,1.0
candidate_event,2021-12-02,ENJ,3.5313,3.5318,3.2734,3.405,44476556.0,3.5314,335.0,151442673.17999998,252667299.51565003,-0.0730588435181514,0.5100775193798438,1.814593,True,2021-12-03,3.405,3.4411,2.9,3.098,-0.0901615271659324,True,56513.57,46186.06020000001,True,73.0,,,,,,,,,,0.0
candidate_event,2023-02-08,ENJ,0.5142,0.5306,0.4776,0.5033,108529960.0,0.5142,768.0,54623128.86799999,56016026.25049999,-0.071178529754959,0.7021857923497259,0.4306665,True,2023-02-09,0.5033,0.519,0.4296,0.4431,-0.1196105702364395,True,22955.9,19717.0655,True,97.0,2.0,2023-02-08,2023-02-09,-0.1196105702364395,-0.1206105702364395,-0.1464335386449433,0.0311941188158157,liquidity,development,1.0
candidate_event,2023-04-26,ENJ,0.3975,0.4122,0.3662,0.3908,79931973.0,0.3974,845.0,31237415.0484,30015141.022250004,-0.0785103170608957,0.7884615384615383,0.3838755,True,2023-04-27,0.3909,0.4031,0.3862,0.3984,0.0191864927091327,True,28395.9,21540.7145,True,98.0,,,,,,,,,,0.0
candidate_event,2023-12-18,ENJ,0.3261,0.3308,0.2991,0.3278,105163874.0,0.3262,1081.0,34472717.8972,23795396.51785,-0.0830778663396689,1.0590405904059037,0.272246,True,2023-12-19,0.3277,0.336,0.319,0.3222,-0.0167836435764419,True,42671.7,30843.7285,True,122.0,,,,,,,,,,0.0
candidate_event,2024-01-08,ENJ,0.2898,0.3191,0.2649,0.3174,86804332.0,0.2898,1102.0,27551694.9768,20581094.0966,-0.0859213250517597,2.1084337349397604,0.2805229999999999,True,2024-01-09,0.3173,0.3184,0.283,0.2948,-0.0709108099590293,True,46972.7,32606.7745,True,126.0,,,,,,,,,,0.0
candidate_event,2024-01-19,ENJ,0.2907,0.2928,0.2701,0.2899,46520731.0,0.2907,1113.0,13486359.9169,19238460.56605,-0.0708634330925352,0.9611650485436882,0.2810145,True,2024-01-20,0.29,0.3003,0.2869,0.3002,0.0351724137931035,True,41662.2,33316.779500000004,True,125.0,,,,,,,,,,0.0
candidate_event,2024-03-08,ENJ,0.567,0.6185,0.5136,0.5866,159205547.0,0.5669,1162.0,93389973.8702,19574535.8361,-0.0940201093667313,1.369606003752346,0.294975,True,2024-03-09,0.5865,0.6466,0.5824,0.6315,0.0767263427109972,True,68180.2,38447.168,True,143.0,,,,,,,,,,0.0
candidate_event,2024-03-11,ENJ,0.6444,0.6792,0.5802,0.6619,117309001.0,0.6443,1165.0,77646827.76190001,30393659.566,-0.0994878162346731,1.2745709828393148,0.301026,True,2024-03-12,0.662,0.67,0.5921,0.6499,-0.0182779456193353,True,72153.8,39101.605500000005,True,147.0,,,,,,,,,,0.0
candidate_event,2024-04-10,ENJ,0.4532,0.4595,0.4195,0.4447,59242904.0,0.4531,1195.0,26345319.4088,32475229.12095,-0.0741558154932686,0.7499999999999996,0.340489,True,2024-04-11,0.4446,0.4657,0.4394,0.4459,0.0029239766081872,True,70681.7,45441.989,True,154.0,,,,,,,,,,0.0
candidate_event,2024-12-02,ENJ,0.32635,0.33671,0.3,0.33355,152229128.0,0.3264,1431.0,50776025.6444,16952406.141985,-0.0808823529411765,1.2708333333333326,0.18917175,True,2024-12-03,0.33354,0.35444,0.31261,0.35177,0.05465611320981,True,95890.5,67201.125,True,182.0,,,,,,,,,,0.0
candidate_event,2023-01-30,ENS,16.112,16.48,14.9,16.227,3684601.7,16.111,426.0,59790031.7859,34073548.0394,-0.0751660356278319,1.0957886044591243,14.19038,True,2023-01-31,16.227,16.57,15.695,15.901,-0.0200899735009552,True,22819.9,19672.6925,True,93.0,,,,,,,,,,0.0
candidate_event,2023-11-18,ENS,8.865,8.876,8.2,8.687,1642535.1,8.864,718.0,14268702.4137,12389102.825800002,-0.0749097472924189,0.7334337349397576,8.6632,True,2023-11-19,8.687,9.119,8.468,9.092,0.0466213882813399,True,36580.9,28908.5435,True,119.0,,,,,,,,,,0.0
candidate_event,2023-12-13,ENS,8.86,8.979,8.214,8.881,2359185.4,8.86,743.0,20951925.5374,20061507.8025,-0.0729119638826184,1.0325077399380818,8.442665,True,2023-12-14,8.882,9.153,8.588,9.07,0.0211664039630714,True,42875.0,30474.2695,True,119.0,,,,,,,,,,0.0
candidate_event,2023-12-26,ENS,9.812,10.851,9.122,10.341,8042461.2,9.812,756.0,83167091.2692,20898869.34015,-0.0703220546269872,1.766666666666667,8.383895,True,2023-12-27,10.342,10.678,9.627,10.354,0.0011603171533551,True,42538.5,31509.655999999995,True,127.0,,,,,,,,,,0.0
candidate_event,2024-01-04,ENS,12.749,16.149,11.826,15.053,34686063.3,12.75,765.0,522129310.8549,21762680.6622,-0.072470588235294,3.492424242424245,8.53489,True,2024-01-05,15.051,15.527,13.213,14.314,-0.0489668460567404,True,44143.8,32286.729,True,127.0,,,,,,,,,,0.0
candidate_event,2024-01-13,ENS,23.668,24.868,21.908,23.25,21436651.6,23.669,774.0,498402149.7000001,32557028.2446,-0.0744011153829903,0.7620670073821688,8.927280000000001,True,2024-01-14,23.254,27.566,23.137,23.711,0.0196525328975658,True,42846.4,32967.53,True,125.0,2.0,2024-01-13,2024-01-14,0.0196525328975658,0.0186525328975658,-0.005031392448611,0.1854304635761587,liquidity,development,1.0
candidate_event,2024-01-16,ENS,23.457,23.924,21.338,23.267,12146932.2,23.458,777.0,282622671.4974,53520806.3915,-0.0903742859578821,0.9099056603773588,9.14824,True,2024-01-17,23.268,24.794,21.38,22.002,-0.05440948942754,True,43133.0,33149.6125,True,125.0,1.0,2024-01-16,2024-01-17,-0.05440948942754,-0.05540948942754,-0.0811414818635035,0.0655836341756919,liquidity,development,1.0
candidate_event,2024-01-25,ENS,18.311,18.653,16.883,17.878,11388956.3,18.314,786.0,203611760.7314,189958202.552,-0.0781369444141094,0.6953179594689031,9.589175,True,2024-01-26,17.879,20.651,17.65,19.593,0.0958666592091279,True,39953.3,33621.264,True,124.0,1.0,2024-01-25,2024-01-26,0.0958666592091279,0.0948666592091279,-0.0128083226131217,0.1550422283125454,liquidity,development,1.0
candidate_event,2024-02-20,ENS,23.786,24.155,21.676,22.991,6059144.1,23.787,812.0,139305782.00309998,145504221.51590002,-0.0887459536721738,0.6229275225011847,11.050665000000002,True,2024-02-21,22.992,23.513,21.522,22.396,-0.0259220598469033,True,52297.4,35792.735,True,106.0,,,,,,,,,,0.0
candidate_event,2024-03-04,ENS,22.298,22.642,20.724,21.702,5073536.4,22.297,825.0,110105886.95280002,112325596.4466,-0.0705476073014307,0.621741894469168,11.892655,True,2024-03-05,21.701,30.585,19.273,25.252,0.1636330123035803,True,68296.4,37644.648,True,133.0,,,,,,,,,,0.0
candidate_event,2024-03-08,ENS,25.385,27.39,23.517,24.98,5680549.7,25.382,829.0,141900131.506,119407120.7027,-0.0734772673548184,0.7844504021447718,12.238985,True,2024-03-09,24.985,25.738,24.72,25.219,0.0093656193716229,True,68180.2,38447.168,True,143.0,,,,,,,,,,0.0
candidate_event,2024-03-11,ENS,26.102,26.397,23.842,26.124,5083208.7,26.1,832.0,132793744.0788,113250470.576,-0.0865134099616858,1.0106288751107162,12.505085,True,2024-03-12,26.122,26.492,23.28,25.608,-0.0196769006967306,True,72153.8,39101.605500000005,True,147.0,,,,,,,,,,0.0
candidate_event,2024-03-14,ENS,25.905,25.931,23.481,24.76,4290337.2,25.903,835.0,106228749.072,119407120.7027,-0.093502683086901,0.5280759702725026,12.768014999999998,True,2024-03-15,24.762,25.061,21.139,23.022,-0.0702689605039981,True,71455.5,39791.3185,True,151.0,,,,,,,,,,0.0
candidate_event,2024-05-24,ENS,24.011,26.062,22.207,23.5,11066689.1,24.01,906.0,260067193.85,27842117.0548,-0.0750937109537692,0.7171381031613969,16.359015,True,2024-05-25,23.501,25.141,22.675,22.898,-0.025658482617761,True,68584.1,53016.7295,True,130.0,1.0,2024-05-24,2024-05-25,-0.025658482617761,-0.026658482617761,-0.0351474405344454,0.0697842644993829,liquidity,development,1.0
candidate_event,2024-06-20,ENS,26.898,27.599,24.8,26.038,10946343.8,26.897,933.0,285020899.8644,132960126.56884998,-0.0779640852139642,0.5903671912255607,18.40591,True,2024-06-21,26.036,27.486,25.183,26.838,0.0308035028422184,True,64854.0,57174.4415,True,132.0,1.0,2024-06-20,2024-06-21,0.0308035028422184,0.0298035028422184,-0.0327623290828085,0.0556921186050083,liquidity,development,1.0
candidate_event,2024-06-24,ENS,23.237,24.131,21.068,23.874,7873740.8,23.238,937.0,187977687.8592,129892105.5657,-0.0933815302521731,1.2930875576036864,18.717535,True,2024-06-25,23.882,25.7,22.575,24.703,0.0343773553303743,True,60273.6,57567.876,True,125.0,1.0,2024-06-24,2024-06-25,0.0343773553303743,0.0333773553303743,-0.0547274097646763,0.076124277698685,liquidity,development,1.0
candidate_event,2024-07-25,ENS,27.351,27.431,25.427,26.44,6069588.3,27.35,968.0,160479914.652,174758032.89795,-0.0703107861060329,0.5267810712428501,21.293505,True,2024-07-26,26.441,27.488,26.035,26.997,0.0210279490185696,True,65773.0,60451.092,True,109.0,,,,,,,,,,0.0
candidate_event,2024-12-02,ENS,41.319,46.419,37.98,41.748,28561836.3,41.318,1098.0,1192399541.8524,122232665.7402,-0.0807880342707778,1.1288196524865188,21.22738,True,2024-12-03,41.747,42.467,37.239,39.523,-0.0532732890986178,True,95890.5,67201.125,True,182.0,,,,,,,,,,0.0
candidate_event,2024-12-05,ENS,42.686,44.408,39.192,41.141,11178046.8,42.687,1101.0,459876023.3988,164831311.3485,-0.0818750439243797,0.5576537911301859,21.622505,True,2024-12-06,41.143,43.482,38.818,42.255,0.027027683931653,True,97001.5,67658.52649999999,True,190.0,,,,,,,,,,0.0
candidate_event,2025-01-08,ENS,33.331,33.858,30.922,32.374,2809761.3,33.331,1135.0,90963212.3262,190759309.9709,-0.0722750592541479,0.6027397260273973,23.96726,True,2025-01-09,32.374,32.991,30.288,30.829,-0.0477234818063878,True,95014.1,72801.88,True,176.0,,,,,,,,,,0.0
candidate_event,2025-01-19,ENS,33.894,37.8,31.274,33.39,8948656.0,33.893,1146.0,298795623.84000003,91376933.6451,-0.0772725931608296,0.8079419625811378,24.29549,True,2025-01-20,33.391,37.271,32.006,34.148,0.0226707795513763,True,101311.5,74803.5695,True,160.0,,,,,,,,,,0.0
candidate_event,2025-01-27,ENS,32.746,32.973,30.048,31.926,2625444.0,32.749,1154.0,83819925.144,87927974.79475,-0.0824758007878104,0.6952980377637902,24.6432,True,2025-01-28,31.926,32.683,30.334,30.852,-0.033640293177974,True,102021.3,76666.3335,True,153.0,,,,,,,,,,0.0
candidate_event,2025-02-07,ENS,25.736,27.434,23.674,25.1,2859803.0,25.736,1165.0,71781055.3,84225664.5808,-0.0801212309605222,0.6915615906886523,24.80181,True,2025-02-08,25.101,25.547,24.501,25.102,3.9839050237189255e-05,True,96454.5,78636.0935,True,158.0,1.0,2025-02-07,2025-02-08,3.9839050237189255e-05,-0.0009601609497628,-0.0239034301422252,0.0177682164057209,liquidity,development,1.0
candidate_event,2025-02-18,ENS,27.212,27.341,25.068,26.3,1992047.4,27.209,1176.0,52390846.62,67698888.13250001,-0.0786871990885368,0.5754320411022888,24.79575,True,2025-02-19,26.303,27.304,25.789,26.639,0.0127742082652169,True,95622.0,80323.10650000001,True,134.0,2.0,2025-02-18,2025-02-19,0.0127742082652169,0.0117742082652169,-0.0195414971676234,0.0380564954567919,liquidity,development,1.0
candidate_event,2023-11-09,ETC,18.339,20.74,17.0,20.709,27452339.42,18.339,1042.0,568510497.0487801,86048118.39774999,-0.0730137957358634,2.769977595220316,17.190540000000002,True,2023-11-10,20.709,21.859,20.185,20.758,0.0023661210101888,True,36719.5,28544.534,True,102.0,2.0,2023-11-09,2023-11-10,0.0023661210101888,0.0013661210101888,-0.0253030083538559,0.0555314114636149,liquidity,development,1.0
candidate_event,2023-11-14,ETC,19.993,20.189,18.148,19.085,12686513.02,19.992,1047.0,242122100.9867,136214289.295735,-0.0922368947579032,0.508134490238612,17.200075,True,2023-11-15,19.084,19.904,18.79,19.896,0.042548731922029,True,35559.0,28747.954500000003,True,115.0,,,,,,,,,,0.0
candidate_event,2024-01-12,ETC,29.616,32.5,27.48,29.026,50281142.84,29.617,1106.0,1459460452.07384,158739534.800935,-0.072154505858122,0.7234440804866631,18.10339,True,2024-01-13,29.026,30.093,27.751,28.593,-0.0149176600289395,True,42788.9,32906.71400000001,True,126.0,,,,,,,,,,0.0
candidate_event,2024-02-28,ETC,28.163,31.347,26.122,29.597,20484424.35,28.155,1153.0,606277507.48695,211763418.65535,-0.0722074231930386,1.709296606000983,19.748285,True,2024-02-29,29.597,31.581,28.16,28.902,-0.0234821096732776,True,62487.9,36775.033,True,124.0,1.0,2024-02-28,2024-02-29,-0.0234821096732776,-0.0244821096732776,-0.0485522181302159,0.0670338209953711,liquidity,development,1.0
candidate_event,2024-03-12,ETC,38.048,38.344,34.588,36.916,9971888.55,38.047,1166.0,368122237.7118,249811133.76437503,-0.0909138696874917,0.6730268863833474,20.999880000000005,True,2024-03-13,36.917,37.679,35.796,36.556,-0.0097786927431807,True,71503.2,39328.863000000005,True,149.0,,,,,,,,,,0.0
candidate_event,2024-03-14,ETC,36.556,36.957,33.438,35.121,10050386.5,36.556,1168.0,352979624.2665,287454297.01583004,-0.0852937958201114,0.5397690827453504,21.198955,True,2024-03-15,35.121,35.63,30.715,33.323,-0.0511944420716951,True,71455.5,39791.3185,True,151.0,,,,,,,,,,0.0
candidate_event,2024-04-19,ETC,26.12,26.635,24.002,26.04,10525784.17,26.12,1204.0,274091419.7868,234919407.21558,-0.0810872894333845,0.9622285174693098,23.965350000000004,True,2024-04-20,26.037,28.17,25.769,27.875,0.0705918500595306,True,63787.4,47146.931,True,153.0,,,,,,,,,,0.0
candidate_event,2024-11-24,ETC,29.659,30.676,27.165,28.867,11305867.41,29.661,1423.0,326366474.52447003,113471151.39832,-0.0841509052290887,0.6818910256410258,22.11544,True,2024-11-25,28.866,31.997,27.685,29.805,0.0325296196217002,True,97960.4,65891.7095,True,149.0,,,,,,,,,,0.0
candidate_event,2024-12-03,ETC,33.898,35.413,30.904,34.778,18043891.74,33.902,1432.0,627530466.9337199,241421039.43959,-0.088431360981653,1.29219479653102,22.35715,True,2024-12-04,34.779,38.966,34.56,37.743,0.0852238419736046,True,95913.3,67345.7915,True,183.0,,,,,,,,,,0.0
candidate_event,2025-01-13,ETC,25.246,25.826,22.815,24.564,7642714.65,25.246,1473.0,187735642.6626,108617082.834445,-0.0962924819773428,0.7194570135746609,22.70826,True,2025-01-14,24.565,25.497,24.431,25.389,0.0335436596784042,True,94485.3,73616.58350000001,True,164.0,,,,,,,,,,0.0
candidate_event,2024-11-25,ETHFI,2.2088,2.3558,2.0524,2.2469,131171971.7,2.2087,252.0,294730303.21273005,72178788.91982001,-0.0707656087291166,1.2444017914267451,2.2462415,True,2024-11-26,2.2469,2.276,1.9893,2.1657,-0.0361386799590546,True,93064.0,66041.77900000001,True,156.0,2.0,2024-11-25,2024-11-26,-0.0361386799590546,-0.0371386799590546,-0.1146468467666562,0.0129511771774444,liquidity,development,1.0
candidate_event,2024-12-02,ETHFI,2.535,2.6753,2.2991,2.6578,87169950.2,2.535,259.0,231680293.64156,110899908.95522,-0.0930571992110453,1.520559559135226,2.209718,True,2024-12-03,2.6577,2.69,2.391,2.6231,-0.0130187756330663,True,95890.5,67201.125,True,182.0,,,,,,,,,,0.0
candidate_event,2024-12-10,ETHFI,2.3888,2.5841,2.1892,2.3806,77574563.0,2.3886,267.0,184674004.6778,171223617.15696,-0.0834798626810683,0.9598796389167502,2.15695,True,2024-12-11,2.3804,2.6505,2.2887,2.6154,0.0987229037136616,True,96602.4,68395.6005,True,194.0,,,,,,,,,,0.0
candidate_event,2024-12-14,ETHFI,2.6819,2.7593,2.4904,2.6096,32336917.6,2.6814,271.0,84386420.16896,173352670.34584498,-0.0712314462594166,0.6240837696335071,2.1114395000000004,True,2024-12-15,2.6097,2.7827,2.5667,2.7666,0.0601218530865617,True,101381.0,69036.1495,True,195.0,1.0,2024-12-14,2024-12-15,0.0601218530865617,0.0591218530865617,-0.0164769896923018,0.0662911445760048,liquidity,development,1.0
candidate_event,2025-01-21,ETHFI,1.7855,1.8598,1.66,1.8301,61054540.9,1.7853,309.0,111735915.30109,75993296.52118,-0.0701842827535988,1.35754189944134,1.814874,True,2025-01-22,1.8303,1.8648,1.7272,1.744,-0.0471507403157952,True,106114.5,75277.12599999999,True,163.0,1.0,2025-01-21,2025-01-22,-0.0471507403157952,-0.0481507403157952,-0.0563295634595421,0.0188493689559088,liquidity,development,1.0
candidate_event,2025-05-15,ETHFI,1.3445,1.6574,1.2433,1.4369,437323191.8,1.3445,423.0,628389694.29742,18823747.202540003,-0.0752696169579769,1.9130434782608703,1.372177,True,2025-05-16,1.4368,1.535,1.2938,1.3206,-0.0808741648106904,True,103714.5,92124.782,True,129.0,2.0,2025-05-15,2025-05-16,-0.0808741648106904,-0.0818741648106904,-0.0995267260579064,0.0683463251670377,liquidity,development,1.0
candidate_event,2025-07-22,ETHFI,1.349,1.3625,1.2334,1.297,137168084.9,1.349,491.0,177907006.1153,97014281.441365,-0.0856931060044476,0.5501730103806222,1.0545520000000002,True,2025-07-23,1.297,1.2994,1.09,1.148,-0.1148804934464148,True,119993.7,98013.1785,True,131.0,,,,,,,,,,0.0
candidate_event,2025-07-24,ETHFI,1.148,1.1712,1.0457,1.1175,116784940.3,1.148,493.0,130507170.78525,97014281.441365,-0.0891114982578396,0.7018572825024436,1.0420545,True,2025-07-25,1.1176,1.1792,1.061,1.1696,0.0465282748747315,True,118294.3,98215.6505,True,135.0,,,,,,,,,,0.0
candidate_event,2025-07-30,ETHFI,1.2061,1.2106,1.087,1.1596,112222057.4,1.2061,499.0,130132697.76104,123806110.773115,-0.0987480308432137,0.6095717884130983,1.01741,True,2025-07-31,1.1595,1.1957,1.0538,1.0616,-0.0844329452350149,True,117771.0,98879.3845,True,150.0,,,,,,,,,,0.0
candidate_event,2023-10-26,FET,0.3027,0.3115,0.2745,0.2966,376195872.0,0.3026,282.0,111579695.6352,24821039.13435,-0.0928618638466621,0.7864768683274016,0.2421875,True,2023-10-27,0.2967,0.3245,0.2859,0.318,0.0717896865520728,True,34154.0,28148.963,True,85.0,2.0,2023-10-26,2023-10-27,0.0717896865520728,0.0707896865520728,-0.0364004044489384,0.0936973373778227,liquidity,development,1.0
candidate_event,2023-11-12,FET,0.4269,0.4348,0.3948,0.4298,210766983.0,0.4269,299.0,90587649.2934,80005011.92045,-0.0751932536893886,1.0903426791277262,0.2429365,True,2023-11-13,0.4298,0.4396,0.3707,0.3741,-0.129595160539786,True,37085.5,28681.5235,True,109.0,2.0,2023-11-12,2023-11-13,-0.129595160539786,-0.130595160539786,-0.1375058166589112,0.0228013029315961,liquidity,development,1.0
candidate_event,2023-11-16,FET,0.4461,0.4547,0.4122,0.4335,331476379.0,0.4461,303.0,143695010.2965,91991364.5628,-0.0759919300605245,0.6283185840707963,0.244404,True,2023-11-17,0.4336,0.48,0.4128,0.4415,0.0182195571955718,True,36176.0,28826.084,True,117.0,1.0,2023-11-16,2023-11-17,0.0182195571955718,0.0172195571955718,-0.047970479704797,0.1070110701107012,liquidity,development,1.0
candidate_event,2023-12-18,FET,0.6386,0.7095,0.5886,0.7083,343396309.0,0.6387,335.0,243227605.6647,115071754.8408,-0.0784405824330671,2.3892215568862265,0.289921,True,2023-12-19,0.7083,0.7455,0.6874,0.7088,0.0007059155724975,True,42671.7,30843.7285,True,122.0,,,,,,,,,,0.0
candidate_event,2024-01-08,FET,0.622,0.6833,0.5662,0.682,128510868.0,0.6219,356.0,87644411.97600001,97202340.20955,-0.0895642386235728,2.078994614003592,0.3417345,True,2024-01-09,0.6819,0.6909,0.6244,0.647,-0.0511805250036661,True,46972.7,32606.7745,True,126.0,,,,,,,,,,0.0
candidate_event,2024-02-22,FET,1.146,1.2113,1.0347,1.107,336449162.0,1.1461,401.0,372449222.334,47524254.331300005,-0.0971991972777244,0.6490125673249557,0.4424174999999999,True,2024-02-23,1.1069,1.239,1.0328,1.0589,-0.0433643508898726,True,51316.9,36018.0405,True,107.0,1.0,2024-02-22,2024-02-23,-0.0433643508898726,-0.0443643508898726,-0.0669437166862408,0.1193423073448369,liquidity,development,1.0
candidate_event,2024-02-24,FET,1.0589,1.0979,0.981,1.0788,179625807.0,1.0589,403.0,193780320.5916,50496471.9522,-0.0735669090565681,1.255455712451862,0.451128,True,2024-02-25,1.0787,1.1416,1.0737,1.1046,0.0240103828682674,True,51602.1,36235.102,True,109.0,2.0,2024-02-24,2024-02-25,0.0240103828682674,0.0230103828682674,-0.0046352090479279,0.0583109298229349,liquidity,development,1.0
candidate_event,2024-03-02,FET,1.7257,1.944,1.5758,1.8051,200704818.0,1.7252,410.0,362292266.9718,92453166.4251,-0.0865986552283792,1.534805890227576,0.4921695,True,2024-03-03,1.8051,1.9758,1.6355,1.774,-0.0172289623843553,True,62039.9,37263.894,True,130.0,1.0,2024-03-02,2024-03-03,-0.0172289623843553,-0.0182289623843553,-0.0939560135172566,0.0945653980388898,liquidity,development,1.0
candidate_event,2024-03-03,FET,1.8051,1.9758,1.6355,1.774,176102129.0,1.8051,411.0,312405176.846,132423013.39609998,-0.0939560135172566,0.8166273584905666,0.500059,True,2024-03-04,1.7741,1.918,1.6991,1.7281,-0.0259286398737388,True,63178.5,37436.2145,True,132.0,,,,,,,,,,0.0
candidate_event,2024-03-12,FET,2.7075,2.8192,2.48,2.6779,146530025.0,2.7074,420.0,392392753.9475001,309039043.8143,-0.0839920218659968,0.8702726473175036,0.6032005,True,2024-03-13,2.6781,2.8604,2.5866,2.6589,-0.007169261790075,True,71503.2,39328.863000000005,True,149.0,,,,,,,,,,0.0
candidate_event,2024-04-10,FET,2.5879,2.7027,2.4064,2.6657,68130635.0,2.5879,449.0,181615833.7195,278849373.45435,-0.0701340855519918,1.428650137741049,0.9651275,True,2024-04-11,2.6657,2.7403,2.5125,2.5509,-0.0430656112840905,True,70681.7,45441.989,True,154.0,,,,,,,,,,0.0
candidate_event,2024-04-19,FET,2.0453,2.1844,1.8534,2.1074,98813901.0,2.0454,458.0,208240414.9674,251422537.9346,-0.0938691698445292,1.3229166666666683,1.0510615,True,2024-04-20,2.1074,2.4983,2.0692,2.4911,0.1820726962133432,True,63787.4,47146.931,True,153.0,,,,,,,,,,0.0
candidate_event,2024-05-01,FET,2.0212,2.059,1.8608,2.0115,98402920.0,2.0211,470.0,197937473.58,189011550.4602,-0.0793132452624808,0.940112289457266,1.173709,True,2024-05-02,2.0115,2.0544,1.9276,2.0013,-0.0050708426547351,True,58307.6,49327.81800000001,True,153.0,,,,,,,,,,0.0
candidate_event,2024-12-02,FET,1.8433,1.9548,1.7072,1.9415,253804729.0,1.8433,685.0,492761881.3535,266031810.30945003,-0.0738349698909563,1.7215282880235132,1.422245,True,2024-12-03,1.9415,1.9769,1.7733,1.9125,-0.014936904455318,True,95890.5,67201.125,True,182.0,,,,,,,,,,0.0
candidate_event,2024-12-03,FET,1.9415,1.9769,1.7733,1.9125,247595717.0,1.9415,686.0,473526808.7625001,276169491.24295,-0.0866340458408446,0.8275862068965522,1.4200825,True,2024-12-04,1.9125,2.03,1.8368,1.8639,-0.0254117647058824,True,95913.3,67345.7915,True,183.0,,,,,,,,,,0.0
candidate_event,2024-12-10,FET,1.7065,1.8003,1.5656,1.6807,265307268.0,1.7067,693.0,445901925.3276,338477773.8039,-0.0826741665201851,0.8157335223245923,1.4042175,True,2024-12-11,1.6806,1.8361,1.627,1.82,0.0829465667023681,True,96602.4,68395.6005,True,194.0,,,,,,,,,,0.0
candidate_event,2025-07-22,FET,0.8421,0.856,0.7747,0.824,235661034.0,0.8421,917.0,194184692.016,92128693.6981,-0.0800380002375014,0.7314540059347177,0.7578495000000001,True,2025-07-23,0.8241,0.8247,0.7193,0.7471,-0.0934352627108361,True,119993.7,98013.1785,True,131.0,,,,,,,,,,0.0
candidate_event,2023-02-21,FIL,8.54,8.693,7.7,8.188,117373619.7,8.539,781.0,961055198.1036,175635786.23729998,-0.098255064995901,0.5816448152562583,5.205490000000001,True,2023-02-22,8.188,9.186,7.526,8.029,-0.019418661455789,True,24443.4,19737.5835,True,99.0,2.0,2023-02-21,2023-02-22,-0.019418661455789,-0.020418661455789,-0.0808500244259893,0.1218856863702979,liquidity,development,1.0
candidate_event,2023-02-22,FIL,8.188,9.186,7.526,8.029,197324516.6,8.188,782.0,1584318543.7814,175635786.23729998,-0.0808500244259893,0.759818731117824,5.19842,True,2023-02-23,8.029,8.27,7.593,7.852,-0.0220450865612155,True,24171.3,19743.7235,True,99.0,,,,,,,,,,0.0
candidate_event,2023-02-25,FIL,6.849,6.997,6.338,6.701,77677748.9,6.849,785.0,520518595.3789,175635786.23729998,-0.0746094320338736,0.71037181996086,5.177719999999999,True,2023-02-26,6.702,6.99,6.638,6.899,0.0293942106833779,True,23146.2,19744.4145,True,98.0,,,,,,,,,,0.0
candidate_event,2023-03-10,FIL,5.505,5.524,5.096,5.308,123858732.1,5.506,798.0,657442149.9868,371029147.771,-0.0744642208499818,0.5170731707317066,5.084875,True,2023-03-11,5.308,5.51,4.651,4.951,-0.0672569706103994,True,20140.3,19698.602,True,95.0,1.0,2023-03-10,2023-03-11,-0.0672569706103994,-0.0682569706103994,-0.123775433308214,0.0380557648831951,liquidity,development,1.0
candidate_event,2023-11-14,FIL,5.014,5.164,4.559,4.794,66088008.3,5.014,1047.0,316825911.79019994,126066999.90645,-0.0907459114479457,0.5164835164835152,3.962345,True,2023-11-15,4.794,5.291,4.776,5.221,0.08906967042136,True,35559.0,28747.954500000003,True,115.0,,,,,,,,,,0.0
candidate_event,2023-11-18,FIL,4.738,4.745,4.383,4.718,34272227.9,4.738,1051.0,161696371.2322,149206013.93475,-0.0749261291684255,0.9436619718309848,3.952195,True,2023-11-19,4.718,4.921,4.603,4.886,0.0356083086053413,True,36580.9,28908.5435,True,119.0,,,,,,,,,,0.0
candidate_event,2023-12-18,FIL,5.287,5.411,4.864,5.306,92450805.3,5.287,1081.0,490543972.9218,163813186.83185,-0.0800075657272555,1.0449172576832155,3.97469,True,2023-12-19,5.306,5.453,5.04,5.11,-0.0369393139841688,True,42671.7,30843.7285,True,122.0,,,,,,,,,,0.0
candidate_event,2023-12-26,FIL,5.796,5.827,5.218,5.766,63026582.7,5.795,1089.0,363411275.8482,228060248.6901,-0.0995685936151855,0.9497400346620452,4.01966,True,2023-12-27,5.765,6.1,5.503,5.937,0.0298352124891587,True,42538.5,31509.655999999995,True,127.0,,,,,,,,,,0.0
candidate_event,2024-01-19,FIL,5.617,5.635,5.125,5.479,54868847.0,5.616,1113.0,300626412.713,363486070.3246501,-0.0874287749287748,0.7209775967413449,4.290369999999999,True,2024-01-20,5.479,5.553,5.386,5.516,0.0067530571272129,True,41662.2,33316.779500000004,True,125.0,,,,,,,,,,0.0
candidate_event,2024-01-23,FIL,5.049,5.14,4.612,4.891,66039466.2,5.049,1117.0,322999029.1842,363486070.3246501,-0.0865517924341454,0.6384439359267728,4.305175,True,2024-01-24,4.892,5.03,4.793,5.009,0.0239165985282092,True,39890.0,33523.1895,True,124.0,,,,,,,,,,0.0
candidate_event,2024-03-03,FIL,9.328,10.9,8.501,10.53,137039609.7,9.327,1157.0,1443027090.1409998,340363403.8732,-0.0885600943497373,2.45641646489104,4.7157800000000005,True,2024-03-04,10.529,10.836,9.734,10.03,-0.0473929148067243,True,63178.5,37436.2145,True,132.0,,,,,,,,,,0.0
candidate_event,2024-03-11,FIL,10.692,11.399,9.939,11.199,58128728.7,10.693,1165.0,650983632.7113,613878225.3036499,-0.0705134199943887,1.6710875331564994,4.994475,True,2024-03-12,11.2,11.221,10.0,10.918,-0.0251785714285713,True,72153.8,39101.605500000005,True,147.0,2.0,2024-03-11,2024-03-12,-0.0251785714285713,-0.0261785714285713,-0.1071428571428571,0.001875,liquidity,development,1.0
candidate_event,2024-03-14,FIL,10.636,10.78,9.816,10.518,68798134.9,10.635,1168.0,723618782.8782,678428508.60875,-0.0770098730606486,0.8571428571428581,5.10579,True,2024-03-15,10.518,10.645,8.91,9.78,-0.0701654306902453,True,71455.5,39791.3185,True,151.0,2.0,2024-03-14,2024-03-15,-0.0701654306902453,-0.0711654306902453,-0.1528807758128922,0.0120745388857195,liquidity,development,1.0
candidate_event,2024-04-15,FIL,6.15,6.538,5.657,6.002,88013688.1,6.149,1200.0,528258155.9761999,430827154.2736,-0.0800130102455684,0.7012195121951215,5.960645,True,2024-04-16,6.003,6.125,5.691,6.072,0.0114942528735633,True,63392.7,46432.1755,True,154.0,2.0,2024-04-15,2024-04-16,0.0114942528735633,0.0104942528735633,-0.0519740129935033,0.0203231717474596,liquidity,development,1.0
candidate_event,2024-04-19,FIL,5.993,6.286,5.522,6.143,62368660.6,5.992,1204.0,383130682.0658,388727291.9863,-0.0784379172229639,1.3212765957446806,6.01348,True,2024-04-20,6.143,6.695,6.055,6.645,0.0817190297900047,True,63787.4,47146.931,True,153.0,,,,,,,,,,0.0
candidate_event,2024-12-03,FIL,7.288,7.65,6.685,7.313,117331197.1,7.288,1432.0,858043044.3922999,275885455.7133,-0.0827387486278815,1.0414593698175778,4.32244,True,2024-12-04,7.314,8.436,7.301,8.091,0.1062346185397866,True,95913.3,67345.7915,True,183.0,,,,,,,,,,0.0
candidate_event,2024-12-10,FIL,6.267,6.475,5.679,6.2,93958065.4,6.267,1439.0,582540005.48,317186122.84525,-0.0938247965533748,0.8860544217687072,4.374925,True,2024-12-11,6.2,6.787,5.943,6.68,0.0774193548387096,True,96602.4,68395.6005,True,194.0,,,,,,,,,,0.0
candidate_event,2025-01-13,FIL,5.086,5.229,4.6,4.918,60173926.9,5.086,1473.0,295935372.4942,215841012.17475,-0.0955564294140779,0.6543209876543211,4.40306,True,2025-01-14,4.918,5.247,4.902,5.21,0.0593737291581943,True,94485.3,73616.58350000001,True,164.0,,,,,,,,,,0.0
candidate_event,2023-11-14,FLOW,0.653,0.745,0.606,0.675,185356999.9,0.653,642.0,125115974.93250002,38717639.3979,-0.0719754977029096,1.4680851063829787,0.56757,True,2023-11-15,0.676,0.71,0.65,0.702,0.0384615384615383,True,35559.0,28747.954500000003,True,115.0,,,,,,,,,,0.0
candidate_event,2023-11-18,FLOW,0.663,0.683,0.614,0.683,53200142.1,0.662,646.0,36335697.0543,49169291.3055,-0.0725075528700907,1.4375,0.5636,True,2023-11-19,0.683,0.7,0.66,0.694,0.0161054172767201,True,36580.9,28908.5435,True,119.0,,,,,,,,,,0.0
candidate_event,2023-12-13,FLOW,0.779,0.798,0.721,0.788,54328909.3,0.78,671.0,42811180.5284,36676529.366,-0.0756410256410257,1.1355932203389831,0.5552600000000001,True,2023-12-14,0.789,0.817,0.753,0.815,0.0329531051964511,True,42875.0,30474.2695,True,119.0,,,,,,,,,,0.0
candidate_event,2023-12-18,FLOW,0.78,0.802,0.714,0.779,55934639.9,0.78,676.0,43573084.4821,35415178.65245,-0.0846153846153846,0.9848484848484848,0.556355,True,2023-12-19,0.779,0.812,0.759,0.774,-0.006418485237484,True,42671.7,30843.7285,True,122.0,,,,,,,,,,0.0
candidate_event,2024-01-06,FLOW,0.809,0.83,0.747,0.82,39098367.6,0.809,695.0,32060661.432,42341200.0315,-0.0766378244746601,1.177419354838708,0.588475,True,2024-01-07,0.821,0.828,0.744,0.763,-0.0706455542021924,True,43956.7,32451.644,True,127.0,,,,,,,,,,0.0
candidate_event,2024-01-08,FLOW,0.763,0.83,0.697,0.822,54225103.7,0.763,697.0,44573035.2414,40719268.3893,-0.0865006553079947,1.8939393939393925,0.5910150000000001,True,2024-01-09,0.822,0.823,0.739,0.765,-0.0693430656934306,True,46972.7,32606.7745,True,126.0,,,,,,,,,,0.0
candidate_event,2024-02-20,FLOW,0.96,0.962,0.883,0.929,35605082.8,0.961,740.0,33077121.9212,19717621.8205,-0.0811654526534859,0.5897435897435905,0.635935,True,2024-02-21,0.93,0.934,0.851,0.885,-0.0483870967741936,True,52297.4,35792.735,True,106.0,,,,,,,,,,0.0
candidate_event,2024-03-08,FLOW,1.338,1.353,1.231,1.336,45965385.6,1.338,757.0,61409755.16160001,42503916.2243,-0.0799701046337817,0.9813084112149532,0.6863750000000001,True,2024-03-09,1.336,1.442,1.315,1.38,0.0329341317365268,True,68180.2,38447.168,True,143.0,,,,,,,,,,0.0
candidate_event,2024-03-11,FLOW,1.431,1.591,1.323,1.525,75439529.6,1.431,760.0,115045282.64,49875580.029400006,-0.0754716981132076,1.870370370370368,0.7011700000000001,True,2024-03-12,1.525,1.685,1.484,1.646,0.0793442622950819,True,72153.8,39101.605500000005,True,147.0,,,,,,,,,,0.0
candidate_event,2024-04-19,FLOW,0.876,0.897,0.799,0.877,32680451.5,0.875,799.0,28660755.9655,31714884.8072,-0.0868571428571428,1.0263157894736843,0.8557250000000001,True,2024-04-20,0.877,0.949,0.865,0.942,0.0741163055872291,True,63787.4,47146.931,True,153.0,,,,,,,,,,0.0
candidate_event,2024-12-02,FLOW,1.02,1.077,0.934,1.071,130467904.4,1.021,1026.0,139731125.6124,35730377.3839,-0.0852105778648382,1.5747126436781624,0.640005,True,2024-12-03,1.071,1.187,1.017,1.144,0.0681605975723622,True,95890.5,67201.125,True,182.0,,,,,,,,,,0.0
candidate_event,2025-01-08,FLOW,0.75,0.762,0.69,0.727,49656668.7,0.749,1063.0,36100398.1449,38902912.9965,-0.0787716955941255,0.6271186440677966,0.6465299999999999,True,2025-01-09,0.727,0.757,0.71,0.728,0.0013755158184318,True,95014.1,72801.88,True,176.0,,,,,,,,,,0.0
candidate_event,2025-01-13,FLOW,0.725,0.744,0.652,0.7,63251067.4,0.724,1068.0,44275747.18,36164635.14995,-0.0994475138121546,0.6666666666666662,0.6491800000000001,True,2025-01-14,0.701,0.736,0.693,0.732,0.044222539229672,True,94485.3,73616.58350000001,True,164.0,,,,,,,,,,0.0
candidate_event,2023-01-14,GALA,0.05069,0.05595,0.04688,0.04979,19422991108.0,0.05069,483.0,967070727.26732,36448341.925950006,-0.0751627539948708,0.7637795275590556,0.0404929999999999,True,2023-01-15,0.04978,0.05096,0.04525,0.04896,-0.0164724789071917,True,20962.8,19508.5375,True,67.0,,,,,,,,,,0.0
candidate_event,2023-01-15,GALA,0.04978,0.05096,0.04525,0.04896,10875048143.0,0.04979,484.0,532442357.08127993,37360745.570715,-0.0911829684675638,0.8171806167400872,0.0404553,True,2023-01-16,0.04896,0.05031,0.0447,0.04671,-0.0459558823529411,True,20882.7,19512.4015,True,70.0,2.0,2023-01-15,2023-01-16,-0.0459558823529411,-0.0469558823529411,-0.0870098039215686,0.0275735294117647,liquidity,development,1.0
candidate_event,2023-02-01,GALA,0.05416,0.05868,0.05031,0.05688,6728653974.0,0.05415,501.0,382725838.04112,429401127.48821,-0.0709141274238226,1.7109375000000016,0.0403321,True,2023-02-02,0.05687,0.05817,0.05344,0.05412,-0.0483558994197291,True,23730.0,19696.9065,True,94.0,2.0,2023-02-01,2023-02-02,-0.0483558994197291,-0.0493558994197291,-0.0603129945489712,0.0228591524529628,liquidity,development,1.0
candidate_event,2023-02-13,GALA,0.04357,0.04411,0.04034,0.04207,5603189829.0,0.04357,513.0,235726196.10603,314573018.67458,-0.0741335781501032,0.5356037151702799,0.0401741,True,2023-02-14,0.04207,0.04437,0.04101,0.04417,0.0499168053244591,True,21766.2,19701.624,True,97.0,2.0,2023-02-13,2023-02-14,0.0499168053244591,0.0489168053244591,-0.0251961017352033,0.0546707867839315,liquidity,development,1.0
candidate_event,2023-02-25,GALA,0.04123,0.0415,0.038,0.04034,4623845428.0,0.04123,525.0,186525924.56552,252023715.777925,-0.0783410138248849,0.724458204334365,0.0393473499999999,True,2023-02-26,0.04034,0.04173,0.03978,0.04115,0.0200793257312841,True,23146.2,19744.4145,True,98.0,1.0,2023-02-25,2023-02-26,0.0200793257312841,0.0190793257312841,-0.0138820029747148,0.0344571145265246,liquidity,development,1.0
candidate_event,2023-04-26,GALA,0.03965,0.04156,0.03627,0.0384,6200477586.0,0.03964,585.0,238098339.3024,151042618.35138,-0.0850151362260344,0.6320474777448062,0.036551,True,2023-04-27,0.0384,0.04,0.03794,0.03936,0.0250000000000001,True,28395.9,21540.7145,True,98.0,,,,,,,,,,0.0
candidate_event,2023-11-11,GALA,0.02522,0.02572,0.02305,0.02461,11408948884.0,0.02522,784.0,280774232.03524,177494879.98258,-0.0860428231562251,0.7188940092165899,0.0224529,True,2023-11-12,0.02462,0.02514,0.02314,0.02433,-0.0117790414297318,True,37162.1,28638.0755,True,108.0,1.0,2023-11-11,2023-11-12,-0.0117790414297318,-0.0127790414297318,-0.0601137286758731,0.0211210398050365,liquidity,development,1.0
candidate_event,2023-11-14,GALA,0.02211,0.02338,0.02053,0.02307,7824472378.0,0.02212,787.0,180510577.76046,192187170.88302,-0.071880650994575,1.597484276729559,0.0222173,True,2023-11-15,0.02306,0.02528,0.02267,0.02416,0.0477016478751084,True,35559.0,28747.954500000003,True,115.0,,,,,,,,,,0.0
candidate_event,2023-11-28,GALA,0.02733,0.02748,0.02511,0.02628,9240391161.0,0.02733,801.0,242837479.71108,236264904.956495,-0.0812294182217343,0.5270270270270275,0.0216276499999999,True,2023-11-29,0.02628,0.02674,0.02483,0.02509,-0.0452815829528158,True,37812.1,29368.8075,True,120.0,1.0,2023-11-28,2023-11-29,-0.0452815829528158,-0.0462815829528158,-0.0551750380517503,0.017503805175038,liquidity,development,1.0
candidate_event,2023-12-18,GALA,0.02973,0.03,0.02695,0.02926,3843122190.0,0.02973,821.0,112449755.2794,184827000.374505,-0.0935082408341742,0.8309352517985616,0.02155145,True,2023-12-19,0.02927,0.02981,0.02811,0.02856,-0.0242569183464298,True,42671.7,30843.7285,True,122.0,,,,,,,,,,0.0
candidate_event,2024-01-06,GALA,0.02668,0.02674,0.02435,0.02621,3555103322.0,0.02669,840.0,93179258.06962,125261186.39055,-0.0876732858748594,0.7948717948717957,0.0221255,True,2024-01-07,0.02621,0.02745,0.02438,0.02467,-0.0587561999236931,True,43956.7,32451.644,True,127.0,,,,,,,,,,0.0
candidate_event,2024-01-08,GALA,0.02467,0.0267,0.02227,0.02648,5523878420.0,0.02467,842.0,146272300.5616,121501514.607695,-0.0972841507904337,1.7541666666666664,0.02212945,True,2024-01-09,0.02649,0.02665,0.02365,0.02467,-0.0687051717629293,True,46972.7,32606.7745,True,126.0,,,,,,,,,,0.0
candidate_event,2024-01-19,GALA,0.02379,0.02397,0.02209,0.02376,3712478953.0,0.02379,853.0,88208499.92328,112413763.337145,-0.07145859604876,0.9823529411764712,0.0221444999999999,True,2024-01-20,0.02375,0.0239,0.02325,0.02376,0.0004210526315788,True,41662.2,33316.779500000004,True,125.0,,,,,,,,,,0.0
candidate_event,2024-02-20,GALA,0.02834,0.02868,0.02614,0.02803,5382568375.0,0.02833,885.0,150873391.55125,65779786.96336,-0.077303212142605,0.8630136986301363,0.0220146,True,2024-02-21,0.02803,0.02891,0.02617,0.02735,-0.0242597217267214,True,52297.4,35792.735,True,106.0,,,,,,,,,,0.0
candidate_event,2024-03-08,GALA,0.04408,0.0452,0.04,0.0438,4367147964.0,0.04408,902.0,191281080.8232,131978725.05980998,-0.0925589836660617,0.9313725490196072,0.0233825,True,2024-03-09,0.0438,0.05881,0.04345,0.05637,0.286986301369863,True,68180.2,38447.168,True,143.0,,,,,,,,,,0.0
candidate_event,2024-03-22,GALA,0.05688,0.05919,0.05288,0.05633,5005599929.0,0.05687,916.0,281965444.00057,359206631.645205,-0.0701600140671706,0.8646616541353385,0.0265525,True,2024-03-23,0.05633,0.06636,0.05491,0.06376,0.1319012959346706,True,63826.0,41390.1935,True,154.0,1.0,2024-03-22,2024-03-23,0.1319012959346706,0.1309012959346706,-0.0252085922243919,0.1780578732469377,liquidity,development,1.0
candidate_event,2024-04-10,GALA,0.06082,0.06184,0.056,0.06011,4747670988.0,0.06082,935.0,285382503.08868,299404921.63288,-0.0792502466293981,0.8526970954356841,0.03113035,True,2024-04-11,0.0601,0.06174,0.05765,0.05877,-0.0221297836938435,True,70681.7,45441.989,True,154.0,,,,,,,,,,0.0
candidate_event,2024-04-17,GALA,0.04163,0.04233,0.03832,0.04031,4892354219.0,0.04163,942.0,197210798.56789,274447829.812145,-0.0795099687725198,0.6012084592145011,0.03222215,True,2024-04-18,0.0403,0.04477,0.03917,0.04451,0.1044665012406946,True,61254.5,46788.06399999999,True,155.0,2.0,2024-04-17,2024-04-18,0.1044665012406946,0.1034665012406946,-0.0280397022332505,0.1109181141439203,liquidity,development,1.0
candidate_event,2024-04-19,GALA,0.04451,0.04674,0.0406,0.04414,5701892720.0,0.04451,944.0,251681544.6608,263033387.9756,-0.0878454279937093,0.9053708439897692,0.0325162,True,2024-04-20,0.04415,0.05105,0.04353,0.04965,0.1245753114382786,True,63787.4,47146.931,True,153.0,,,,,,,,,,0.0
candidate_event,2024-05-21,GALA,0.04326,0.04445,0.04013,0.04305,13169698846.0,0.04326,976.0,566955535.3203,116746367.796275,-0.0723532131299121,0.932907348242811,0.0371960999999999,True,2024-05-22,0.04306,0.04994,0.04292,0.04607,0.0699024616813748,True,70168.8,52513.477,True,129.0,1.0,2024-05-21,2024-05-22,0.0699024616813748,0.0689024616813748,-0.0032512772875058,0.1597770552717139,liquidity,development,1.0
candidate_event,2024-12-05,GALA,0.06022,0.06406,0.05589,0.0604,10445430668.0,0.06021,1174.0,630904012.3472,170338483.784845,-0.0717488789237668,1.043981481481482,0.026018,True,2024-12-06,0.06041,0.06243,0.0565,0.05942,-0.0163880152292666,True,97001.5,67658.52649999999,True,190.0,,,,,,,,,,0.0
candidate_event,2024-10-15,GAS,4.469,4.47,4.147,4.355,4335852.7,4.468,356.0,18882638.5085,17505543.6961,-0.0718442256042971,0.647975077881621,4.249475,True,2024-10-16,4.355,4.689,4.293,4.542,0.0429391504018368,True,67044.1,63333.281500000005,True,119.0,2.0,2024-10-15,2024-10-16,0.0429391504018368,0.0419391504018368,-0.0142365097588978,0.0766934557979333,liquidity,development,1.0
candidate_event,2024-11-26,GAS,5.748,5.975,5.221,5.611,7896453.3,5.749,398.0,44306999.4663,13315642.80575,-0.0918420594886066,0.7386363636363636,3.981085,True,2024-11-27,5.608,5.959,5.423,5.959,0.0625891583452211,True,92021.4,66197.9955,True,164.0,,,,,,,,,,0.0
candidate_event,2024-12-02,GAS,6.127,6.519,5.614,6.274,9383357.6,6.128,404.0,58871185.5824,19275455.1552,-0.0838772845953003,1.2840466926070035,4.01443,True,2024-12-03,6.276,7.746,5.803,7.598,0.2106437221159975,True,95890.5,67201.125,True,182.0,,,,,,,,,,0.0
candidate_event,2024-12-03,GAS,6.276,7.746,5.803,7.598,18848659.1,6.274,405.0,143212111.8418,20465278.7558,-0.0750717245776219,3.81104033970276,4.026525,True,2024-12-04,7.597,7.613,6.683,6.881,-0.0942477293668553,True,95913.3,67345.7915,True,183.0,,,,,,,,,,0.0
candidate_event,2025-01-27,GAS,4.716,4.85,4.323,4.691,5417283.1,4.717,460.0,25412475.0221,15155906.10095,-0.0835276658893362,0.9340101522842644,4.2899650000000005,True,2025-01-28,4.691,4.733,4.432,4.477,-0.0456192709443614,True,102021.3,76666.3335,True,153.0,,,,,,,,,,0.0
candidate_event,2024-12-02,GLM,0.49863,0.5001,0.44972,0.4836,86475626.0,0.49861,284.0,41819612.7336,16564063.07572,-0.0980525861896071,0.6929842503579459,0.35368455,True,2024-12-03,0.48353,0.5085,0.44727,0.50265,0.0395425309701569,True,95890.5,67201.125,True,182.0,,,,,,,,,,0.0
candidate_event,2024-12-03,GLM,0.48353,0.5085,0.44727,0.50265,142057421.0,0.4836,285.0,71405162.66565001,17704564.51232,-0.0751240694789081,1.5243600330305556,0.3534963,True,2024-12-04,0.50265,0.53389,0.48739,0.51476,0.0240923107530088,True,95913.3,67345.7915,True,183.0,,,,,,,,,,0.0
candidate_event,2025-01-10,GLM,0.41315,0.41315,0.38177,0.40034,75291659.0,0.41317,323.0,30142262.76406,22451932.66731,-0.0759977733136481,0.5914012738853498,0.3429257999999999,True,2025-01-11,0.40034,0.429,0.39536,0.40885,0.021256931608133,True,94675.5,73120.4445,True,174.0,1.0,2025-01-10,2025-01-11,0.021256931608133,0.020256931608133,-0.0124394264874856,0.0715891492231604,liquidity,development,1.0
candidate_event,2023-11-07,GMT,0.2328,0.2416,0.2107,0.2225,924781411.0,0.2328,602.0,205763863.9475,42471140.9784,-0.0949312714776632,0.5339366515837104,0.209433,True,2023-11-08,0.2225,0.2299,0.2146,0.2256,0.0139325842696629,True,35406.5,28459.719,True,98.0,,,,,,,,,,0.0
candidate_event,2023-11-28,GMT,0.2893,0.2947,0.2674,0.2919,1036903192.0,0.2893,623.0,302672041.7448,167218387.2453,-0.0756999654338056,1.1187214611872145,0.204693,True,2023-11-29,0.2918,0.2948,0.2686,0.2734,-0.0630568882796437,True,37812.1,29368.8075,True,120.0,2.0,2023-11-28,2023-11-29,-0.0630568882796437,-0.0640568882796437,-0.0795065113091157,0.0102810143934202,liquidity,development,1.0
candidate_event,2023-12-04,GMT,0.2787,0.2899,0.252,0.2737,727409374.0,0.2788,629.0,199091945.6638,167218387.2453,-0.0961262553802008,0.8097014925373136,0.2045825,True,2023-12-05,0.2737,0.3024,0.2707,0.2958,0.0807453416149068,True,41993.1,29736.681,True,117.0,,,,,,,,,,0.0
candidate_event,2023-12-26,GMT,0.2976,0.3149,0.2681,0.3104,682344633.0,0.2975,651.0,211799774.0832,135414430.12045,-0.0988235294117646,1.438775510204083,0.2061425,True,2023-12-27,0.3105,0.3458,0.2934,0.3229,0.0399355877616747,True,42538.5,31509.655999999995,True,127.0,,,,,,,,,,0.0
candidate_event,2024-01-04,GMT,0.3129,0.3157,0.2899,0.3026,446290429.0,0.3129,660.0,135047483.8154,134593478.05505,-0.073505912432087,0.5521739130434773,0.2119635,True,2024-01-05,0.3027,0.3052,0.2788,0.2905,-0.0403039312851009,True,44143.8,32286.729,True,127.0,1.0,2024-01-04,2024-01-05,-0.0403039312851009,-0.0413039312851009,-0.0789560621076974,0.0082590023125206,liquidity,development,1.0
candidate_event,2024-01-06,GMT,0.2905,0.3422,0.2685,0.3351,1173326516.0,0.2905,662.0,393181715.5116,133047801.2075,-0.0757314974182442,3.027272727272732,0.213059,True,2024-01-07,0.3352,0.45,0.3268,0.3874,0.1557279236276849,True,43956.7,32451.644,True,127.0,,,,,,,,,,0.0
candidate_event,2024-01-23,GMT,0.2691,0.2742,0.2431,0.2609,470334230.0,0.2691,679.0,122710200.607,152752258.4056,-0.0966183574879226,0.6846153846153852,0.2204864999999999,True,2024-01-24,0.261,0.264,0.253,0.2634,0.0091954022988505,True,39890.0,33523.1895,True,124.0,,,,,,,,,,0.0
candidate_event,2024-02-20,GMT,0.2885,0.2894,0.2646,0.2852,429423520.0,0.2886,707.0,122471587.904,55512185.0429,-0.0831600831600832,0.8583333333333328,0.2257209999999999,True,2024-02-21,0.2852,0.2856,0.2572,0.2681,-0.0599579242636746,True,52297.4,35792.735,True,106.0,,,,,,,,,,0.0
candidate_event,2024-03-29,GMT,0.4008,0.4087,0.3666,0.4017,1228002818.0,0.4009,745.0,493288731.9906,183927826.6384,-0.0855574956348216,1.0233236151603504,0.2526915,True,2024-03-30,0.4017,0.4055,0.3633,0.3699,-0.0791635548917102,True,69903.6,42895.10199999999,True,156.0,1.0,2024-03-29,2024-03-30,-0.0791635548917102,-0.0801635548917102,-0.0955937266616877,0.0094597958675628,liquidity,development,1.0
candidate_event,2024-11-26,GMT,0.20505,0.2151,0.18816,0.19912,374573167.0,0.20507,987.0,74585009.01303999,41797616.936465,-0.0824596479250987,0.648137196924896,0.1539869,True,2024-11-27,0.19916,0.20855,0.19399,0.20738,0.0412733480618598,True,92021.4,66197.9955,True,164.0,,,,,,,,,,0.0
candidate_event,2024-12-02,GMT,0.22511,0.234,0.20556,0.22873,417817606.0,0.22509,993.0,95567421.02038,47017751.44614,-0.0867652938824471,1.1863799283154108,0.1542861,True,2024-12-03,0.22875,0.24497,0.21176,0.24266,0.0608087431693988,True,95890.5,67201.125,True,182.0,,,,,,,,,,0.0
candidate_event,2024-12-03,GMT,0.22875,0.24497,0.21176,0.24266,452458236.0,0.22873,994.0,109793515.54776,48780848.65513,-0.0741922791063699,1.820860341779612,0.1543864,True,2024-12-04,0.2427,0.26405,0.2377,0.24655,0.0158632056036258,True,95913.3,67345.7915,True,183.0,,,,,,,,,,0.0
candidate_event,2023-11-09,GMX,49.82,53.99,45.68,53.73,643725.2,49.8,265.0,34587354.99599999,12175937.7097,-0.082730923694779,1.953883495145632,48.34325,True,2023-11-10,53.73,54.42,52.17,53.61,-0.0022333891680624,True,36719.5,28544.534,True,102.0,,,,,,,,,,0.0
candidate_event,2024-01-09,GMX,51.97,52.13,47.9,50.32,383605.51,51.98,326.0,19303029.2632,19589329.3432,-0.0784917275875336,0.5931372549019615,45.97945000000001,True,2024-01-10,50.31,56.44,50.05,55.49,0.1029616378453588,True,46114.0,32683.9775,True,125.0,,,,,,,,,,0.0
candidate_event,2024-01-12,GMX,55.87,59.53,51.89,54.51,559480.34,55.88,329.0,30497273.3334,20666571.0998,-0.0714030064423765,0.6566416040100241,46.00575,True,2024-01-13,54.51,55.54,53.11,55.12,0.0111906072280314,True,42788.9,32906.71400000001,True,126.0,,,,,,,,,,0.0
candidate_event,2024-03-03,GMX,58.49,59.34,53.97,58.93,551510.51,58.49,380.0,32500514.3543,17410105.826749995,-0.0772781672080697,1.0973451327433623,44.4192,True,2024-03-04,58.94,59.99,54.93,56.48,-0.0417373600271462,True,63178.5,37436.2145,True,132.0,,,,,,,,,,0.0
candidate_event,2024-03-12,GMX,58.78,59.3,54.07,58.08,584059.9,58.77,389.0,33922198.992,26488960.5316,-0.0799727752254552,0.8531914893617012,45.2591,True,2024-03-13,58.08,62.94,57.93,61.18,0.0533746556473828,True,71503.2,39328.863000000005,True,149.0,,,,,,,,,,0.0
candidate_event,2024-11-26,GMX,31.874,32.84,29.646,31.035,493860.82,31.88,648.0,15326970.5487,10477815.58977,-0.0700752823086574,0.6217547000895257,27.095745,True,2024-11-27,31.036,33.359,28.472,30.087,-0.0305773939940714,True,92021.4,66197.9955,True,164.0,,,,,,,,,,0.0
candidate_event,2024-11-27,GMX,31.036,33.359,28.472,30.087,1411432.03,31.035,649.0,42465755.48661,11483988.63141,-0.0825841791525696,0.6301209520093637,27.101725,True,2024-11-28,30.084,30.817,27.328,29.16,-0.0307140007977662,True,95905.2,66373.4755,True,169.0,2.0,2024-11-27,2024-11-28,-0.0307140007977662,-0.0317140007977662,-0.0916101582236404,0.0243651110224705,liquidity,development,1.0
candidate_event,2024-11-28,GMX,30.084,30.817,27.328,29.16,1348492.91,30.087,650.0,39322053.2556,11483988.63141,-0.0917007345365108,0.6640086988039147,27.098590000000005,True,2024-11-29,29.163,30.471,28.529,30.265,0.0377876075849534,True,95694.4,66544.6685,True,175.0,2.0,2024-11-28,2024-11-29,0.0377876075849534,0.0367876075849534,-0.0217398758701093,0.0448513527414875,liquidity,development,1.0
candidate_event,2024-12-10,GMX,36.511,37.606,33.36,36.538,916293.83,36.508,662.0,33479543.96054,15724966.023455,-0.0862276761257807,1.0095298602287148,27.419725,True,2024-12-11,36.547,39.524,35.413,39.455,0.0795687744548117,True,96602.4,68395.6005,True,194.0,,,,,,,,,,0.0
candidate_event,2021-12-03,GRT,0.89926,0.92428,0.81498,0.8609,85431425.0,0.89955,336.0,73547913.7825,108222456.64435,-0.0940136735034182,0.542982144968665,0.79204485,True,2021-12-04,0.861,0.86281,0.52905,0.7337,-0.1478513356562136,True,53612.0,46236.2893,True,73.0,2.0,2021-12-03,2021-12-04,-0.1478513356562136,-0.1488513356562136,-0.3855400696864111,0.0021022067363529,liquidity,development,1.0
candidate_event,2023-02-13,GRT,0.15419,0.15619,0.13923,0.14747,1559760570.0,0.15419,773.0,230017891.2579,64633849.57067,-0.0970231532524806,0.5508021390374329,0.0909072,True,2023-02-14,0.14747,0.1747,0.14513,0.1691,0.1466738997762258,True,21766.2,19701.624,True,97.0,,,,,,,,,,0.0
candidate_event,2023-02-22,GRT,0.16748,0.16845,0.15363,0.16345,932431681.0,0.16744,782.0,152405958.25945002,215835530.01784,-0.0824773053033923,0.7110789283128176,0.0929541,True,2023-02-23,0.16344,0.17277,0.15838,0.1608,-0.0161527165932452,True,24171.3,19743.7235,True,99.0,,,,,,,,,,0.0
candidate_event,2023-02-25,GRT,0.15476,0.15571,0.14107,0.14885,549316115.0,0.15479,785.0,81765703.71775001,215835530.01784,-0.0886362168098715,0.5670553935860061,0.0931922,True,2023-02-26,0.14886,0.16337,0.14841,0.16041,0.0775896815800081,True,23146.2,19744.4145,True,98.0,2.0,2023-02-25,2023-02-26,0.0775896815800081,0.0765896815800081,-0.0030229746070133,0.0974741367728067,liquidity,development,1.0
candidate_event,2023-03-04,GRT,0.14709,0.14866,0.13477,0.14164,471240283.0,0.14706,792.0,66746473.68411999,215835530.01784,-0.0835713314293485,0.5589910496338478,0.09364945,True,2023-03-05,0.14164,0.14677,0.13933,0.14056,-0.0076249646992374,True,22335.7,19709.4815,True,97.0,1.0,2023-03-04,2023-03-05,-0.0076249646992374,-0.0086249646992374,-0.0163089522733689,0.0362185823213783,liquidity,development,1.0
candidate_event,2023-03-11,GRT,0.1163,0.1216,0.10813,0.11404,699065701.0,0.1163,799.0,79721452.54204,138570308.18254,-0.0702493551160791,0.7233782129742963,0.0942215,True,2023-03-12,0.11404,0.13183,0.11092,0.13125,0.1509119607155384,True,20447.3,19693.2475,True,95.0,2.0,2023-03-11,2023-03-12,0.1509119607155384,0.1499119607155384,-0.0273588214661522,0.1559978954752718,liquidity,development,1.0
candidate_event,2023-04-26,GRT,0.14125,0.14844,0.13068,0.13881,520545967.0,0.14125,845.0,72256985.67927,57592276.292855,-0.0748318584070796,0.7691579943235574,0.1042394,True,2023-04-27,0.13881,0.14393,0.13557,0.14024,0.0103018514516246,True,28395.9,21540.7145,True,98.0,,,,,,,,,,0.0
candidate_event,2023-11-14,GRT,0.12419,0.12815,0.11547,0.12533,514333260.0,0.12421,1047.0,64461387.4758,50101926.203995004,-0.0703647049351904,1.1281464530892444,0.1056923499999999,True,2023-11-15,0.12531,0.13527,0.12485,0.13359,0.0660761311946371,True,35559.0,28747.954500000003,True,115.0,,,,,,,,,,0.0
candidate_event,2023-12-18,GRT,0.15857,0.16044,0.14433,0.16036,318078807.0,0.15859,1081.0,51007117.49052,53630529.23657,-0.0899173970616054,1.1241234221598877,0.1103746499999999,True,2023-12-19,0.16035,0.16469,0.1542,0.15585,-0.0280636108512628,True,42671.7,30843.7285,True,122.0,,,,,,,,,,0.0
candidate_event,2023-12-26,GRT,0.19681,0.20473,0.1792,0.19908,617577780.0,0.19678,1089.0,122947384.4424,50927640.11248,-0.0893383473930278,1.1308304891922636,0.1127918,True,2023-12-27,0.19907,0.20233,0.18518,0.1918,-0.0365198171497462,True,42538.5,31509.655999999995,True,127.0,,,,,,,,,,0.0
candidate_event,2024-01-08,GRT,0.16341,0.17174,0.14842,0.1715,380235461.0,0.1634,1102.0,65210381.561500005,62510832.314345,-0.0916768665850672,1.5407209612817108,0.1183681999999999,True,2024-01-09,0.17149,0.17199,0.1531,0.16019,-0.065893054988629,True,46972.7,32606.7745,True,126.0,,,,,,,,,,0.0
candidate_event,2024-01-23,GRT,0.14882,0.15189,0.13832,0.14742,297553412.0,0.14881,1117.0,43865323.99704,62510832.314345,-0.0704925744237618,0.8674928503336509,0.12215515,True,2024-01-24,0.14742,0.15388,0.14515,0.15322,0.039343372676706,True,39890.0,33523.1895,True,124.0,,,,,,,,,,0.0
candidate_event,2024-02-21,GRT,0.24987,0.28379,0.22991,0.28152,707223317.0,0.24987,1146.0,199097508.20184,25639079.03318,-0.079881538399968,2.585671342685369,0.1313718,True,2024-02-22,0.28164,0.29457,0.26524,0.27031,-0.0402286607016049,True,51877.8,35906.8355,True,107.0,,,,,,,,,,0.0
candidate_event,2024-03-03,GRT,0.31875,0.33369,0.2879,0.32033,531154436.0,0.31876,1157.0,170144700.48388,78396615.52397999,-0.0968126490149329,1.050874918988983,0.1415674,True,2024-03-04,0.32033,0.32348,0.30032,0.30816,-0.0379920706771143,True,63178.5,37436.2145,True,132.0,,,,,,,,,,0.0
candidate_event,2024-03-08,GRT,0.34605,0.35195,0.32,0.34017,428326901.0,0.34605,1162.0,145703961.91316998,125532058.89072,-0.0752781389972547,0.7742802303262938,0.1472610499999999,True,2024-03-09,0.34018,0.4538,0.33731,0.45245,0.3300311599741314,True,68180.2,38447.168,True,143.0,,,,,,,,,,0.0
candidate_event,2024-03-14,GRT,0.44121,0.44746,0.40624,0.43789,328400764.0,0.4412,1168.0,143803410.54796,193984979.63652495,-0.0792384406165004,0.9053203661327236,0.1577986499999999,True,2024-03-15,0.43792,0.44044,0.37,0.4124,-0.0582754841066861,True,71455.5,39791.3185,True,151.0,,,,,,,,,,0.0
candidate_event,2024-04-19,GRT,0.25534,0.26574,0.23298,0.25693,222956153.0,0.25534,1204.0,57284124.39029,71655579.07185,-0.0875695151562623,1.071109123434704,0.2041113499999999,True,2024-04-20,0.25691,0.29936,0.25193,0.29119,0.1334319411467048,True,63787.4,47146.931,True,153.0,,,,,,,,,,0.0
candidate_event,2024-12-03,GRT,0.2985,0.32888,0.27485,0.31851,542766591.0,0.29849,1432.0,172876586.89941,68504656.262975,-0.0791986331200375,1.846869712351948,0.1953297,True,2024-12-04,0.31859,0.33565,0.30846,0.32262,0.0126494868012179,True,95913.3,67345.7915,True,183.0,,,,,,,,,,0.0
candidate_event,2023-02-05,GTC,2.075,2.152,1.9,2.08,16952035.2,2.076,604.0,35260233.216,17919009.13865,-0.0847784200385357,1.0227272727272727,1.942405,True,2023-02-06,2.081,2.153,1.962,1.991,-0.0432484382508409,True,22929.2,19713.626,True,96.0,,,,,,,,,,0.0
candidate_event,2023-12-06,GTC,1.198,1.239,1.104,1.151,22695926.1,1.197,908.0,26123010.9411,13608298.67235,-0.0776942355889723,0.505376344086021,1.0232599999999998,True,2023-12-07,1.151,1.19,1.108,1.175,0.0208514335360556,True,43774.8,29906.1655,True,118.0,1.0,2023-12-06,2023-12-07,0.0208514335360556,0.0198514335360556,-0.0373588184187662,0.0338835794960903,liquidity,development,1.0
candidate_event,2023-12-26,GTC,1.398,1.451,1.285,1.387,13977921.9,1.397,928.0,19387377.6753,16065132.2199,-0.0801717967072298,0.9107142857142856,1.01079,True,2023-12-27,1.387,1.648,1.342,1.505,0.08507570295602,True,42538.5,31509.655999999995,True,127.0,,,,,,,,,,0.0
candidate_event,2024-01-05,GTC,1.247,1.273,1.144,1.219,11592844.0,1.246,938.0,14131676.836,17271813.259000003,-0.0818619582664527,0.7352941176470599,1.032295,True,2024-01-06,1.218,1.235,1.124,1.191,-0.0221674876847289,True,44145.4,32373.3135,True,128.0,,,,,,,,,,0.0
candidate_event,2024-01-06,GTC,1.218,1.235,1.124,1.191,12270173.2,1.219,939.0,14613776.2812,16613040.9688,-0.0779327317473338,0.7052631578947365,1.0332,True,2024-01-07,1.191,1.236,1.114,1.128,-0.0528967254408061,True,43956.7,32451.644,True,127.0,,,,,,,,,,0.0
candidate_event,2024-01-08,GTC,1.128,1.228,1.031,1.209,13606902.4,1.128,941.0,16450745.0016,16613040.9688,-0.0859929078014184,1.8350515463917547,1.033865,True,2024-01-09,1.209,1.213,1.081,1.145,-0.0529363110008271,True,46972.7,32606.7745,True,126.0,,,,,,,,,,0.0
candidate_event,2024-01-19,GTC,1.126,1.135,1.038,1.112,11971339.7,1.126,952.0,13312129.7464,15550008.5114,-0.078152753108348,0.840909090909093,1.03775,True,2024-01-20,1.112,1.434,1.091,1.247,0.1214028776978417,True,41662.2,33316.779500000004,True,125.0,,,,,,,,,,0.0
candidate_event,2024-01-22,GTC,1.275,1.299,1.174,1.229,25909221.4,1.274,955.0,31842433.1006,14865255.8196,-0.0784929356357928,0.5500000000000012,1.0399500000000002,True,2024-01-23,1.228,1.265,1.077,1.14,-0.0716612377850163,True,39567.0,33475.379,True,123.0,2.0,2024-01-22,2024-01-23,-0.0716612377850163,-0.0726612377850163,-0.1229641693811075,0.030130293159609,liquidity,development,1.0
candidate_event,2024-03-10,GTC,2.38,2.424,2.203,2.323,12352973.5,2.381,1003.0,28695957.4405,18534759.2824,-0.0747585048299034,0.6741573033707874,1.15417,True,2024-03-11,2.324,2.393,2.152,2.366,0.0180722891566265,True,69001.8,38871.6595,True,145.0,,,,,,,,,,0.0
candidate_event,2024-03-11,GTC,2.324,2.393,2.152,2.366,11958011.2,2.323,1004.0,28292654.4992,22386866.5352,-0.0736117089969865,1.2514619883040947,1.16167,True,2024-03-12,2.367,2.514,2.164,2.36,-0.0029573299535277,True,72153.8,39101.605500000005,True,147.0,,,,,,,,,,0.0
candidate_event,2024-03-12,GTC,2.367,2.514,2.164,2.36,12492495.1,2.366,1005.0,29482288.436,24585003.8172,-0.0853761622992391,0.9702970297029692,1.169215,True,2024-03-13,2.359,2.5,2.302,2.342,-0.0072064434082237,True,71503.2,39328.863000000005,True,149.0,,,,,,,,,,0.0
candidate_event,2024-04-05,GTC,1.832,1.846,1.696,1.767,4600277.8,1.833,1029.0,8128690.872599999,17888312.58735,-0.0747408619749044,0.5182481751824813,1.294345,True,2024-04-06,1.767,1.819,1.761,1.802,0.0198075834748161,True,67825.7,44362.851,True,154.0,,,,,,,,,,0.0
candidate_event,2021-11-28,HBAR,0.33127,0.33312,0.3,0.33228,134253735.0,0.33129,256.0,44609831.0658,57533514.59431,-0.0944489721995833,1.0316395014381607,0.2868812,True,2021-11-29,0.33232,0.36384,0.32327,0.35899,0.0802539720751083,True,57315.73,46007.4503,True,73.0,,,,,,,,,,0.0
candidate_event,2023-02-13,HBAR,0.08677,0.0888,0.07888,0.08591,1922590108.0,0.08677,698.0,165169716.17828,44319153.345180005,-0.09093004494641,0.8910012674271229,0.0585884999999999,True,2023-02-14,0.08591,0.09096,0.08427,0.08762,0.0199045512745896,True,21766.2,19701.624,True,97.0,,,,,,,,,,0.0
candidate_event,2023-10-31,HBAR,0.05373,0.05403,0.0498,0.05256,464916792.0,0.05374,958.0,24436026.58752,19401173.61441,-0.0733159657610719,0.7005076142131983,0.05255145,True,2023-11-01,0.05255,0.05407,0.05053,0.05368,0.0215033301617506,True,34651.4,28254.6855,True,90.0,,,,,,,,,,0.0
candidate_event,2023-12-18,HBAR,0.07868,0.0798,0.07247,0.07969,566185453.0,0.07868,1006.0,45119318.74957,33024319.574225,-0.0789273004575494,1.1626409017713362,0.0545296,True,2023-12-19,0.07968,0.0818,0.0782,0.08152,0.0230923694779114,True,42671.7,30843.7285,True,122.0,,,,,,,,,,0.0
candidate_event,2024-01-05,HBAR,0.08791,0.08848,0.08072,0.08477,416336014.0,0.08791,1024.0,35292803.90678,42916983.767134994,-0.0817881924695711,0.563282336578581,0.0583501,True,2024-01-06,0.08478,0.08482,0.07825,0.07946,-0.0627506487379098,True,44145.4,32373.3135,True,128.0,,,,,,,,,,0.0
candidate_event,2024-01-08,HBAR,0.07527,0.08241,0.0692,0.08141,674988592.0,0.07524,1027.0,54950821.27472,39537848.25717,-0.0802764486975013,2.021523178807945,0.0587836,True,2024-01-09,0.08142,0.08176,0.07524,0.07752,-0.0478997789240972,True,46972.7,32606.7745,True,126.0,,,,,,,,,,0.0
candidate_event,2024-02-20,HBAR,0.11197,0.11367,0.10095,0.10739,2426962538.0,0.11196,1070.0,260631506.95582,19705663.43256,-0.0983386923901393,0.5849227974568572,0.06461575,True,2024-02-21,0.1074,0.1122,0.09947,0.10475,-0.0246741154562383,True,52297.4,35792.735,True,106.0,,,,,,,,,,0.0
candidate_event,2024-02-21,HBAR,0.1074,0.1122,0.09947,0.10475,1658209893.0,0.10739,1071.0,173697486.29174998,21021385.7399,-0.0737498836018251,0.6666666666666661,0.0648769499999999,True,2024-02-22,0.10473,0.11993,0.1002,0.11629,0.1103790699894968,True,51877.8,35906.8355,True,107.0,,,,,,,,,,0.0
candidate_event,2024-03-03,HBAR,0.11557,0.11562,0.10607,0.11308,589373695.0,0.11557,1082.0,66646377.4306,45530199.826085,-0.0822012633036255,0.7378947368421048,0.06777655,True,2024-03-04,0.11307,0.11988,0.11161,0.11741,0.0383833023790571,True,63178.5,37436.2145,True,132.0,,,,,,,,,,0.0
candidate_event,2024-03-08,HBAR,0.13392,0.13502,0.12393,0.13058,640037346.0,0.13394,1087.0,83576076.64068,62459557.42862,-0.0747349559504255,0.6643356643356643,0.06935115,True,2024-03-09,0.13059,0.13193,0.12856,0.1308,0.0016080863772109,True,68180.2,38447.168,True,143.0,,,,,,,,,,0.0
candidate_event,2024-03-12,HBAR,0.13286,0.1337,0.12238,0.13331,515138772.0,0.13286,1091.0,68673149.69532001,65125324.98393001,-0.0788800240855035,1.0429389312977104,0.070772,True,2024-03-13,0.13332,0.14091,0.12905,0.13269,-0.0047254725472546,True,71503.2,39328.863000000005,True,149.0,,,,,,,,,,0.0
candidate_event,2024-03-14,HBAR,0.13269,0.13274,0.12,0.12722,436590025.0,0.13269,1093.0,55542982.9805,70320519.3252,-0.0956364458512322,0.5689519306540584,0.07149125,True,2024-03-15,0.12723,0.12772,0.11046,0.12061,-0.0520317535172523,True,71455.5,39791.3185,True,151.0,,,,,,,,,,0.0
candidate_event,2024-11-17,HBAR,0.09004,0.09412,0.08289,0.09018,2198046807.0,0.09004,1341.0,198219861.05526,22080852.34618,-0.0794091514882273,1.0195804195804197,0.06942575,True,2024-11-18,0.09018,0.149,0.08719,0.14391,0.595808383233533,True,89899.9,64722.87899999999,True,125.0,2.0,2024-11-17,2024-11-18,0.595808383233533,0.594808383233533,-0.0331559104014193,0.6522510534486583,liquidity,development,1.0
candidate_event,2024-12-10,HBAR,0.28001,0.30324,0.25263,0.28967,3513220993.0,0.27998,1364.0,1017674725.04231,580537031.77208,-0.0976855489677833,1.354296160877513,0.08129135,True,2024-12-11,0.28967,0.31033,0.27072,0.29884,0.03165671281113,True,96602.4,68395.6005,True,194.0,,,,,,,,,,0.0
candidate_event,2024-12-19,HBAR,0.27243,0.30144,0.25,0.2674,3215002118.0,0.27244,1373.0,859691566.3532001,672165346.0519099,-0.0823667596535017,0.7754010695187172,0.0896469,True,2024-12-20,0.26743,0.2862,0.23348,0.2705,0.0114796395318401,True,97434.4,69910.657,True,198.0,1.0,2024-12-19,2024-12-20,0.0114796395318401,0.0104796395318401,-0.126949108177841,0.0701865908835956,liquidity,development,1.0
candidate_event,2025-01-08,HBAR,0.28899,0.29563,0.266,0.28482,1262312030.0,0.28899,1393.0,359531712.38460004,454450889.766095,-0.0795529257067718,0.8186167899086557,0.1097411,True,2025-01-09,0.28482,0.285,0.26246,0.2685,-0.0572993469559721,True,95014.1,72801.88,True,176.0,2.0,2025-01-08,2025-01-09,-0.0572993469559721,-0.0582993469559721,-0.0785057229127167,0.0006319780914261,liquidity,development,1.0
candidate_event,2025-01-13,HBAR,0.27791,0.2888,0.255,0.27492,1195687601.0,0.27791,1398.0,328718435.26692,335332616.334095,-0.0824367601021913,0.8694893059799217,0.11477745,True,2025-01-14,0.27491,0.29326,0.27241,0.28711,0.0443781601251318,True,94485.3,73616.58350000001,True,164.0,,,,,,,,,,0.0
candidate_event,2025-01-27,HBAR,0.32293,0.32641,0.2908,0.31452,1333975755.0,0.32293,1412.0,419562054.46260005,296425222.76892006,-0.0994952466478803,0.7382508558979155,0.13310685,True,2025-01-28,0.31452,0.3228,0.295,0.29882,-0.0499173343507568,True,102021.3,76666.3335,True,153.0,,,,,,,,,,0.0
candidate_event,2025-02-18,HBAR,0.21222,0.2144,0.1947,0.2068,733638883.0,0.21221,1434.0,151716521.0044,187865355.57521,-0.0825126054380095,0.6910336950314107,0.1528162,True,2025-02-19,0.20681,0.218,0.20352,0.21563,0.0426478410134907,True,95622.0,80323.10650000001,True,134.0,1.0,2025-02-18,2025-02-19,0.0426478410134907,0.0416478410134907,-0.0159083216478893,0.0541076350273197,liquidity,development,1.0
candidate_event,2025-02-21,HBAR,0.22196,0.23,0.20504,0.21418,745634129.0,0.22196,1437.0,159699917.74922,181404999.92343003,-0.0762299513425842,0.5401891252955091,0.1552474499999999,True,2025-02-22,0.21419,0.22257,0.21167,0.21628,0.0097576917689901,True,96127.9,80913.8395,True,130.0,1.0,2025-02-21,2025-02-22,0.0097576917689901,0.0087576917689901,-0.011765255147299,0.0391241421168122,liquidity,development,1.0
candidate_event,2025-02-28,HBAR,0.19966,0.21647,0.17969,0.21352,1335919868.0,0.19965,1444.0,285245610.21536,163716663.225985,-0.0999749561733033,1.6948897795591178,0.16048325,True,2025-03-01,0.21348,0.265,0.21128,0.25257,0.1831084879145588,True,84299.6,81981.7515,True,133.0,1.0,2025-02-28,2025-03-01,0.1831084879145588,0.1821084879145588,-0.0103054150271688,0.2413340828180625,liquidity,development,1.0
candidate_event,2023-12-13,HFT,0.3599,0.3786,0.3268,0.3633,134087779.0,0.3598,251.0,48714090.1107,21478208.57155,-0.0917176209005004,1.106060606060606,0.3342974999999999,True,2023-12-14,0.3634,0.3677,0.34,0.3581,-0.0145844799119427,True,42875.0,30474.2695,True,119.0,,,,,,,,,,0.0
candidate_event,2024-01-05,HFT,0.3709,0.3804,0.3448,0.3799,38629416.0,0.3708,274.0,14675315.1384,16512858.5783,-0.070118662351672,1.3499999999999996,0.330913,True,2024-01-06,0.38,0.3823,0.3318,0.3494,-0.0805263157894737,True,44145.4,32373.3135,True,128.0,,,,,,,,,,0.0
candidate_event,2023-11-14,HIGH,1.432,1.458,1.301,1.379,11101306.6,1.433,280.0,15308701.8014,12946852.4813,-0.0921144452198186,0.5909090909090909,1.3557499999999998,True,2023-11-15,1.38,1.486,1.371,1.482,0.0739130434782608,True,35559.0,28747.954500000003,True,115.0,,,,,,,,,,0.0
candidate_event,2023-11-18,HIGH,1.361,1.362,1.251,1.352,7012261.3,1.361,284.0,9480577.2776,14597640.7188,-0.0808229243203527,0.9181818181818192,1.3438750000000002,True,2023-11-19,1.352,1.399,1.313,1.387,0.025887573964497,True,36580.9,28908.5435,True,119.0,,,,,,,,,,0.0
candidate_event,2023-12-04,HIGH,1.484,1.534,1.341,1.53,13368677.5,1.484,300.0,20454076.575,14678733.65785,-0.0963611859838274,1.321678321678322,1.324925,True,2023-12-05,1.53,1.66,1.485,1.589,0.0385620915032678,True,41993.1,29736.681,True,117.0,,,,,,,,,,0.0
candidate_event,2023-12-07,HIGH,1.618,1.62,1.477,1.568,12907923.2,1.618,303.0,20239623.5776,15092655.51105,-0.0871446229913474,0.6453900709219855,1.3242250000000002,True,2023-12-08,1.568,2.088,1.567,1.888,0.204081632653061,True,43296.0,29988.9815,True,120.0,1.0,2023-12-07,2023-12-08,0.204081632653061,0.203081632653061,-0.0006377551020408,0.3316326530612246,liquidity,development,1.0
candidate_event,2023-12-13,HIGH,1.762,1.769,1.611,1.729,12480137.5,1.762,309.0,21578157.7375,16393788.8213,-0.0856980703745743,0.7814569536423847,1.3203,True,2023-12-14,1.73,1.776,1.625,1.766,0.0208092485549133,True,42875.0,30474.2695,True,119.0,,,,,,,,,,0.0
candidate_event,2023-12-26,HIGH,1.943,1.968,1.753,1.919,10551120.0,1.942,322.0,20247599.28,20208239.08605,-0.0973223480947477,0.8783068783068788,1.313485,True,2023-12-27,1.919,2.035,1.837,1.964,0.0234497133923918,True,42538.5,31509.655999999995,True,127.0,,,,,,,,,,0.0
candidate_event,2024-01-05,HIGH,1.522,1.542,1.403,1.481,7813701.4,1.522,332.0,11572091.7734,19675666.9353,-0.0781865965834428,0.6554621848739501,1.334315,True,2024-01-06,1.481,1.485,1.342,1.424,-0.0384875084402431,True,44145.4,32373.3135,True,128.0,,,,,,,,,,0.0
candidate_event,2024-01-06,HIGH,1.481,1.485,1.342,1.424,6657082.7,1.481,333.0,9479685.7648,19016009.61445,-0.0938555030384875,0.5899280575539557,1.33491,True,2024-01-07,1.424,1.468,1.3,1.336,-0.0617977528089886,True,43956.7,32451.644,True,127.0,,,,,,,,,,0.0
candidate_event,2024-01-08,HIGH,1.335,1.448,1.211,1.429,12107568.4,1.336,335.0,17301715.2436,18474503.5995,-0.093562874251497,1.7439999999999998,1.335375,True,2024-01-09,1.429,1.447,1.302,1.373,-0.0391882435269419,True,46972.7,32606.7745,True,126.0,,,,,,,,,,0.0
candidate_event,2024-01-09,HIGH,1.429,1.447,1.302,1.373,10926520.4,1.429,336.0,15002112.5092,17858185.784900002,-0.0888733379986004,0.5590551181102358,1.335565,True,2024-01-10,1.372,1.533,1.356,1.497,0.0911078717201165,True,46114.0,32683.9775,True,125.0,,,,,,,,,,0.0
candidate_event,2024-03-08,HIGH,2.1299,2.2346,1.925,2.2112,11708237.0,2.1297,395.0,25889253.6544,15761834.96243,-0.0961168239658167,1.398143624816803,1.4628015,True,2024-03-09,2.2112,2.3893,2.1664,2.3574,0.066117945007236,True,68180.2,38447.168,True,143.0,,,,,,,,,,0.0
candidate_event,2024-03-11,HIGH,2.4299,2.4362,2.2192,2.3501,9254683.8,2.4298,398.0,21749432.39838,17647455.11531,-0.086673800312783,0.6215574548907873,1.4815630000000002,True,2024-03-12,2.3503,2.3805,2.11,2.2972,-0.0225928604858952,True,72153.8,39101.605500000005,True,147.0,,,,,,,,,,0.0
candidate_event,2024-04-02,HIGH,2.4022,2.7262,2.2288,2.6343,62837265.8,2.4022,420.0,165532209.29694,19584422.2703,-0.0721838314878028,2.3385236447520183,1.5810165,True,2024-04-03,2.6343,2.729,2.1553,2.334,-0.1139961280036442,True,65505.3,43750.4685,True,156.0,,,,,,,,,,0.0
candidate_event,2024-04-06,HIGH,2.9005,2.9719,2.6709,2.948,25582330.2,2.9009,424.0,75416709.4296,19584422.2703,-0.0792857389086145,1.204782608695652,1.6083500000000002,True,2024-04-07,2.9478,3.2556,2.8662,3.1109,0.0553293981952642,True,68901.6,44571.37899999999,True,154.0,1.0,2024-04-06,2024-04-07,0.0553293981952642,0.0543293981952642,-0.0276816608996539,0.1044168532464888,liquidity,development,1.0
candidate_event,2024-04-15,HIGH,2.2706,2.36,2.055,2.1716,11793869.7,2.2707,433.0,25611567.44052,26212036.933455005,-0.0949927335182982,0.5405656003708856,1.6727360000000002,True,2024-04-16,2.1717,2.2537,2.0469,2.205,0.0153336096145877,True,63392.7,46432.1755,True,154.0,,,,,,,,,,0.0
candidate_event,2024-04-19,HIGH,2.2469,2.4754,2.0337,2.3868,8453905.5,2.2468,437.0,20177781.6474,29154852.444615003,-0.0948460032045575,1.656968559361803,1.6925285,True,2024-04-20,2.387,2.6594,2.3461,2.6336,0.1033095936321741,True,63787.4,47146.931,True,153.0,,,,,,,,,,0.0
candidate_event,2024-04-27,HIGH,3.8956,4.2392,3.5801,4.2061,100980869.3,3.8963,445.0,424735634.36273,44886244.816725,-0.0811539152529323,1.979759645793801,1.7747955000000002,True,2024-04-28,4.2063,4.3664,3.8002,3.8115,-0.093859211183225,True,63421.0,48634.8435,True,153.0,,,,,,,,,,0.0
candidate_event,2024-06-01,HIGH,7.0771,7.7702,6.412,6.7656,23841669.9,7.0777,480.0,161303201.87544,84588002.194105,-0.0940559786371278,0.5311701967853388,2.3723365000000003,True,2024-06-02,6.7656,8.16,6.7649,7.6166,0.1257833747191674,True,67799.2,54295.8855,True,125.0,1.0,2024-06-01,2024-06-02,0.1257833747191674,0.1247833747191674,-0.0001034645855504,0.2061014544164596,liquidity,development,1.0
candidate_event,2021-11-03,HOT,0.013919,0.016633,0.0127,0.015745,26113495208.0,0.013921,218.0,411156982.04996,68961441.75797,-0.087709216291933,2.4938574938574933,0.009347195,True,2021-11-04,0.015745,0.016949,0.014248,0.014885,-0.0546205144490312,True,62946.45,45285.49515,True,70.0,,,,,,,,,,0.0
candidate_event,2021-11-12,HOT,0.013894,0.014073,0.012821,0.013466,6853357933.0,0.013896,227.0,92287317.925778,115034802.7229405,-0.0773603914795624,0.6,0.00935801,True,2021-11-13,0.013462,0.013889,0.013286,0.013475,0.0009656811766454,True,64156.08,45774.6307,True,71.0,,,,,,,,,,0.0
candidate_event,2021-11-28,HOT,0.012135,0.012412,0.01099,0.012367,9474756648.0,0.012137,243.0,117174315.465816,135938328.4932745,-0.0945044080085688,1.2005231037489097,0.009223455,True,2021-11-29,0.012368,0.012542,0.011972,0.012328,-0.0032341526520052,True,57315.73,46007.4503,True,73.0,,,,,,,,,,0.0
candidate_event,2023-10-31,HOT,0.001441,0.001472,0.001337,0.00139,24403464656.0,0.001442,945.0,33920815.87184,19512561.834425498,-0.0728155339805823,0.5047619047619044,0.001354375,True,2023-11-01,0.00139,0.001462,0.001344,0.001454,0.0460431654676258,True,34651.4,28254.6855,True,90.0,,,,,,,,,,0.0
candidate_event,2023-11-14,HOT,0.001572,0.001598,0.001449,0.00153,10774334902.0,0.001573,959.0,16484732.400059998,23577077.091055,-0.0788302606484424,0.6532258064516123,0.001326285,True,2023-11-15,0.001531,0.001645,0.001525,0.001627,0.062704114957544,True,35559.0,28747.954500000003,True,115.0,,,,,,,,,,0.0
candidate_event,2023-12-04,HOT,0.00175,0.001787,0.00159,0.001752,22871760587.0,0.00175,979.0,40071324.548424006,11253323.502285,-0.0914285714285714,1.0125000000000004,0.00131067,True,2023-12-05,0.001751,0.001805,0.001689,0.001794,0.0245573957738436,True,41993.1,29736.681,True,117.0,,,,,,,,,,0.0
candidate_event,2023-12-26,HOT,0.002343,0.002431,0.002128,0.00238,12964256823.0,0.002343,1001.0,30854931.23874,20158568.018904,-0.0917626973965002,1.1720930232558149,0.001373565,True,2023-12-27,0.002381,0.002401,0.002313,0.002338,-0.0180596388072238,True,42538.5,31509.655999999995,True,127.0,,,,,,,,,,0.0
candidate_event,2024-01-08,HOT,0.001929,0.002132,0.00176,0.002113,10315857585.0,0.001929,1014.0,21797407.077105,21332177.9180265,-0.0876101607050284,2.0887573964497044,0.001439365,True,2024-01-09,0.002113,0.002121,0.001913,0.001995,-0.0558447704685282,True,46972.7,32606.7745,True,126.0,,,,,,,,,,0.0
candidate_event,2024-01-23,HOT,0.001875,0.001893,0.001738,0.001815,7797484916.0,0.001874,1029.0,14152435.12254,17473160.773778,-0.0725720384204909,0.5661764705882353,0.001483915,True,2024-01-24,0.001815,0.001871,0.001789,0.001841,0.0143250688705234,True,39890.0,33523.1895,True,124.0,,,,,,,,,,0.0
candidate_event,2024-03-08,HOT,0.004,0.004215,0.003691,0.004007,10986044121.0,0.003998,1074.0,44021078.792847,19191187.277881,-0.0767883941970986,1.0293159609120532,0.00174298,True,2024-03-09,0.004006,0.004204,0.003956,0.004173,0.0416874687968047,True,68180.2,38447.168,True,143.0,,,,,,,,,,0.0
candidate_event,2024-04-19,HOT,0.002255,0.002366,0.002071,0.00231,7587336034.0,0.002255,1116.0,17526746.23854,18135162.9577095,-0.0815964523281597,1.2989130434782603,0.00219538,True,2024-04-20,0.002311,0.002586,0.002287,0.002567,0.1107745564690609,True,63787.4,47146.931,True,153.0,,,,,,,,,,0.0
candidate_event,2024-05-01,HOT,0.002303,0.002372,0.002137,0.002296,6405002294.0,0.002304,1128.0,14705885.267024,14097530.44851,-0.0724826388888889,0.9520958083832324,0.00228439,True,2024-05-02,0.002294,0.002401,0.002211,0.00237,0.033129904097646,True,58307.6,49327.81800000001,True,153.0,,,,,,,,,,0.0
candidate_event,2024-12-02,HOT,0.003323,0.003525,0.003002,0.003421,15773367940.0,0.003324,1343.0,53960691.72274,21498738.9435715,-0.0968712394705175,1.301242236024844,0.0018511749999999,True,2024-12-03,0.003419,0.003845,0.00324,0.003806,0.1131909915179876,True,95890.5,67201.125,True,182.0,,,,,,,,,,0.0
candidate_event,2024-12-04,HOT,0.003806,0.003822,0.003507,0.003726,12144637867.0,0.003806,1345.0,45250920.692442,23080853.32639,-0.0785601681555437,0.7324414715719069,0.0018661349999999,True,2024-12-05,0.003727,0.003894,0.003504,0.003637,-0.0241481083981753,True,98669.8,67504.716,True,187.0,,,,,,,,,,0.0
candidate_event,2023-04-26,ICP,5.49,5.714,5.012,5.311,10062184.0,5.49,211.0,53440259.224,26077556.9185,-0.0870673952641166,0.6255230125523012,4.971465,True,2023-04-27,5.311,5.796,5.276,5.736,0.0800225946149499,True,28395.9,21540.7145,True,98.0,,,,,,,,,,0.0
candidate_event,2023-11-18,ICP,4.336,4.342,4.014,4.315,5734597.0,4.335,417.0,24744786.055000003,31479213.4235,-0.0740484429065743,0.9376947040498456,3.966215,True,2023-11-19,4.315,4.626,4.233,4.585,0.0625724217844727,True,36580.9,28908.5435,True,119.0,,,,,,,,,,0.0
candidate_event,2024-01-05,ICP,13.857,14.529,12.572,13.3,20401038.0,13.858,465.0,271333805.40000004,206363726.999,-0.0927983836051379,0.5660964230171079,4.63331,True,2024-01-06,13.297,13.301,11.711,12.003,-0.0973151838760623,True,44145.4,32373.3135,True,128.0,,,,,,,,,,0.0
candidate_event,2024-01-08,ICP,11.272,13.864,10.324,13.713,38235026.0,11.269,468.0,524316911.538,210312343.631,-0.0838583725263998,3.5862433862433845,4.755715,True,2024-01-09,13.713,13.945,12.166,12.732,-0.0715379566834391,True,46972.7,32606.7745,True,126.0,,,,,,,,,,0.0
candidate_event,2024-01-19,ICP,11.484,11.543,10.46,11.212,12200307.0,11.485,479.0,136789842.084,206066727.36800003,-0.0892468437091857,0.7336585365853658,5.212395,True,2024-01-20,11.212,11.753,10.963,11.434,0.0198002140563682,True,41662.2,33316.779500000004,True,125.0,,,,,,,,,,0.0
candidate_event,2024-01-23,ICP,10.48,10.782,9.509,10.48,11088767.0,10.48,483.0,116210278.16,189173979.2765,-0.0926526717557252,1.0,5.34621,True,2024-01-24,10.48,11.715,10.347,11.523,0.0995229007633586,True,39890.0,33523.1895,True,124.0,,,,,,,,,,0.0
candidate_event,2024-02-21,ICP,13.737,13.805,12.633,13.188,6126760.0,13.737,512.0,80799710.88000001,98748177.814,-0.0803668923345709,0.5027173913043488,6.587375,True,2024-02-22,13.187,13.32,12.718,12.751,-0.0330628649427466,True,51877.8,35906.8355,True,107.0,,,,,,,,,,0.0
candidate_event,2024-03-03,ICP,13.321,13.9,12.238,13.204,11797856.0,13.321,523.0,155778890.624,87434354.48500001,-0.0813002026874859,0.8919667590027709,7.07134,True,2024-03-04,13.204,13.781,12.79,13.386,0.0137837019085125,True,63178.5,37436.2145,True,132.0,,,,,,,,,,0.0
candidate_event,2024-03-12,ICP,15.057,15.324,13.637,14.731,10831985.0,15.056,532.0,159565971.035,107656249.023,-0.0942481402763016,0.7709654686398876,7.56855,True,2024-03-13,14.731,14.909,14.061,14.517,-0.0145271875636413,True,71503.2,39328.863000000005,True,149.0,,,,,,,,,,0.0
candidate_event,2024-03-14,ICP,14.516,14.685,13.125,13.94,9981231.0,14.517,534.0,139138360.14,117345939.2045,-0.0958875800785286,0.5854885057471263,7.675625,True,2024-03-15,13.94,14.131,11.984,12.895,-0.0749641319942611,True,71455.5,39791.3185,True,151.0,,,,,,,,,,0.0
candidate_event,2024-04-01,ICP,18.799,19.322,17.26,18.048,12262969.0,18.801,552.0,221322064.512,154510965.50800002,-0.0819637253337587,0.5113562621674227,8.747845,True,2024-04-02,18.05,18.64,16.528,17.926,-0.0068698060941829,True,69700.0,43555.8975,True,156.0,,,,,,,,,,0.0
candidate_event,2024-04-02,ICP,18.05,18.64,16.528,17.926,13024757.0,18.048,553.0,233481793.982,156878317.11400002,-0.0842198581560284,0.9197368421052632,8.822485,True,2024-04-03,17.926,19.123,17.332,17.856,-0.0039049425415595,True,65505.3,43750.4685,True,156.0,2.0,2024-04-02,2024-04-03,-0.0039049425415595,-0.0049049425415595,-0.0331362267098068,0.0667745174606717,liquidity,development,1.0
candidate_event,2024-04-17,ICP,12.235,12.487,11.375,11.851,6275695.0,12.233,568.0,74373261.44500001,143641220.54149997,-0.0701381509032944,0.5547785547785554,9.73659,True,2024-04-18,11.852,12.91,11.549,12.765,0.077033412082349,True,61254.5,46788.06399999999,True,155.0,,,,,,,,,,0.0
candidate_event,2024-04-19,ICP,12.765,14.435,11.779,14.059,9783830.0,12.765,570.0,137550865.97,136121112.4785,-0.0772424598511555,2.312373225152128,9.838585,True,2024-04-20,14.059,15.7,13.85,15.521,0.1039903264812576,True,63787.4,47146.931,True,153.0,,,,,,,,,,0.0
candidate_event,2024-05-23,ICP,12.833,12.954,11.727,12.286,6367028.0,12.833,604.0,78225306.008,69531948.69749999,-0.0861840567287461,0.5054249547920429,11.484090000000002,True,2024-05-24,12.286,12.454,11.927,12.42,0.0109067230994628,True,67999.9,52849.096,True,129.0,,,,,,,,,,0.0
candidate_event,2024-11-24,ICP,11.399,12.121,10.402,11.649,14630982.0,11.398,789.0,170436309.318,64345508.9395,-0.0873837515353571,1.2520080321285134,8.950355,True,2024-11-25,11.65,12.787,11.036,11.516,-0.0115021459227467,True,97960.4,65891.7095,True,149.0,,,,,,,,,,0.0
candidate_event,2024-11-26,ICP,11.515,11.987,10.695,11.148,11104613.0,11.516,791.0,123794225.724,68652791.182,-0.0712921153178186,0.5517661388550542,8.94361,True,2024-11-27,11.149,11.797,10.897,11.688,0.0483451430621582,True,92021.4,66197.9955,True,164.0,,,,,,,,,,0.0
candidate_event,2024-12-10,ICP,11.944,12.426,10.828,11.784,13775640.0,11.945,805.0,162332141.76000002,97402282.095,-0.0935119296776895,0.8558639212175475,8.998905,True,2024-12-11,11.783,13.236,11.356,13.153,0.1162692013918358,True,96602.4,68395.6005,True,194.0,,,,,,,,,,0.0
candidate_event,2025-01-13,ICP,10.227,10.535,9.27,9.775,7755273.0,10.226,839.0,75807793.575,52587405.521,-0.0934871895169178,0.5282426778242679,9.144645,True,2025-01-14,9.775,10.276,9.736,10.228,0.0463427109974423,True,94485.3,73616.58350000001,True,164.0,,,,,,,,,,0.0
candidate_event,2021-09-06,ICX,1.7929,1.8427,1.6564,1.7446,25365954.0,1.7925,248.0,44253443.3484,35965132.532,-0.0759274755927474,0.6480529022777363,1.5504065,True,2021-09-07,1.7446,1.7488,1.08,1.3801,-0.2089304138484465,True,52683.97,46105.71445,True,69.0,,,,,,,,,,0.0
candidate_event,2021-11-01,ICX,2.3384,2.4109,2.1714,2.3399,25188594.0,2.3383,304.0,58938791.1006,51129550.9801,-0.0713766411495528,1.009586578789696,1.50134,True,2021-11-02,2.3408,2.5077,2.2842,2.4293,0.0378075871496923,True,60942.87,45262.003500000006,True,70.0,,,,,,,,,,0.0
candidate_event,2021-11-17,ICX,2.3192,2.343,2.1541,2.2835,38862388.0,2.3196,320.0,88742262.998,54341750.07224999,-0.0713485083635108,0.7818731117824782,1.5010640000000002,True,2021-11-18,2.2836,2.3601,2.0232,2.0806,-0.0888947276230512,True,60366.96,45950.50845,True,71.0,,,,,,,,,,0.0
candidate_event,2021-11-28,ICX,1.736,1.789,1.5898,1.7537,37275165.0,1.736,331.0,65369456.8605,61715090.42005,-0.084216589861751,1.1210670314637488,1.4787125,True,2021-11-29,1.7536,1.82,1.7225,1.7783,0.0140853102189779,True,57315.73,46007.4503,True,73.0,,,,,,,,,,0.0
candidate_event,2023-02-08,ICX,0.237,0.238,0.2205,0.2303,70886231.0,0.2371,768.0,16325098.9993,17137570.071000002,-0.0700126528890763,0.5903614457831325,0.2235755,True,2023-02-09,0.2303,0.2331,0.2014,0.2095,-0.0903169778549718,True,22955.9,19717.0655,True,97.0,,,,,,,,,,0.0
candidate_event,2023-11-14,ICX,0.2673,0.271,0.2422,0.255,128080505.0,0.2673,1047.0,32660528.775,11268921.5728,-0.0939019827908715,0.5099601593625503,0.2097155,True,2023-11-15,0.2549,0.2872,0.2538,0.2789,0.0941545704197723,True,35559.0,28747.954500000003,True,115.0,,,,,,,,,,0.0
candidate_event,2023-11-18,ICX,0.2689,0.269,0.248,0.261,44362060.0,0.2688,1051.0,11578497.66,16266286.04135,-0.0773809523809523,0.625000000000001,0.209331,True,2023-11-19,0.2611,0.2626,0.2528,0.2616,0.0019149751053235,True,36580.9,28908.5435,True,119.0,,,,,,,,,,0.0
candidate_event,2023-12-18,ICX,0.2505,0.2521,0.2303,0.2475,45407176.0,0.2506,1081.0,11238276.06,10806981.2385,-0.0810055865921787,0.847290640394089,0.2097869999999999,True,2023-12-19,0.2475,0.25,0.2416,0.2443,-0.012929292929293,True,42671.7,30843.7285,True,122.0,,,,,,,,,,0.0
candidate_event,2024-01-05,ICX,0.2535,0.2562,0.232,0.2428,44507035.0,0.2534,1099.0,10806308.098,11151747.5841,-0.0844514601420678,0.5046728971962605,0.214817,True,2024-01-06,0.2429,0.2491,0.229,0.2449,0.0082338410868669,True,44145.4,32373.3135,True,128.0,,,,,,,,,,0.0
candidate_event,2024-01-08,ICX,0.231,0.2419,0.2112,0.2409,50318944.0,0.231,1102.0,12121833.6096,10351122.38025,-0.0857142857142857,1.4999999999999991,0.215297,True,2024-01-09,0.2409,0.2419,0.2211,0.2308,-0.041926110419261,True,46972.7,32606.7745,True,126.0,,,,,,,,,,0.0
candidate_event,2024-03-08,ICX,0.3319,0.3333,0.3068,0.3258,51710984.0,0.3319,1162.0,16847438.587199997,12751124.0618,-0.0756251883097317,0.7569721115537846,0.2240499999999999,True,2024-03-09,0.3258,0.3435,0.3212,0.3411,0.0469613259668508,True,68180.2,38447.168,True,143.0,,,,,,,,,,0.0
candidate_event,2024-03-11,ICX,0.3517,0.3628,0.3203,0.3615,105449329.0,0.3516,1165.0,38119932.4335,16098594.78215,-0.0890216154721275,1.3162939297124585,0.2267674999999999,True,2024-03-12,0.3616,0.3616,0.3262,0.3573,-0.0118915929203539,True,72153.8,39101.605500000005,True,147.0,,,,,,,,,,0.0
candidate_event,2024-03-12,ICX,0.3616,0.3616,0.3262,0.3573,82089654.0,0.3615,1166.0,29330633.3742,16575605.13405,-0.0976486860304287,0.8810198300283292,0.2277075,True,2024-03-13,0.3573,0.3786,0.3515,0.3781,0.058214385670305,True,71503.2,39328.863000000005,True,149.0,,,,,,,,,,0.0
candidate_event,2024-03-14,ICX,0.3779,0.3787,0.341,0.3658,93467218.0,0.3781,1168.0,34190308.3444,19832985.2774,-0.0981221898968526,0.6684636118598386,0.2297349999999999,True,2024-03-15,0.3658,0.3684,0.3059,0.3387,-0.0740841990158557,True,71455.5,39791.3185,True,151.0,,,,,,,,,,0.0
candidate_event,2024-12-02,ICX,0.2398,0.265,0.221,0.2552,170392076.0,0.2399,1431.0,43484057.7952,10881188.5074,-0.078782826177574,1.8095238095238084,0.156575,True,2024-12-03,0.2552,0.2896,0.2465,0.2809,0.100705329153605,True,95890.5,67201.125,True,182.0,,,,,,,,,,0.0
candidate_event,2023-12-13,ID,0.284,0.2888,0.2615,0.2851,126591348.0,0.2839,265.0,36091193.3148,32521423.4982,-0.0789010214864388,1.0535714285714302,0.2530455,True,2023-12-14,0.2852,0.2948,0.2652,0.2938,0.0301542776998597,True,42875.0,30474.2695,True,119.0,,,,,,,,,,0.0
candidate_event,2023-12-31,ID,0.3115,0.3176,0.2894,0.3005,42937310.0,0.3116,283.0,12902661.655,41168162.7992,-0.0712451861360718,0.5,0.2460335,True,2024-01-01,0.3005,0.3125,0.2868,0.3125,0.0399334442595673,True,42314.0,31929.516,True,127.0,2.0,2023-12-31,2024-01-01,0.0399334442595673,0.0389334442595673,-0.0455906821963394,0.0399334442595673,liquidity,development,1.0
candidate_event,2024-01-08,ID,0.2802,0.29,0.2592,0.2886,90627568.0,0.2802,291.0,26155116.1248,35359394.786850005,-0.0749464668094218,1.4000000000000006,0.2463785,True,2024-01-09,0.2886,0.2905,0.2561,0.2701,-0.0641025641025642,True,46972.7,32606.7745,True,126.0,,,,,,,,,,0.0
candidate_event,2024-01-22,ID,0.2921,0.2944,0.2711,0.2817,82346001.0,0.2921,305.0,23196868.4817,28308756.885,-0.0718931872646354,0.5047619047619042,0.2470565,True,2024-01-23,0.2817,0.2873,0.2538,0.2686,-0.0465033723819666,True,39567.0,33475.379,True,123.0,1.0,2024-01-22,2024-01-23,-0.0465033723819666,-0.0475033723819666,-0.0990415335463258,0.0198793042243521,liquidity,development,1.0
candidate_event,2024-01-23,ID,0.2817,0.2873,0.2538,0.2686,84818317.0,0.2817,306.0,22782199.9462,27510899.84405,-0.0990415335463258,0.5304659498207882,0.247059,True,2024-01-24,0.2685,0.2732,0.2617,0.2709,0.0089385474860332,True,39890.0,33523.1895,True,124.0,,,,,,,,,,0.0
candidate_event,2024-02-21,ID,0.6555,0.6572,0.6007,0.6292,117484109.0,0.6554,335.0,73921001.3828,22989534.21395,-0.0834604821483063,0.5210237659963434,0.274871,True,2024-02-22,0.6291,0.6294,0.6009,0.611,-0.0287712605309171,True,51877.8,35906.8355,True,107.0,,,,,,,,,,0.0
candidate_event,2024-03-03,ID,0.6655,0.6892,0.6028,0.6544,138423535.0,0.6655,346.0,90584361.304,75219624.20965,-0.0942148760330577,0.8229665071770335,0.294593,True,2024-03-04,0.6545,0.6799,0.618,0.6444,-0.015431627196333,True,63178.5,37436.2145,True,132.0,,,,,,,,,,0.0
candidate_event,2024-03-11,ID,1.3432,1.4377,1.2381,1.3263,561321720.0,1.3432,354.0,744480997.2360001,91257566.804,-0.078245979749851,0.8392007611798294,0.3215305,True,2024-03-12,1.3261,1.6196,1.2691,1.4298,0.0781992308272376,True,72153.8,39101.605500000005,True,147.0,,,,,,,,,,0.0
candidate_event,2024-04-10,ID,0.9137,0.9274,0.836,0.8894,56599984.0,0.914,384.0,50340025.7696,139075189.49525,-0.0853391684901532,0.6846153846153841,0.4713979999999999,True,2024-04-11,0.8895,0.904,0.86305,0.86918,-0.0228442945474985,True,70681.7,45441.989,True,154.0,,,,,,,,,,0.0
candidate_event,2024-04-16,ID,0.71657,0.71657,0.66094,0.69819,71919923.0,0.71657,390.0,50213771.03937,88063495.01342002,-0.0776337273399668,0.6696027323386654,0.4875025,True,2024-04-17,0.69821,0.77058,0.69363,0.71519,0.0243193308603428,True,63765.0,46616.546,True,153.0,,,,,,,,,,0.0
candidate_event,2024-04-19,ID,0.73237,0.77733,0.6625,0.75584,82158702.0,0.73248,393.0,62098833.31968,80797744.49224001,-0.0955384447356925,1.3338096599028282,0.49543155,True,2024-04-20,0.75584,0.84704,0.75584,0.83246,0.1013706604572397,True,63787.4,47146.931,True,153.0,,,,,,,,,,0.0
candidate_event,2024-04-30,ID,0.72655,0.73616,0.65975,0.6963,35840252.0,0.72656,404.0,24955567.467600003,50295590.92096,-0.0919538647874917,0.5470737913486015,0.5277360999999999,True,2024-05-01,0.69623,0.71824,0.65071,0.71321,0.0243884923085762,True,60651.2,49170.4615,True,153.0,2.0,2024-04-30,2024-05-01,0.0243884923085762,0.0233884923085762,-0.0653806931617425,0.0316131163552273,liquidity,development,1.0
candidate_event,2024-05-23,ID,0.76219,0.77799,0.7079,0.7462,43810708.0,0.76246,427.0,32691550.3096,22062151.281385,-0.0715578522151982,0.7019794721407618,0.5877669,True,2024-05-24,0.74611,0.75608,0.71824,0.744,-0.0028280012330622,True,67999.9,52849.096,True,129.0,,,,,,,,,,0.0
candidate_event,2024-12-02,ILV,60.171,62.024,54.487,61.707,431206.3,60.169,388.0,26608447.1541,14166801.2263,-0.0944340108693845,1.2706793382611763,53.718285,True,2024-12-03,61.703,65.585,56.881,64.973,0.0529958024731374,True,95890.5,67201.125,True,182.0,,,,,,,,,,0.0
candidate_event,2024-12-03,ILV,61.703,65.585,56.881,64.973,440325.7,61.707,389.0,28609281.7061,15124501.540799998,-0.0782083069992058,1.676750932449233,53.6219,True,2024-12-04,64.99,71.571,63.708,67.201,0.0340206185567009,True,95913.3,67345.7915,True,183.0,,,,,,,,,,0.0
candidate_event,2023-02-01,IMX,0.7504,0.8238,0.69,0.8067,92656094.0,0.7504,355.0,74745671.0298,20238033.81855,-0.0804904051172707,1.9321192052980132,0.675809,True,2023-02-02,0.8067,0.9,0.7968,0.8661,0.0736333209371513,True,23730.0,19696.9065,True,94.0,,,,,,,,,,0.0
candidate_event,2023-02-05,IMX,0.9128,0.937,0.8294,0.8938,56878826.0,0.9128,359.0,50838294.6788,25145987.277450003,-0.0913672217353198,0.7721822541966435,0.6741934999999999,True,2023-02-06,0.894,0.934,0.8521,0.8751,-0.0211409395973154,True,22929.2,19713.626,True,96.0,,,,,,,,,,0.0
candidate_event,2023-02-21,IMX,1.0441,1.0597,0.9551,1.0194,44399490.0,1.0443,375.0,45260840.106000006,61164819.4368,-0.0854160681796418,0.7208520179372208,0.676589,True,2023-02-22,1.0196,1.0511,0.9277,1.0164,-0.0031384856806592,True,24443.4,19737.5835,True,99.0,,,,,,,,,,0.0
candidate_event,2023-02-22,IMX,1.0196,1.0511,0.9277,1.0164,48178648.0,1.0194,376.0,48968777.8272,61164819.4368,-0.089954875416912,0.967284623773172,0.676006,True,2023-02-23,1.0159,1.086,1.003,1.0447,0.0283492469731272,True,24171.3,19743.7235,True,99.0,,,,,,,,,,0.0
candidate_event,2023-03-04,IMX,1.0234,1.052,0.948,0.994,72470784.0,1.0233,386.0,72035959.296,61417483.41145,-0.0735854588097333,0.6108897742363871,0.6704925,True,2023-03-05,0.994,1.09,0.9881,1.0499,0.0562374245472838,True,22335.7,19709.4815,True,97.0,2.0,2023-03-04,2023-03-05,0.0562374245472838,0.0552374245472838,-0.0059356136820926,0.0965794768611671,liquidity,development,1.0
candidate_event,2023-03-09,IMX,0.9607,1.0037,0.8797,0.9289,173165860.0,0.9607,391.0,160853767.354,71689674.39570001,-0.0843135213906526,0.6074074074074066,0.6735025,True,2023-03-10,0.9289,0.9537,0.7666,0.8366,-0.0993648401334911,True,20348.3,19704.8355,True,95.0,1.0,2023-03-09,2023-03-10,-0.0993648401334911,-0.1003648401334911,-0.174722790397244,0.0266982452363011,liquidity,development,1.0
candidate_event,2023-03-11,IMX,0.8366,0.8754,0.7565,0.8124,111596039.0,0.8366,393.0,90660622.0836,71689674.39570001,-0.0957446808510639,0.697877652933833,0.673151,True,2023-03-12,0.8124,0.9349,0.7744,0.9316,0.1467257508616444,True,20447.3,19693.2475,True,95.0,,,,,,,,,,0.0
candidate_event,2023-03-18,IMX,1.5293,1.592,1.4086,1.4889,151149861.0,1.529,400.0,225047028.0429,77555791.42835,-0.0787442773054283,0.6669435215946837,0.6866619999999999,True,2023-03-19,1.4889,1.5791,1.413,1.4558,-0.0222311773792732,True,26907.0,19851.126,True,95.0,1.0,2023-03-18,2023-03-19,-0.0222311773792732,-0.0232311773792732,-0.0509772315131975,0.0605816374504668,liquidity,development,1.0
candidate_event,2023-04-26,IMX,0.9727,1.0389,0.882,0.9593,73419439.0,0.9726,439.0,70431267.8327,38845236.24735,-0.0931523750771129,0.8532008830022078,0.7464845,True,2023-04-27,0.9594,1.0832,0.9538,1.0606,0.1054825932874712,True,28395.9,21540.7145,True,98.0,,,,,,,,,,0.0
candidate_event,2023-11-11,IMX,1.1071,1.1749,1.0192,1.1704,123011084.0,1.107,638.0,143972172.7136,24389948.4353,-0.0793134598012645,1.7220956719817793,0.6870384999999999,True,2023-11-12,1.1704,1.1983,1.0753,1.189,0.0158920027341078,True,37162.1,28638.0755,True,108.0,2.0,2023-11-11,2023-11-12,0.0158920027341078,0.0148920027341078,-0.0812542720437459,0.0238380041011618,liquidity,development,1.0
candidate_event,2023-11-12,IMX,1.1704,1.1983,1.0753,1.189,76418156.0,1.1704,639.0,90861187.484,25005784.6257,-0.0812542720437459,1.19558359621451,0.6881870000000001,True,2023-11-13,1.189,1.2264,1.0817,1.131,-0.048780487804878,True,37085.5,28681.5235,True,109.0,,,,,,,,,,0.0
candidate_event,2024-01-06,IMX,2.0557,2.0589,1.8719,2.0038,17913390.0,2.0557,694.0,35894850.882,102635375.7775,-0.0894099333560344,0.7176278563656157,0.969595,True,2024-01-07,2.0036,2.0231,1.88,1.9031,-0.0501597125174685,True,43956.7,32451.644,True,127.0,,,,,,,,,,0.0
candidate_event,2024-01-08,IMX,1.9033,2.0214,1.7507,2.0165,31780839.0,1.9031,696.0,64086061.8435,98119537.84905002,-0.0800798696863013,1.744094488188977,0.982251,True,2024-01-09,2.0163,2.04,1.82,1.9052,-0.055100927441353,True,46972.7,32606.7745,True,126.0,,,,,,,,,,0.0
candidate_event,2024-01-12,IMX,2.2023,2.3261,2.0452,2.1752,34567140.0,2.202,700.0,75190442.92799999,77686535.16669999,-0.0712079927338783,0.8290816326530602,1.0096955,True,2024-01-13,2.1753,2.1902,2.0741,2.131,-0.020365007125454,True,42788.9,32906.71400000001,True,126.0,,,,,,,,,,0.0
candidate_event,2024-01-19,IMX,1.9354,1.9459,1.7965,1.9357,17027022.0,1.9354,707.0,32959206.4854,56508825.7806,-0.0717681099514312,1.0021598272138226,1.0545995,True,2024-01-20,1.9357,1.9419,1.8702,1.9196,-0.0083174045564912,True,41662.2,33316.779500000004,True,125.0,,,,,,,,,,0.0
candidate_event,2024-02-13,IMX,2.9542,3.048,2.7465,2.9594,48338985.0,2.9543,732.0,143054392.209,34053816.0155,-0.0703381511694817,1.024542829643889,1.235525,True,2024-02-14,2.9594,3.3781,2.8908,3.2846,0.1098871392849902,True,49696.4,34998.469,True,99.0,1.0,2024-02-13,2024-02-14,0.1098871392849902,0.1088871392849902,-0.0231803744002162,0.1414813813610866,liquidity,development,1.0
candidate_event,2024-02-28,IMX,3.3479,3.4618,3.0195,3.3391,27842276.0,3.3477,747.0,92968143.7916,61254933.2097,-0.0980374585536338,0.9737964655697748,1.424347,True,2024-02-29,3.339,3.4314,3.12,3.1976,-0.0423480083857442,True,62487.9,36775.033,True,124.0,,,,,,,,,,0.0
candidate_event,2024-03-10,IMX,3.5335,3.6272,3.2739,3.4188,16453830.0,3.5336,758.0,56252354.004,78417382.2551,-0.0734944532488114,0.5579514824797852,1.5691895,True,2024-03-11,3.4189,3.6565,3.25,3.649,0.067302348708649,True,69001.8,38871.6595,True,145.0,2.0,2024-03-10,2024-03-11,0.067302348708649,0.066302348708649,-0.0494018543976132,0.0694960367369621,liquidity,development,1.0
candidate_event,2024-03-12,IMX,3.6493,3.7671,3.3284,3.613,26008050.0,3.649,760.0,93967084.65,78206285.1706,-0.08785968758564,0.8877105427323768,1.599778,True,2024-03-13,3.6126,3.649,3.35,3.4701,-0.0394452748712839,True,71503.2,39328.863000000005,True,149.0,,,,,,,,,,0.0
candidate_event,2024-03-14,IMX,3.4703,3.4704,3.1275,3.3223,22388542.0,3.4701,762.0,74381453.08659999,76501001.3061,-0.0987291432523558,0.5685931115002915,1.6279995000000005,True,2024-03-15,3.3228,3.3291,2.8656,3.0713,-0.0756891778018539,True,71455.5,39791.3185,True,151.0,,,,,,,,,,0.0
candidate_event,2024-04-19,IMX,2.0129,2.1038,1.8714,2.0345,19563538.0,2.0125,798.0,39802018.061,37471945.76275,-0.0701118012422361,1.1559177888022665,2.0068875,True,2024-04-20,2.0343,2.2068,1.9975,2.2047,0.0837634567172982,True,63787.4,47146.931,True,153.0,,,,,,,,,,0.0
candidate_event,2024-05-23,IMX,2.5184,2.6044,2.2734,2.4422,21465924.0,2.5186,832.0,52424079.592800006,37079222.0499,-0.0973556737870245,0.6884176182707994,2.2832415,True,2024-05-24,2.4421,2.4899,2.3151,2.4633,0.008681053191925,True,67999.9,52849.096,True,129.0,,,,,,,,,,0.0
candidate_event,2024-11-25,IMX,1.7706,1.8214,1.63,1.7019,40458777.0,1.7706,1018.0,68856792.5763,39053915.2166,-0.0794081102451147,0.5113798008534853,1.5499690000000002,True,2024-11-26,1.7021,1.7505,1.6,1.6774,-0.0145114858116444,True,93064.0,66041.77900000001,True,156.0,,,,,,,,,,0.0
candidate_event,2024-12-02,IMX,2.0213,2.0781,1.8611,2.0442,33004904.0,2.0216,1025.0,67468624.7568,45053605.7357,-0.0793925603482389,1.1408099688473532,1.5385365,True,2024-12-03,2.0442,2.1574,1.923,2.1006,0.0275902553566187,True,95890.5,67201.125,True,182.0,,,,,,,,,,0.0
candidate_event,2024-12-10,IMX,1.7298,1.8024,1.578,1.7354,30105800.0,1.73,1033.0,52245605.32,52187670.7027,-0.0878612716763005,1.035526315789474,1.5212095,True,2024-12-11,1.7358,1.8999,1.6642,1.8734,0.0792718055075469,True,96602.4,68395.6005,True,194.0,,,,,,,,,,0.0
candidate_event,2023-03-10,INJ,2.647,3.087,2.446,3.029,55114088.3,2.646,205.0,166940573.46069998,58455841.41785,-0.0755857898715041,2.9150000000000027,2.088585,True,2023-03-11,3.028,3.25,2.799,3.109,0.0267503302509908,True,20140.3,19698.602,True,95.0,,,,,,,,,,0.0
candidate_event,2023-03-11,INJ,3.028,3.25,2.799,3.109,57840476.1,3.029,206.0,179826040.1949,58455841.41785,-0.0759326510399471,1.3478260869565222,2.09505,True,2023-03-12,3.108,3.798,2.963,3.701,0.1907979407979407,True,20447.3,19693.2475,True,95.0,,,,,,,,,,0.0
candidate_event,2023-03-22,INJ,4.228,4.37,3.91,4.103,23389704.7,4.228,217.0,95967958.3841,63743963.594050005,-0.0752128666035949,0.6069182389937102,2.238085,True,2023-03-23,4.103,4.32,4.075,4.229,0.0307092371435535,True,27233.8,20006.421,True,95.0,2.0,2023-03-22,2023-03-23,0.0307092371435535,0.0297092371435535,-0.0068242749207895,0.0528881306361199,liquidity,development,1.0
candidate_event,2023-04-19,INJ,8.622,9.244,7.865,8.313,70723433.3,8.623,245.0,587923901.0229,180741831.4452,-0.0879044416096485,0.5910290237467031,2.835125,True,2023-04-20,8.314,8.5,7.65,7.902,-0.0495549675246571,True,28795.1,21255.663499999995,True,97.0,1.0,2023-04-19,2023-04-20,-0.0495549675246571,-0.0505549675246571,-0.0798652874669232,0.0223719028145297,liquidity,development,1.0
candidate_event,2023-06-15,INJ,5.903,6.128,5.449,5.869,40528170.1,5.902,302.0,237859830.3169,188550442.33825,-0.076753642832938,0.927152317880794,4.28087,True,2023-06-16,5.869,6.177,5.724,6.064,0.0332254217072756,True,25586.1,23711.2025,True,85.0,1.0,2023-06-15,2023-06-16,0.0332254217072756,0.0322254217072756,-0.024706082807974,0.0524791276196967,liquidity,development,1.0
candidate_event,2023-06-28,INJ,7.588,7.739,6.9,7.393,30066964.9,7.587,315.0,222285071.5057,186782118.3295,-0.0905496243574535,0.7176128093158659,4.61778,True,2023-06-29,7.394,7.979,7.39,7.855,0.06234784960779,True,30066.3,24494.5825,True,98.0,2.0,2023-06-28,2023-06-29,0.06234784960779,0.06134784960779,-0.0005409791723018,0.079118203949148,liquidity,development,1.0
candidate_event,2023-06-30,INJ,7.854,8.204,7.3,8.021,31727019.2,7.855,317.0,254482421.0032,186782118.3295,-0.0706556333545512,1.2990990990990994,4.680775,True,2023-07-01,8.02,8.997,8.009,8.867,0.1056109725685787,True,30460.2,24627.6965,True,98.0,1.0,2023-06-30,2023-07-01,0.1056109725685787,0.1046109725685787,-0.0013715710723191,0.1218204488778056,liquidity,development,1.0
candidate_event,2023-07-02,INJ,8.868,8.887,8.231,8.722,22682012.1,8.867,319.0,197832509.5362,194218574.3454,-0.0717266268185408,0.7720125786163504,4.75245,True,2023-07-03,8.722,8.987,8.547,8.615,-0.0122678284797064,True,30612.7,24755.723,True,99.0,1.0,2023-07-02,2023-07-03,-0.0122678284797064,-0.0132678284797064,-0.0200642054574637,0.030382939692731,liquidity,development,1.0
candidate_event,2023-11-14,INJ,15.433,16.333,14.288,15.536,10787518.8,15.433,454.0,167594892.07680002,178316170.947,-0.074191667206635,1.089956331877729,8.27389,True,2023-11-15,15.536,17.3,15.483,16.996,0.0939752832131821,True,35559.0,28747.954500000003,True,115.0,,,,,,,,,,0.0
candidate_event,2024-01-05,INJ,38.408,39.621,35.111,38.497,9527448.7,38.41,506.0,366778192.6039,374238811.1677,-0.0858890913824524,1.026371627765991,13.37747,True,2024-01-06,38.498,40.448,35.014,40.005,0.0391448906436699,True,44145.4,32373.3135,True,128.0,2.0,2024-01-05,2024-01-06,0.0391448906436699,0.0381448906436699,-0.0904982076991011,0.0506519819211388,liquidity,development,1.0
candidate_event,2024-01-06,INJ,38.498,40.448,35.014,40.005,10181176.7,38.497,507.0,407297973.8835,374238811.1677,-0.0904745824349948,1.4329600918748218,13.543795,True,2024-01-07,40.003,40.807,35.763,36.448,-0.0888683348748843,True,43956.7,32451.644,True,127.0,1.0,2024-01-06,2024-01-07,-0.0888683348748843,-0.0898683348748843,-0.1059920505962053,0.020098492613054,liquidity,development,1.0
candidate_event,2024-01-08,INJ,36.449,43.2,33.426,42.272,14830265.0,36.448,509.0,626904962.0799999,390922782.77945,-0.0829126426690078,2.9272005294506958,13.8669,True,2024-01-09,42.272,45.293,39.569,39.84,-0.0575321725965176,True,46972.7,32606.7745,True,126.0,,,,,,,,,,0.0
candidate_event,2024-01-10,INJ,39.836,42.699,36.8,41.024,12136560.0,39.84,511.0,497890237.44,442218224.2085999,-0.0763052208835343,1.3894736842105246,14.201005,True,2024-01-11,41.021,42.226,37.992,38.542,-0.0604324614221983,True,46662.9,32764.671,True,126.0,2.0,2024-01-10,2024-01-11,-0.0604324614221983,-0.0614324614221983,-0.0738402281758124,0.0293751980692815,liquidity,development,1.0
candidate_event,2024-02-21,INJ,36.478,36.651,33.566,35.106,6945044.9,36.477,553.0,243812746.2594,226473350.68795,-0.0798037119280641,0.5290278254895232,19.906235,True,2024-02-22,35.106,35.564,33.688,34.184,-0.026263316811941,True,51877.8,35906.8355,True,107.0,,,,,,,,,,0.0
candidate_event,2024-03-08,INJ,42.91,44.578,38.96,41.49,6084336.0,42.91,569.0,252439100.64,273406570.8896,-0.0920531344674899,0.640506329113925,22.440525,True,2024-03-09,41.491,42.778,40.465,40.93,-0.0135210045552047,True,68180.2,38447.168,True,143.0,,,,,,,,,,0.0
candidate_event,2024-11-13,INJ,24.502,27.06,22.321,24.163,10308604.5,24.5,819.0,249086810.5335,89777726.69515,-0.088938775510204,0.8453418999541074,21.829105,True,2024-11-14,24.163,25.879,22.889,23.299,-0.0357571493605927,True,90413.3,64157.32399999999,True,121.0,,,,,,,,,,0.0
candidate_event,2024-11-24,INJ,27.854,28.932,25.474,28.451,6942960.3,27.854,830.0,197534163.4953,106566654.8266,-0.0854455374452501,1.2508403361344544,21.879305,True,2024-11-25,28.457,29.749,26.154,26.944,-0.0531679375900482,True,97960.4,65891.7095,True,149.0,,,,,,,,,,0.0
candidate_event,2024-11-27,INJ,30.822,31.522,28.669,29.8,8430430.3,30.827,833.0,251226822.94000003,138178099.54369998,-0.0700035683005158,0.5240963855421685,21.95473,True,2024-11-28,29.798,30.165,28.058,29.413,-0.0129203302235049,True,95905.2,66373.4755,True,169.0,1.0,2024-11-27,2024-11-28,-0.0129203302235049,-0.0139203302235049,-0.0583931807503859,0.0123162628364319,liquidity,development,1.0
candidate_event,2025-07-24,INJ,13.814,14.078,12.835,13.547,9083402.2,13.813,1072.0,123052849.6034,100597720.85075,-0.0708028668645478,0.7280163599182004,12.849365,True,2025-07-25,13.547,14.044,13.042,13.976,0.0316675278659481,True,118294.3,98215.6505,True,135.0,,,,,,,,,,0.0
candidate_event,2025-07-30,INJ,14.085,14.329,12.979,13.687,7611344.5,14.084,1078.0,104176472.1715,118400099.11665,-0.0784578244816813,0.6407239819004524,12.605340000000002,True,2025-07-31,13.687,14.635,13.134,13.196,-0.0358734565646233,True,117771.0,98879.3845,True,150.0,,,,,,,,,,0.0
candidate_event,2025-01-29,IO,2.7486,2.9151,2.5323,2.6856,24923995.1,2.7489,232.0,66935881.24056,69726487.9635,-0.0787951544254064,0.7077562326869806,2.4175275,True,2025-01-30,2.6857,2.8128,2.626,2.6292,-0.0210373459433295,True,103698.2,77106.0025,True,155.0,1.0,2025-01-29,2025-01-30,-0.0210373459433295,-0.0220373459433295,-0.0222288416427748,0.0473247198123394,liquidity,development,1.0
candidate_event,2021-10-04,IOST,0.055433,0.055449,0.05148,0.053508,1671371880.0,0.055433,276.0,89431766.55504,151924023.252122,-0.0713113127559397,0.5130280799392865,0.04268814,True,2021-10-05,0.053505,0.057967,0.052814,0.056132,0.0490982151200822,True,49198.22,45046.52355,True,70.0,2.0,2021-10-04,2021-10-05,0.0490982151200822,0.0480982151200822,-0.0129146808709466,0.0833940753200634,liquidity,development,1.0
candidate_event,2021-10-06,IOST,0.056146,0.05624,0.051383,0.054949,1982216318.0,0.056132,278.0,108920804.457782,147568228.92273802,-0.0846041473669209,0.75089492524742,0.042689325,True,2021-10-07,0.054957,0.055035,0.052702,0.054415,-0.0098622559455574,True,55321.6,44999.23355,True,70.0,,,,,,,,,,0.0
candidate_event,2021-10-12,IOST,0.054107,0.054294,0.049797,0.054229,1825664464.0,0.054112,284.0,99003958.218256,113450225.980337,-0.0797420165582495,1.0271147161066043,0.042907655,True,2021-10-13,0.054221,0.055131,0.052115,0.055084,0.01591634237657,True,56011.84,45030.98915,True,70.0,,,,,,,,,,0.0
candidate_event,2021-10-17,IOST,0.052422,0.052461,0.048087,0.050843,1001299057.0,0.052425,289.0,50909047.955051,96430249.962978,-0.0827467811158798,0.6353158137390503,0.0429499099999999,True,2021-10-18,0.050847,0.051394,0.048829,0.050057,-0.0155368064979252,True,61571.45,45091.28444999999,True,70.0,,,,,,,,,,0.0
candidate_event,2023-02-22,IOST,0.012556,0.012644,0.011654,0.012126,4939859787.0,0.012556,782.0,59900739.777162,12831187.987807,-0.0718381650207072,0.5232815964523284,0.01057531,True,2023-02-23,0.012126,0.012354,0.011633,0.011813,-0.0258123041398646,True,24171.3,19743.7235,True,99.0,,,,,,,,,,0.0
candidate_event,2023-12-26,IOST,0.010127,0.010292,0.0093,0.010025,1885879754.0,0.010128,1089.0,18905944.53385,14742272.25559,-0.0817535545023697,0.8756038647342989,0.00829358,True,2023-12-27,0.010024,0.010248,0.009723,0.010169,0.0144652833200318,True,42538.5,31509.655999999995,True,127.0,,,,,,,,,,0.0
candidate_event,2024-03-08,IOST,0.012765,0.012827,0.011832,0.012507,1721741757.0,0.012766,1162.0,21533824.154799003,10789949.545846,-0.0731630894563684,0.7226980728051402,0.00863751,True,2024-03-09,0.012505,0.012998,0.012352,0.01277,0.0211915233906436,True,68180.2,38447.168,True,143.0,,,,,,,,,,0.0
candidate_event,2025-01-15,IOST,0.007881,0.007953,0.007255,0.007873,10224808022.0,0.007881,1475.0,80499913.557206,10380119.650675,-0.0794315442202766,0.9872204472843432,0.00601974,True,2025-01-16,0.007873,0.007875,0.007017,0.007223,-0.0825606503238917,True,100460.0,73994.397,True,164.0,1.0,2025-01-15,2025-01-16,-0.0825606503238917,-0.0835606503238917,-0.1087260256573098,0.0002540327702273,liquidity,development,1.0
candidate_event,2025-01-27,IOST,0.00618,0.006227,0.005675,0.006082,1907371236.0,0.00618,1487.0,11600631.857352,11047564.4280875,-0.0817152103559869,0.8059405940594057,0.006059375,True,2025-01-28,0.00608,0.006125,0.005603,0.005638,-0.0726973684210526,True,102021.3,76666.3335,True,153.0,,,,,,,,,,0.0
candidate_event,2021-11-03,IOTA,1.4009,1.4063,1.3013,1.3706,44938850.0,1.4007,306.0,61593187.81,74381524.879095,-0.0709645177411295,0.6971830985915496,1.253053,True,2021-11-04,1.3706,1.389,1.3202,1.3477,-0.0167080110900336,True,62946.45,45285.49515,True,70.0,,,,,,,,,,0.0
candidate_event,2021-11-06,IOTA,1.3784,1.3789,1.28,1.344,25474907.2,1.3785,309.0,34238275.2768,70142618.62917,-0.0714544795067102,0.6497461928934014,1.2401175,True,2021-11-07,1.3441,1.3498,1.3255,1.3449,0.0005951938099844,True,61511.3,45364.31595,True,70.0,,,,,,,,,,0.0
candidate_event,2021-11-28,IOTA,1.3699,1.3725,1.2365,1.3473,48621314.4,1.37,331.0,65507496.89112,57756198.2527,-0.0974452554744527,0.8299625468164784,1.1675895,True,2021-11-29,1.3472,1.425,1.322,1.4099,0.0465409738717339,True,57315.73,46007.4503,True,73.0,,,,,,,,,,0.0
candidate_event,2023-12-18,IOTA,0.2768,0.2782,0.2503,0.2722,242013138.2,0.2767,1081.0,65875976.21804,59283894.82199,-0.0954101915431875,0.8295454545454543,0.1791229999999999,True,2023-12-19,0.2722,0.2748,0.2594,0.2656,-0.0242468772961057,True,42671.7,30843.7285,True,122.0,,,,,,,,,,0.0
candidate_event,2024-01-05,IOTA,0.2636,0.2641,0.2414,0.2529,142673007.2,0.2635,1099.0,36082003.52088,53229627.24812999,-0.0838709677419354,0.5203619909502265,0.189572,True,2024-01-06,0.2529,0.2531,0.2337,0.2475,-0.0213523131672598,True,44145.4,32373.3135,True,128.0,,,,,,,,,,0.0
candidate_event,2024-01-06,IOTA,0.2529,0.2531,0.2337,0.2475,89938408.6,0.2529,1100.0,22259756.1285,51663898.24975,-0.0759193357058126,0.7187499999999996,0.1899864999999999,True,2024-01-07,0.2475,0.2843,0.2373,0.2405,-0.0282828282828283,True,43956.7,32451.644,True,127.0,,,,,,,,,,0.0
candidate_event,2024-01-08,IOTA,0.2406,0.2507,0.2185,0.2504,242140886.9,0.2405,1102.0,60632078.07976001,48839956.654305,-0.0914760914760914,1.450000000000001,0.190735,True,2024-01-09,0.2505,0.2515,0.2271,0.235,-0.0618762475049901,True,46972.7,32606.7745,True,126.0,,,,,,,,,,0.0
candidate_event,2024-01-23,IOTA,0.2133,0.2191,0.1964,0.2079,111422673.6,0.2132,1117.0,23164773.84144,35124206.50875,-0.0787992495309568,0.6845238095238098,0.194954,True,2024-01-24,0.2079,0.2321,0.2049,0.2187,0.0519480519480519,True,39890.0,33523.1895,True,124.0,,,,,,,,,,0.0
candidate_event,2024-02-20,IOTA,0.2835,0.2941,0.262,0.2847,186812185.5,0.2835,1145.0,53185429.21185,27976498.506745,-0.075837742504409,1.0558139534883737,0.2052804999999999,True,2024-02-21,0.2848,0.2949,0.2642,0.276,-0.0308988764044942,True,52297.4,35792.735,True,106.0,,,,,,,,,,0.0
candidate_event,2024-02-21,IOTA,0.2848,0.2949,0.2642,0.276,118587848.5,0.2847,1146.0,32730246.186000004,30040615.352865003,-0.0720056199508254,0.575609756097562,0.2058095,True,2024-02-22,0.276,0.282,0.2668,0.2691,-0.025,True,51877.8,35906.8355,True,107.0,,,,,,,,,,0.0
candidate_event,2024-03-06,IOTA,0.3346,0.3521,0.3108,0.3506,178872159.6,0.3346,1160.0,62712579.155760005,30040615.352865003,-0.0711297071129706,1.6722689075630262,0.2155115,True,2024-03-07,0.3505,0.3536,0.3354,0.3459,-0.0131241084165477,True,66128.1,38033.3735,True,139.0,2.0,2024-03-06,2024-03-07,-0.0131241084165477,-0.0141241084165477,-0.0430813124108416,0.0088445078459344,liquidity,development,1.0
candidate_event,2024-03-08,IOTA,0.3459,0.3481,0.3129,0.3345,126744758.9,0.3459,1162.0,42396121.85205001,33765635.478325,-0.0954032957502167,0.6545454545454553,0.217464,True,2024-03-09,0.3343,0.3438,0.3312,0.3437,0.0281184564762191,True,68180.2,38447.168,True,143.0,,,,,,,,,,0.0
candidate_event,2024-03-11,IOTA,0.3548,0.3971,0.3294,0.3905,284039194.4,0.3547,1165.0,110917305.4132,37154482.9488,-0.0713278827177896,2.4150197628458505,0.2207339999999999,True,2024-03-12,0.3906,0.4136,0.3631,0.3932,0.0066564260112647,True,72153.8,39101.605500000005,True,147.0,,,,,,,,,,0.0
candidate_event,2024-03-12,IOTA,0.3906,0.4136,0.3631,0.3932,445974568.0,0.3905,1166.0,175357200.1376,37154482.9488,-0.0701664532650448,1.0985401459854005,0.221969,True,2024-03-13,0.3933,0.4186,0.3792,0.4162,0.0582252733282482,True,71503.2,39328.863000000005,True,149.0,,,,,,,,,,0.0
candidate_event,2024-11-26,IOTA,0.2257,0.2338,0.2082,0.2275,194420536.2,0.2257,1425.0,44230671.9855,21492891.80219,-0.077536552946389,1.1028571428571423,0.1561135,True,2024-11-27,0.2275,0.2313,0.219,0.23,0.0109890109890109,True,92021.4,66197.9955,True,164.0,,,,,,,,,,0.0
candidate_event,2024-12-06,IOTA,0.4613,0.5061,0.4269,0.49,434793185.5,0.4613,1435.0,213048660.895,38857320.141995,-0.0745718621287665,1.834302325581396,0.163534,True,2024-12-07,0.4899,0.5596,0.4647,0.4864,-0.0071443151663604,True,99802.5,67800.2065,True,191.0,2.0,2024-12-06,2024-12-07,-0.0071443151663604,-0.0081443151663604,-0.0514390691977955,0.1422739334558072,liquidity,development,1.0
candidate_event,2025-02-09,IOTA,0.2253,0.2319,0.2094,0.2209,70177373.3,0.2254,1500.0,15502181.76197,51797878.9395,-0.0709849157054125,0.7187500000000012,0.208469,True,2025-02-10,0.2209,0.2385,0.2128,0.2302,0.0421004979628789,True,96423.6,78943.935,True,153.0,,,,,,,,,,0.0
candidate_event,2025-02-18,IOTA,0.2266,0.2283,0.2078,0.2174,68115123.3,0.2264,1509.0,14808227.80542,26394491.60142,-0.082155477031802,0.516129032258065,0.211929,True,2025-02-19,0.2175,0.2249,0.2141,0.2238,0.0289655172413794,True,95622.0,80323.10650000001,True,134.0,,,,,,,,,,0.0
candidate_event,2025-09-11,IOTA,0.195,0.2015,0.1761,0.1948,104832649.1,0.1949,1714.0,20421400.04468,12946041.30939,-0.0964597229348382,0.9946808510638304,0.191631,True,2025-09-12,0.1949,0.2,0.1929,0.1991,0.0215495125705491,True,115427.0,102030.031,True,138.0,1.0,2025-09-11,2025-09-12,0.0215495125705491,0.0205495125705491,-0.0102616726526424,0.0261672652642381,liquidity,development,1.0
candidate_event,2023-02-08,IOTX,0.03447,0.03464,0.03175,0.03336,453713220.0,0.03446,545.0,15135873.0192,12893024.478885,-0.0786419036564131,0.5940959409594103,0.02773505,True,2023-02-09,0.03336,0.03379,0.02816,0.02899,-0.1309952038369305,True,22955.9,19717.0655,True,97.0,,,,,,,,,,0.0
candidate_event,2023-11-09,IOTX,0.02463,0.02655,0.02272,0.0254,969572475.0,0.02463,819.0,24627140.865,13417060.95253,-0.0775477060495329,1.4031413612565449,0.019088,True,2023-11-10,0.0254,0.02676,0.02527,0.02619,0.0311023622047244,True,36719.5,28544.534,True,102.0,,,,,,,,,,0.0
candidate_event,2023-11-14,IOTX,0.02498,0.02538,0.02312,0.02434,436011224.0,0.02498,824.0,10612513.19216,12112332.093025,-0.0744595676541232,0.6559139784946241,0.0191263999999999,True,2023-11-15,0.02434,0.02629,0.0243,0.02594,0.0657354149548068,True,35559.0,28747.954500000003,True,115.0,,,,,,,,,,0.0
candidate_event,2023-11-18,IOTX,0.02403,0.02404,0.02233,0.02358,313532595.0,0.02402,828.0,7393098.5901,11448043.241295,-0.0703580349708576,0.7396449704142016,0.0191216,True,2023-11-19,0.02358,0.02415,0.0229,0.02407,0.0207803223070399,True,36580.9,28908.5435,True,119.0,,,,,,,,,,0.0
candidate_event,2024-01-19,IOTX,0.04279,0.04304,0.0387,0.04087,239074697.0,0.04278,890.0,9770982.86639,22059991.11636,-0.0953716690042075,0.5318627450980388,0.0247198,True,2024-01-20,0.04089,0.04245,0.04027,0.04195,0.0259232086084617,True,41662.2,33316.779500000004,True,125.0,,,,,,,,,,0.0
candidate_event,2024-03-08,IOTX,0.06419,0.066,0.05888,0.06454,448665612.0,0.06418,939.0,28956878.59848,21071485.462085,-0.0825802430663757,1.0679245283018866,0.03248995,True,2024-03-09,0.06453,0.07331,0.06421,0.07225,0.1196342786300943,True,68180.2,38447.168,True,143.0,,,,,,,,,,0.0
candidate_event,2024-04-05,IOTX,0.07305,0.07404,0.06662,0.07024,577071255.0,0.07304,967.0,40533484.9512,30646773.06172,-0.0878970427163198,0.5638629283489098,0.04085125,True,2024-04-06,0.07024,0.07952,0.06965,0.07668,0.0916856492027335,True,67825.7,44362.851,True,154.0,,,,,,,,,,0.0
candidate_event,2024-04-19,IOTX,0.05324,0.05548,0.04896,0.05433,241507360.0,0.05323,981.0,13121094.8688,29563914.56512,-0.0802179222243096,1.257611241217799,0.0442751,True,2024-04-20,0.05434,0.05924,0.05347,0.05917,0.0888847994111152,True,63787.4,47146.931,True,153.0,,,,,,,,,,0.0
candidate_event,2024-12-05,IOTX,0.06079,0.06719,0.0556,0.0583,1223865664.0,0.06078,1211.0,71351368.2112,16450236.64512,-0.0852254030931227,0.521235521235521,0.0422022,True,2024-12-06,0.0583,0.06199,0.05789,0.06092,0.0449399656946827,True,97001.5,67658.52649999999,True,190.0,,,,,,,,,,0.0
candidate_event,2023-02-25,JASMY,0.00619,0.006244,0.00572,0.00604,4343498722.0,0.00619,311.0,26234732.28088,46439819.08746,-0.0759289176090468,0.6808510638297873,0.00581197,True,2023-02-26,0.00604,0.006361,0.006008,0.006265,0.0372516556291389,True,23146.2,19744.4145,True,98.0,,,,,,,,,,0.0
candidate_event,2023-11-14,JASMY,0.005263,0.00528,0.004767,0.005036,5873029357.0,0.005263,573.0,29576575.841852,15785669.8782245,-0.0942428272848184,0.542338709677418,0.004087935,True,2023-11-15,0.005036,0.005385,0.004998,0.005289,0.0502382843526609,True,35559.0,28747.954500000003,True,115.0,,,,,,,,,,0.0
candidate_event,2023-11-18,JASMY,0.00493,0.004938,0.004507,0.004774,2590597174.0,0.00493,577.0,12367510.908675998,16884736.89528,-0.0858012170385397,0.631205673758864,0.004057265,True,2023-11-19,0.004774,0.005245,0.004658,0.005174,0.0837871805613741,True,36580.9,28908.5435,True,119.0,,,,,,,,,,0.0
candidate_event,2023-12-13,JASMY,0.005989,0.00605,0.005536,0.005921,3305468545.0,0.005988,602.0,19571679.254945,18544071.69604,-0.0754843019372077,0.8517699115044244,0.0040566,True,2023-12-14,0.005921,0.006617,0.005876,0.006438,0.0873163317007261,True,42875.0,30474.2695,True,119.0,,,,,,,,,,0.0
candidate_event,2024-01-05,JASMY,0.005755,0.005838,0.005226,0.005572,3398364622.0,0.005753,625.0,18935687.673784,22032826.939482003,-0.0916043803233096,0.6565464895635665,0.00432294,True,2024-01-06,0.005574,0.005586,0.005129,0.005356,-0.0391101542877646,True,44145.4,32373.3135,True,128.0,,,,,,,,,,0.0
candidate_event,2024-01-06,JASMY,0.005574,0.005586,0.005129,0.005356,3248544231.0,0.005572,626.0,17399202.901235998,20038167.065045,-0.0795046661880832,0.5124153498871329,0.00432869,True,2024-01-07,0.005355,0.00549,0.004948,0.005044,-0.058076563958917,True,43956.7,32451.644,True,127.0,,,,,,,,,,0.0
candidate_event,2024-01-08,JASMY,0.005045,0.005488,0.004652,0.005458,4510232489.0,0.005044,628.0,24616848.924962,19608019.2582675,-0.0777160983346549,2.056122448979593,0.00433893,True,2024-01-09,0.005458,0.005508,0.005032,0.005277,-0.0331623305240015,True,46972.7,32606.7745,True,126.0,,,,,,,,,,0.0
candidate_event,2024-01-09,JASMY,0.005458,0.005508,0.005032,0.005277,3447252956.0,0.005458,629.0,18191153.848812,19608019.2582675,-0.0780505679736167,0.5751173708920175,0.00434344,True,2024-01-10,0.005276,0.005904,0.004953,0.005772,0.0940106141015921,True,46114.0,32683.9775,True,125.0,,,,,,,,,,0.0
candidate_event,2024-01-23,JASMY,0.004851,0.004948,0.004508,0.004803,3849415713.0,0.00485,643.0,18488743.669539,18004077.892718002,-0.0705154639175258,0.8625730994152043,0.004416665,True,2024-01-24,0.004802,0.005049,0.004767,0.004983,0.0376926280716367,True,39890.0,33523.1895,True,124.0,,,,,,,,,,0.0
candidate_event,2024-02-26,JASMY,0.015472,0.01645,0.014387,0.016241,18322998710.0,0.015472,677.0,297583822.04911,16226238.6665825,-0.0701266804550154,1.7087557603686632,0.00502517,True,2024-02-27,0.016241,0.0164,0.014802,0.015067,-0.0722861892740593,True,54511.6,36471.402,True,114.0,1.0,2024-02-26,2024-02-27,-0.0722861892740593,-0.0732861892740593,-0.0886029185394987,0.0097900375592636,liquidity,development,1.0
candidate_event,2024-03-08,JASMY,0.021563,0.022419,0.019857,0.021684,6255450957.0,0.021562,688.0,135643198.551588,188156443.682951,-0.0790742973750117,1.0715542521994117,0.005984995,True,2024-03-09,0.021684,0.024455,0.021228,0.023159,0.0680225050728648,True,68180.2,38447.168,True,143.0,,,,,,,,,,0.0
candidate_event,2024-04-19,JASMY,0.018458,0.01892,0.016799,0.01822,4126798512.0,0.018459,730.0,75190268.88864,77296219.20066151,-0.0899290319085539,0.8560240963855422,0.009464285,True,2024-04-20,0.018213,0.019915,0.017956,0.019673,0.0801625212760115,True,63787.4,47146.931,True,153.0,,,,,,,,,,0.0
candidate_event,2024-05-01,JASMY,0.016878,0.017099,0.015244,0.016657,3791838672.0,0.016876,742.0,63160656.759504005,55506835.210104495,-0.0967053804219008,0.8658088235294135,0.01039509,True,2024-05-02,0.016657,0.01702,0.015873,0.016702,0.002701566908807,True,58307.6,49327.81800000001,True,153.0,,,,,,,,,,0.0
candidate_event,2024-06-14,JASMY,0.034312,0.036364,0.031014,0.033243,4503791122.0,0.034309,786.0,149719528.268646,210811662.19004148,-0.0960389402197674,0.6764795144157821,0.015243145,True,2024-06-15,0.033243,0.035541,0.032734,0.034103,0.0258701079926602,True,66039.7,56360.26,True,128.0,1.0,2024-06-14,2024-06-15,0.0258701079926602,0.0248701079926602,-0.0153114941491442,0.0691273350780616,liquidity,development,1.0
candidate_event,2024-07-25,JASMY,0.027067,0.028078,0.025111,0.027807,3118661530.0,0.027067,827.0,86720621.16471,77336791.18969151,-0.0722651198876861,1.378323108384457,0.019786435,True,2024-07-26,0.027802,0.029852,0.027405,0.02896,0.0416516797352708,True,65773.0,60451.092,True,109.0,,,,,,,,,,0.0
candidate_event,2024-11-24,JASMY,0.025933,0.027472,0.023815,0.026313,6403124853.0,0.025931,949.0,168485424.256989,46746516.9249995,-0.0816011723419845,1.180529300567108,0.02367105,True,2024-11-25,0.026314,0.026478,0.023643,0.024262,-0.0779813027285856,True,97960.4,65891.7095,True,149.0,,,,,,,,,,0.0
candidate_event,2025-01-13,JASMY,0.030934,0.031931,0.02791,0.030139,2190771080.0,0.030936,999.0,66027649.58012,64575909.397999495,-0.0978148435479699,0.736615994712491,0.025635165,True,2025-01-14,0.030141,0.03109,0.029413,0.030689,0.0181812149563718,True,94485.3,73616.58350000001,True,164.0,,,,,,,,,,0.0
candidate_event,2023-11-17,JOE,0.4081,0.4377,0.3773,0.3969,70018329.0,0.4081,233.0,27790274.7801,10987111.8875,-0.0754716981132075,0.6363636363636349,0.3132425,True,2023-11-18,0.3968,0.3972,0.343,0.3778,-0.0478830645161288,True,36621.9,28868.9215,True,119.0,,,,,,,,,,0.0
candidate_event,2023-11-26,JOE,0.3984,0.4002,0.3667,0.3829,24048733.0,0.3985,242.0,9208259.8657,14316609.8251,-0.0797992471769134,0.5094339622641508,0.3133945,True,2023-11-27,0.3829,0.3848,0.3591,0.3707,-0.0318621049882477,True,37437.9,29262.283,True,120.0,,,,,,,,,,0.0
candidate_event,2023-12-13,JOE,0.6133,0.6327,0.5566,0.6105,100149481.0,0.6134,259.0,61141258.15050001,19263276.6363,-0.0925986305836321,0.9489436619718328,0.3265599999999999,True,2023-12-14,0.6105,0.6324,0.5835,0.6107,0.0003276003276002,True,42875.0,30474.2695,True,119.0,,,,,,,,,,0.0
candidate_event,2024-01-19,JOE,0.4824,0.4826,0.4456,0.4693,18421140.0,0.4824,296.0,8645041.002,18271143.9014,-0.0762852404643449,0.6440217391304348,0.3671485,True,2024-01-20,0.4692,0.4777,0.4592,0.4766,0.015771526001705,True,41662.2,33316.779500000004,True,125.0,,,,,,,,,,0.0
candidate_event,2024-01-23,JOE,0.4286,0.4387,0.3934,0.4245,26212747.0,0.4285,300.0,11127311.1015,17184591.7716,-0.0819136522753791,0.8860398860398858,0.3684199999999999,True,2024-01-24,0.4244,0.4348,0.4155,0.4296,0.0122525918944391,True,39890.0,33523.1895,True,124.0,,,,,,,,,,0.0
candidate_event,2024-03-11,JOE,0.5776,0.66,0.5301,0.6522,62658352.0,0.5775,348.0,40865777.1744,12022065.3795,-0.082077922077922,2.575949367088608,0.4175265,True,2024-03-12,0.6523,0.8523,0.6071,0.788,0.2080331135980377,True,72153.8,39101.605500000005,True,147.0,,,,,,,,,,0.0
candidate_event,2024-03-15,JOE,0.7611,0.8416,0.6913,0.8064,139523593.0,0.761,352.0,112511825.3952,14695991.37765,-0.0915900131406044,1.6513629842180777,0.428767,True,2024-03-16,0.8062,0.9683,0.7569,0.8016,-0.0057057802034234,True,69552.2,40008.547,True,152.0,,,,,,,,,,0.0
candidate_event,2024-08-01,JTO,2.9797,3.0643,2.6842,2.9218,57726867.0,2.9799,237.0,168666360.0006,59650893.4876,-0.099231517836169,0.8035170781197158,2.909583,True,2024-08-02,2.9218,2.942,2.6164,2.6555,-0.0911424464371278,True,65328.9,61217.863000000005,True,112.0,,,,,,,,,,0.0
candidate_event,2024-11-10,JTO,3.1361,3.1954,2.8964,3.0685,42566899.0,3.1364,338.0,130616529.5815,53817935.89635,-0.0765208519321515,0.7170833333333324,2.6733005000000003,True,2024-11-11,3.0689,3.1836,2.9043,3.0647,-0.0013685685424744,True,80410.0,63779.99600000001,True,114.0,,,,,,,,,,0.0
candidate_event,2024-11-12,JTO,3.0647,3.2169,2.8307,3.0186,47345639.0,3.0647,340.0,142917545.8854,62444349.79885,-0.0763533135380297,0.8029914529914528,2.672114,True,2024-11-13,3.0188,3.3482,2.7442,3.1382,0.0395521399231482,True,87972.0,64022.3625,True,117.0,,,,,,,,,,0.0
candidate_event,2024-11-13,JTO,3.0188,3.3482,2.7442,3.1382,48758690.0,3.0186,341.0,153014520.958,70232398.13755,-0.0909030676472536,1.4358600583090368,2.6720520000000003,True,2024-11-14,3.1386,3.1927,2.7075,2.7564,-0.1217740393806154,True,90413.3,64157.32399999999,True,121.0,,,,,,,,,,0.0
candidate_event,2024-11-26,JTO,3.5215,3.5695,3.1933,3.4486,27456261.0,3.522,354.0,94685661.6846,102538006.2284,-0.093327654741624,0.7766960754487378,2.6476225,True,2024-11-27,3.4487,3.8064,3.4356,3.6741,0.0653579609708006,True,92021.4,66197.9955,True,164.0,,,,,,,,,,0.0
candidate_event,2024-12-10,JTO,3.6065,3.886,3.2462,3.6445,65403536.0,3.6061,368.0,238363186.952,97329225.0511,-0.0998031113945814,1.1066963045290352,2.612708,True,2024-12-11,3.6445,4.2082,3.4905,3.8863,0.0663465495952806,True,96602.4,68395.6005,True,194.0,,,,,,,,,,0.0
candidate_event,2025-01-08,JTO,3.0016,3.1091,2.7823,3.0832,19566173.0,3.0016,397.0,60326424.593600005,44691850.6624,-0.0730610341151384,1.3720930232558162,2.6256675,True,2025-01-09,3.0838,3.0998,2.734,2.7811,-0.0981581166093781,True,95014.1,72801.88,True,176.0,,,,,,,,,,0.0
candidate_event,2025-02-02,JTO,2.9963,3.1449,2.7072,2.8689,19798456.0,2.9965,422.0,56799790.4184,49368690.93305,-0.0965459702986819,0.55893536121673,2.7085209999999997,True,2025-02-03,2.8692,3.148,2.2519,3.1032,0.0815558343789208,True,97664.5,77860.06450000001,True,152.0,2.0,2025-02-02,2025-02-03,0.0815558343789208,0.0805558343789208,-0.2151470793252474,0.09716994284121,liquidity,development,1.0
candidate_event,2024-11-13,JUP,1.1696,1.2289,1.0607,1.1649,157499225.0,1.1694,287.0,183470847.2025,123549518.4344,-0.0929536514451856,0.9586016559337632,0.913832,True,2024-11-14,1.1651,1.2071,1.0521,1.0675,-0.0837696335078534,True,90413.3,64157.32399999999,True,121.0,,,,,,,,,,0.0
candidate_event,2024-11-24,JUP,1.1333,1.1794,1.0372,1.1286,116920873.0,1.1332,298.0,131956897.2678,118264618.9672,-0.0847158489234027,0.952083333333334,0.9191855,True,2024-11-25,1.1289,1.1679,1.0435,1.068,-0.0539463194259898,True,97960.4,65891.7095,True,149.0,,,,,,,,,,0.0
candidate_event,2024-11-26,JUP,1.0678,1.1018,0.9818,1.0334,102183907.0,1.068,300.0,105596849.4938,121110773.1904,-0.0807116104868914,0.5986078886310912,0.918994,True,2024-11-27,1.0333,1.132,1.0157,1.1202,0.0840994870802283,True,92021.4,66197.9955,True,164.0,,,,,,,,,,0.0
candidate_event,2024-12-03,JUP,1.2035,1.2984,1.0908,1.2431,195143581.0,1.2035,307.0,242582985.54110003,113968250.201,-0.0936435396759451,1.351375332741793,0.921836,True,2024-12-04,1.2431,1.3461,1.2304,1.286,0.0345104979486765,True,95913.3,67345.7915,True,183.0,,,,,,,,,,0.0
candidate_event,2025-01-20,JUP,0.964,1.0515,0.8899,0.9379,473402549.0,0.964,355.0,444004250.7071,38329700.252,-0.0768672199170124,0.6477732793522263,0.9179375,True,2025-01-21,0.938,0.9488,0.8463,0.8815,-0.0602345415778251,True,102247.6,75029.578,True,160.0,,,,,,,,,,0.0
candidate_event,2025-01-26,JUP,0.9708,1.27,0.8977,1.0534,1707136701.0,0.9708,361.0,1798297800.8333998,44779939.2355,-0.0752987227029253,2.1299589603283167,0.9220445,True,2025-01-27,1.0534,1.1546,0.9361,1.1242,0.0672109360167079,True,102560.1,76442.8045,True,158.0,1.0,2025-01-26,2025-01-27,0.0672109360167079,0.0662109360167079,-0.1113537117903928,0.0960698689956334,liquidity,development,1.0
candidate_event,2021-08-29,KAVA,8.6544,8.72,7.95,8.3898,20187348.9,8.6548,240.0,169367819.80121997,108022260.175,-0.0814345796552201,0.6240068104426778,5.0775855,True,2021-08-30,8.3922,9.226,7.6181,7.809,-0.0694931007363981,True,48795.41,46083.3317,True,69.0,1.0,2021-08-29,2021-08-30,-0.0694931007363981,-0.0704931007363981,-0.0922404137174996,0.0993541621982316,liquidity,development,1.0
candidate_event,2021-09-06,KAVA,8.0026,8.14,7.2678,7.8227,12683620.6,8.0025,248.0,99220158.86762,113297159.530165,-0.0918088097469539,0.7552742616033762,5.201102499999999,True,2021-09-07,7.8236,7.9,4.7116,6.1576,-0.2129454471087478,True,52683.97,46105.71445,True,69.0,,,,,,,,,,0.0
candidate_event,2021-10-12,KAVA,6.0647,6.0665,5.52,5.7952,8461189.1,6.0655,284.0,49034283.07232,63161841.69214,-0.0899348775863491,0.5044912923923016,5.4425185,True,2021-10-13,5.7939,5.9732,5.655,5.9532,0.0274944338010665,True,56011.84,45030.98915,True,70.0,,,,,,,,,,0.0
candidate_event,2021-10-17,KAVA,5.719,5.8224,5.3141,5.5342,6242532.9,5.7199,289.0,34547425.57518,59030196.8424,-0.0709452962464378,0.5423854115327755,5.438044500000001,True,2021-10-18,5.5356,5.7348,5.3841,5.4249,-0.01999783221331,True,61571.45,45091.28444999999,True,70.0,,,,,,,,,,0.0
candidate_event,2023-07-14,KAVA,0.9593,0.9798,0.8915,0.9276,120570382.2,0.9593,924.0,111841086.52872,61949895.622405,-0.0706765349734181,0.5324483775811206,0.8988285,True,2023-07-15,0.9275,0.9396,0.9177,0.9329,0.0058221024258759,True,30293.3,25577.492,True,102.0,,,,,,,,,,0.0
candidate_event,2024-01-05,KAVA,0.8385,0.8436,0.7679,0.8068,33638594.1,0.8385,1099.0,27139617.71988,26894552.03858,-0.0841979725700655,0.5509915014164297,0.7691625000000001,True,2024-01-06,0.8068,0.8068,0.742,0.7819,-0.0308626673277143,True,44145.4,32373.3135,True,128.0,,,,,,,,,,0.0
candidate_event,2024-01-06,KAVA,0.8068,0.8068,0.742,0.7819,23526238.3,0.8068,1100.0,18395165.72677,26596000.33529,-0.0803173029251362,0.6157407407407418,0.7687315000000001,True,2024-01-07,0.782,0.8026,0.7276,0.7396,-0.0542199488491048,True,43956.7,32451.644,True,127.0,,,,,,,,,,0.0
candidate_event,2024-03-03,KAVA,0.9635,0.9767,0.885,0.9452,46301968.1,0.9632,1157.0,43764620.24812,21589885.970785,-0.0811877076411959,0.7698209718670087,0.7258005,True,2024-03-04,0.9452,1.002,0.9292,0.9751,0.0316335167160388,True,63178.5,37436.2145,True,132.0,,,,,,,,,,0.0
candidate_event,2024-04-10,KAVA,0.9577,0.9653,0.8894,0.943,38971290.1,0.9577,1195.0,36749926.5643,38394964.61423,-0.0713166962514357,0.7847730600292819,0.786156,True,2024-04-11,0.943,0.946,0.9047,0.9308,-0.0129374337221632,True,70681.7,45441.989,True,154.0,,,,,,,,,,0.0
candidate_event,2024-12-02,KAVA,0.6109,0.6307,0.56,0.6295,48700875.5,0.611,1431.0,30657201.12725,19273583.27618,-0.083469721767594,1.3627450980392153,0.420416,True,2024-12-03,0.6295,0.708,0.6039,0.6964,0.1062748212867357,True,95890.5,67201.125,True,182.0,,,,,,,,,,0.0
candidate_event,2025-01-27,KAVA,0.4391,0.4457,0.4029,0.437,39277739.0,0.4391,1487.0,17164371.943,16341602.45402,-0.0824413573217945,0.9419889502762434,0.4099845,True,2025-01-28,0.4371,0.4433,0.4104,0.4161,-0.0480439258750856,True,102021.3,76666.3335,True,153.0,,,,,,,,,,0.0
candidate_event,2025-05-12,KAVA,0.487,0.4944,0.4481,0.4752,68732149.1,0.4869,1592.0,32661517.25232,10518904.600355,-0.0796878209077839,0.698453608247423,0.4609494999999999,True,2025-05-13,0.4752,0.4803,0.4441,0.4735,-0.0035774410774411,True,102739.3,91577.145,True,124.0,1.0,2025-05-12,2025-05-13,-0.0035774410774411,-0.0045774410774411,-0.065446127946128,0.0107323232323233,liquidity,development,1.0
candidate_event,2021-09-06,KNC,2.297,2.323,2.1,2.248,19266624.0,2.297,248.0,43311370.752,35447552.379,-0.085764040052242,0.7512690355329954,2.17336455,True,2021-09-07,2.247,2.33,1.44,1.755,-0.2189586114819759,True,52683.97,46105.71445,True,69.0,,,,,,,,,,0.0
candidate_event,2021-11-01,KNC,1.994,2.434,1.831,1.988,53097218.0,1.993,304.0,105557269.384,24314981.398,-0.0812844957350727,0.9691358024691352,1.93408595,True,2021-11-02,1.988,2.293,1.967,2.289,0.1514084507042254,True,60942.87,45262.003500000006,True,70.0,,,,,,,,,,0.0
candidate_event,2023-10-26,KNC,0.758,0.7623,0.6983,0.7404,57609921.0,0.7579,1028.0,42654385.5084,42599046.09345,-0.0786383427892861,0.7063758389261733,0.6214195,True,2023-10-27,0.7403,0.7565,0.712,0.7518,0.0155342428745104,True,34154.0,28148.963,True,85.0,1.0,2023-10-26,2023-10-27,0.0155342428745104,0.0145342428745104,-0.0382277455085775,0.0218830203971363,liquidity,development,1.0
candidate_event,2023-10-31,KNC,0.7642,0.7848,0.7066,0.7485,50335209.0,0.7642,1033.0,37675903.936500005,36153042.495450005,-0.0753729390211985,0.7274305555555566,0.620762,True,2023-11-01,0.7486,0.8415,0.746,0.8168,0.0911033930002671,True,34651.4,28254.6855,True,90.0,,,,,,,,,,0.0
candidate_event,2023-12-18,KNC,0.6844,0.6902,0.6308,0.671,27037578.0,0.6843,1081.0,18142214.838,17285872.3777,-0.0781820838813386,0.7514018691588789,0.6457864999999999,True,2023-12-19,0.671,0.6803,0.6629,0.6712,0.0002980625931445,True,42671.7,30843.7285,True,122.0,,,,,,,,,,0.0
candidate_event,2024-01-05,KNC,0.6803,0.6949,0.6311,0.6632,30403169.0,0.6802,1099.0,20163381.6808,14860588.7279,-0.0721846515730667,0.6537678207739307,0.6621615,True,2024-01-06,0.6634,0.6655,0.6183,0.6546,-0.0132649984926138,True,44145.4,32373.3135,True,128.0,,,,,,,,,,0.0
candidate_event,2024-01-08,KNC,0.6458,0.67,0.5874,0.6647,30536195.0,0.6458,1102.0,20297408.8165,14760925.36335,-0.0904304738309074,1.3236301369863,0.664268,True,2024-01-09,0.6647,0.6663,0.6041,0.6333,-0.0472393561004964,True,46972.7,32606.7745,True,126.0,,,,,,,,,,0.0
candidate_event,2024-03-08,KNC,0.8726,0.8798,0.7985,0.8629,25199396.0,0.8727,1162.0,21744558.8084,13342246.4992,-0.0850234903174057,0.8679245283018865,0.6748305000000001,True,2024-03-09,0.863,0.8867,0.8482,0.8632,0.0002317497103128,True,68180.2,38447.168,True,143.0,,,,,,,,,,0.0
candidate_event,2024-03-12,KNC,0.9704,0.9753,0.8759,0.9509,37861558.0,0.9704,1166.0,36002555.5022,15166492.8579,-0.0973825226710635,0.7936507936507929,0.682431,True,2024-03-13,0.9508,1.0768,0.9356,1.0486,0.1028607488430795,True,71503.2,39328.863000000005,True,149.0,,,,,,,,,,0.0
candidate_event,2024-03-14,KNC,1.0486,1.1408,0.973,1.1251,106028893.0,1.0486,1168.0,119293107.5143,17570831.44505,-0.0720961281708945,2.011904761904762,0.688017,True,2024-03-15,1.125,1.141,0.945,1.0154,-0.0974222222222221,True,71455.5,39791.3185,True,151.0,,,,,,,,,,0.0
candidate_event,2024-03-17,KNC,0.8745,0.9036,0.8063,0.8918,31684710.0,0.8742,1171.0,28256424.378,19997406.1053,-0.0776710134980552,1.259204712812961,0.693989,True,2024-03-18,0.8918,0.8939,0.8106,0.8297,-0.0696344471854676,True,68447.9,40402.589,True,154.0,,,,,,,,,,0.0
candidate_event,2024-06-11,KNC,0.7603,0.7762,0.7068,0.7461,108227425.0,0.7605,1257.0,80748481.7925,11922985.2137,-0.070611439842209,0.7318435754189948,0.6900515,True,2024-06-12,0.7463,0.819,0.7192,0.792,0.0612354281120193,True,67320.7,55916.9695,True,128.0,2.0,2024-06-11,2024-06-12,0.0612354281120193,0.0602354281120193,-0.0363124748760552,0.0974139086158381,liquidity,development,1.0
candidate_event,2021-09-01,KSM,394.65,422.22,366.56,388.47,1066778.3,394.75,243.0,414411366.201,104645659.7115,-0.0714122862571247,0.7772259666548431,321.99801499999995,True,2021-09-02,388.48,419.67,380.16,399.9,0.029396622734761,True,48842.94,46085.2072,True,69.0,1.0,2021-09-01,2021-09-02,0.029396622734761,0.028396622734761,-0.0214168039538714,0.0802872734761119,liquidity,development,1.0
candidate_event,2021-09-06,KSM,402.9,407.88,364.57,395.79,395622.1,402.85,248.0,156583270.959,125794795.9695,-0.0950229614000248,0.8155694879832812,326.90147,True,2021-09-07,395.66,398.55,270.0,330.7,-0.1641813678410757,True,52683.97,46105.71445,True,69.0,,,,,,,,,,0.0
candidate_event,2021-09-08,KSM,330.66,355.55,307.27,341.02,710815.0,330.7,250.0,242402131.3,155645408.3285,-0.0708497127305715,1.4404609475032006,328.02652,True,2021-09-09,341.09,393.31,325.4,389.94,0.1432173326687971,True,46062.29,46010.740300000005,True,69.0,,,,,,,,,,0.0
candidate_event,2023-12-18,KSM,29.38,30.06,26.96,29.49,765575.1,29.38,1081.0,22576809.699,17069719.404,-0.0823689584751531,1.0454545454545452,22.554700000000004,True,2023-12-19,29.49,30.14,28.57,28.76,-0.0247541539504916,True,42671.7,30843.7285,True,122.0,,,,,,,,,,0.0
candidate_event,2024-01-08,KSM,37.76,42.88,34.83,41.91,1020270.0,37.76,1102.0,42759515.7,39711013.00750001,-0.0775953389830508,2.4163822525597265,24.68895,True,2024-01-09,41.91,42.21,37.85,39.48,-0.05798138869005,True,46972.7,32606.7745,True,126.0,,,,,,,,,,0.0
candidate_event,2024-01-19,KSM,39.44,40.21,36.4,38.71,667809.4,39.43,1113.0,25850901.874,42789623.594,-0.0768450418463099,0.7623762376237628,25.595,True,2024-01-20,38.71,39.59,38.14,39.44,0.0188581761818651,True,41662.2,33316.779500000004,True,125.0,,,,,,,,,,0.0
candidate_event,2024-01-23,KSM,36.61,37.47,33.6,36.46,538444.2,36.61,1117.0,19631675.532,40432222.748,-0.0822179732313574,0.9501661129568112,25.86165,True,2024-01-24,36.47,36.81,35.36,36.13,-0.0093227310117903,True,39890.0,33523.1895,True,124.0,,,,,,,,,,0.0
candidate_event,2024-02-17,KSM,45.53,45.61,42.22,44.36,399128.8,45.53,1142.0,17705353.568,15876942.928,-0.0726993191302438,0.6465256797583079,27.9397,True,2024-02-18,44.36,45.78,43.79,45.5,0.0256988277727683,True,51679.4,35448.556500000006,True,102.0,2.0,2024-02-17,2024-02-18,0.0256988277727683,0.0246988277727683,-0.0128494138863841,0.0320108205590623,liquidity,development,1.0
candidate_event,2024-02-20,KSM,47.72,48.03,44.0,46.7,616397.6,47.71,1145.0,28785767.92,15876942.928,-0.077761475581639,0.7277628032345019,28.29435,True,2024-02-21,46.71,47.06,43.25,45.83,-0.0188396488974523,True,52297.4,35792.735,True,106.0,,,,,,,,,,0.0
candidate_event,2024-02-21,KSM,46.71,47.06,43.25,45.83,412690.7,46.7,1146.0,18913614.781,16013635.211,-0.0738758029978586,0.7478260869565206,28.41575,True,2024-02-22,45.83,47.65,44.65,45.93,0.0021819768710451,True,51877.8,35906.8355,True,107.0,,,,,,,,,,0.0
candidate_event,2024-03-08,KSM,53.9,55.36,50.1,53.09,719899.8,53.89,1162.0,38219480.38200001,19433604.5525,-0.0703284468361477,0.78891820580475,30.70765,True,2024-03-09,53.1,54.12,52.29,52.72,-0.0071563088512242,True,68180.2,38447.168,True,143.0,,,,,,,,,,0.0
candidate_event,2024-03-11,KSM,52.31,56.09,48.55,55.41,768894.6,52.3,1165.0,42604449.786,20664099.049,-0.0717017208413002,1.8293333333333333,31.21705,True,2024-03-12,55.41,57.67,50.78,57.62,0.0398844973831438,True,72153.8,39101.605500000005,True,147.0,,,,,,,,,,0.0
candidate_event,2024-03-12,KSM,55.41,57.67,50.78,57.62,990416.6,55.41,1166.0,57067804.492,21235908.564000003,-0.0835589243818804,1.4773218142548603,31.4095,True,2024-03-13,57.63,61.15,56.95,60.09,0.0426861009890682,True,71503.2,39328.863000000005,True,149.0,,,,,,,,,,0.0
candidate_event,2024-04-10,KSM,41.39,41.65,38.48,40.61,487246.7,41.39,1195.0,19787088.487,19319276.6725,-0.0703068374003383,0.7319587628865979,35.41925,True,2024-04-11,40.62,41.42,39.57,39.96,-0.0162481536189068,True,70681.7,45441.989,True,154.0,,,,,,,,,,0.0
candidate_event,2024-11-25,KSM,40.81,40.832,37.15,40.198,5855910.8,40.807,1424.0,235395902.3384,11200691.93235,-0.0896169774793541,0.8334700574241178,22.11168,True,2024-11-26,40.19,47.325,34.394,36.191,-0.0995023637720825,True,93064.0,66041.77900000001,True,156.0,,,,,,,,,,0.0
candidate_event,2024-12-02,KSM,41.652,42.824,38.03,41.982,2932924.1,41.638,1431.0,123130019.5662,18137510.3938,-0.0866516163120225,1.0953436807095347,22.51016,True,2024-12-03,41.982,45.8,40.248,45.047,0.0730074793959314,True,95890.5,67201.125,True,182.0,,,,,,,,,,0.0
candidate_event,2024-12-16,KSM,39.189,39.738,36.344,38.112,823319.4,39.189,1445.0,31378348.9728,59042915.32185,-0.0725969021919415,0.6214411247803169,23.197865,True,2024-12-17,38.113,38.47,35.271,35.824,-0.0600582478419436,True,106023.2,69408.12150000001,True,197.0,,,,,,,,,,0.0
candidate_event,2025-01-08,KSM,32.509,32.96,29.363,31.029,664797.7,32.505,1468.0,20628007.8333,27883684.0594,-0.0966620519920012,0.5302355187778481,23.870335,True,2025-01-09,31.027,31.538,29.444,30.132,-0.0288458439423727,True,95014.1,72801.88,True,176.0,,,,,,,,,,0.0
candidate_event,2023-04-26,LDO,2.1446,2.2449,1.9458,2.0606,72020520.0,2.1445,216.0,148405483.512,144950208.1381,-0.0926556306831428,0.5777554101660799,1.8813535,True,2023-04-27,2.0605,2.1847,2.0499,2.1402,0.0386799320553263,True,28395.9,21540.7145,True,98.0,,,,,,,,,,0.0
candidate_event,2023-06-05,LDO,2.2739,2.332,2.0618,2.2085,91700892.0,2.2737,256.0,202521419.982,158296419.9602,-0.0931961120640365,0.6923076923076926,2.006035,True,2023-06-06,2.2084,2.4536,2.1548,2.4062,0.0895671074080781,True,25714.7,23228.5635,True,83.0,1.0,2023-06-05,2023-06-06,0.0895671074080781,0.0885671074080781,-0.0242709654048181,0.1110306103966671,liquidity,development,1.0
candidate_event,2023-11-14,LDO,2.2278,2.4081,2.0336,2.3664,85506470.0,2.2281,418.0,202342510.608,57923584.85960001,-0.0872941070867555,1.7110539845758357,1.840283,True,2023-11-15,2.366,2.5331,2.3083,2.448,0.0346576500422652,True,35559.0,28747.954500000003,True,115.0,,,,,,,,,,0.0
candidate_event,2023-11-17,LDO,2.2538,2.3235,2.0823,2.2139,50320175.0,2.2538,421.0,111403835.4325,61098519.1344,-0.076093708403585,0.7673469387755112,1.8443615,True,2023-11-18,2.2136,2.2926,2.066,2.2488,0.0159016985905313,True,36621.9,28868.9215,True,119.0,,,,,,,,,,0.0
candidate_event,2024-03-03,LDO,3.4448,3.5349,3.1582,3.3218,30762647.0,3.4449,528.0,102187360.8046,76398695.1419,-0.0832244767627508,0.5706313219393097,2.298491,True,2024-03-04,3.3218,3.41,3.161,3.2867,-0.0105665602986332,True,63178.5,37436.2145,True,132.0,,,,,,,,,,0.0
candidate_event,2024-03-12,LDO,3.3774,3.407,3.0978,3.3178,30949895.0,3.3772,537.0,102685561.631,90085007.23685,-0.0827312566623239,0.7874015748031494,2.3750965,True,2024-03-13,3.3178,3.6476,3.3115,3.4348,0.0352643317861234,True,71503.2,39328.863000000005,True,149.0,,,,,,,,,,0.0
candidate_event,2024-04-05,LDO,2.5619,2.6928,2.3604,2.6124,47790717.0,2.5619,561.0,124848469.0908,100954731.1203,-0.0786525625512316,1.2506203473945403,2.5303905,True,2024-04-06,2.6119,2.6388,2.4979,2.5379,-0.028331865691642,True,67825.7,44362.851,True,154.0,,,,,,,,,,0.0
candidate_event,2024-11-26,LDO,1.6515,1.684,1.5157,1.6126,150236712.0,1.6518,796.0,242271721.7712,70499467.54034999,-0.0823949630705895,0.7119764878765619,1.4689505,True,2024-11-27,1.6124,1.8286,1.5801,1.7955,0.1135574299181345,True,92021.4,66197.9955,True,164.0,,,,,,,,,,0.0
candidate_event,2024-12-02,LDO,1.8253,1.8628,1.6501,1.8616,88177611.0,1.8252,802.0,164151440.6376,102478272.7144,-0.0959346920885382,1.2078812107367218,1.472251,True,2024-12-03,1.8616,2.0818,1.8035,2.014,0.0818650623119896,True,95890.5,67201.125,True,182.0,,,,,,,,,,0.0
candidate_event,2024-12-10,LDO,1.8293,1.9086,1.6581,1.8407,74392334.0,1.8293,810.0,136933969.1938,144461513.246,-0.0935877111463401,1.0665887850467295,1.4733165,True,2024-12-11,1.8408,1.9378,1.7555,1.9062,0.0355280312907431,True,96602.4,68395.6005,True,194.0,,,,,,,,,,0.0
candidate_event,2025-01-23,LDO,1.8566,1.8621,1.71,1.8216,74310412.0,1.8567,854.0,135363846.49920002,82952316.02679999,-0.0790111488124091,0.7607361963190191,1.419928,True,2025-01-24,1.8216,2.1161,1.79,2.0025,0.0993083003952568,True,103864.1,75744.53649999999,True,161.0,2.0,2025-01-23,2025-01-24,0.0993083003952568,0.0983083003952568,-0.0173473869126042,0.1616710584101888,liquidity,development,1.0
candidate_event,2025-02-09,LDO,1.5267,1.5987,1.414,1.4996,96301788.0,1.5265,871.0,144414161.2848,166584596.87425,-0.07369800196528,0.7608888888888896,1.427536,True,2025-02-10,1.4995,1.603,1.4531,1.5819,0.0549516505501834,True,96423.6,78943.935,True,153.0,2.0,2025-02-09,2025-02-10,0.0549516505501834,0.0539516505501834,-0.0309436478826274,0.069023007669223,liquidity,development,1.0
candidate_event,2025-02-12,LDO,1.5852,1.8219,1.4589,1.743,128947331.0,1.5851,874.0,224755197.93300003,166584596.87425,-0.0796164279856159,2.2511885895404147,1.4284570000000003,True,2025-02-13,1.7429,1.8439,1.6366,1.6842,-0.0336794996844339,True,97816.3,79390.923,True,148.0,2.0,2025-02-12,2025-02-13,-0.0336794996844339,-0.0346794996844339,-0.0609903035171265,0.0579493946870159,liquidity,development,1.0
candidate_event,2023-04-26,LINK,7.272,7.5,6.691,6.998,37264213.72,7.271,845.0,260774967.61256,182696758.68916,-0.079768945124467,0.5293103448275868,6.941185000000001,True,2023-04-27,6.999,7.229,6.974,7.166,0.0238605515073582,True,28395.9,21540.7145,True,98.0,,,,,,,,,,0.0
candidate_event,2023-10-24,LINK,10.578,11.156,9.616,10.372,129245614.04,10.577,1026.0,1340535508.82288,319175543.612465,-0.0908575210362107,0.7866805411030177,6.816140000000001,True,2023-10-25,10.371,11.794,10.333,11.057,0.0661459839938289,True,33917.0,28086.926,True,81.0,1.0,2023-10-24,2023-10-25,0.0661459839938289,0.0651459839938289,-0.0036640632533024,0.1372095265644586,liquidity,development,1.0
candidate_event,2023-11-14,LINK,14.371,14.923,13.322,13.96,56202922.39,14.37,1047.0,784592796.5644001,803013340.56233,-0.0729297146833681,0.6087786259542001,7.37181,True,2023-11-15,13.959,15.412,13.94,15.034,0.0770112472240132,True,35559.0,28747.954500000003,True,115.0,1.0,2023-11-14,2023-11-15,0.0770112472240132,0.0760112472240132,-0.0013611290207035,0.1040905508990617,liquidity,development,1.0
candidate_event,2023-11-17,LINK,13.87,14.27,12.85,13.704,47170871.01,13.871,1050.0,646429616.32104,805772575.28491,-0.0736068055655685,0.8364348677766898,7.479400000000001,True,2023-11-18,13.704,13.813,12.92,13.751,0.0034296555750144,True,36621.9,28868.9215,True,119.0,1.0,2023-11-17,2023-11-18,0.0034296555750144,0.0024296555750144,-0.057209573847052,0.0079538820782252,liquidity,development,1.0
candidate_event,2023-12-26,LINK,15.601,15.929,14.21,15.108,28482279.36,15.601,1089.0,430310276.57088,440260222.0413301,-0.0891609512210755,0.6455787203450752,9.123085,True,2023-12-27,15.108,16.759,14.657,16.728,0.107227958697379,True,42538.5,31509.655999999995,True,127.0,,,,,,,,,,0.0
candidate_event,2024-01-23,LINK,14.593,14.886,13.554,14.292,29767755.88,14.593,1117.0,425440767.03696,389297346.8402699,-0.0711985198382786,0.7102983638113568,10.397185,True,2024-01-24,14.292,14.437,13.905,14.237,-0.0038483067450321,True,39890.0,33523.1895,True,124.0,,,,,,,,,,0.0
candidate_event,2024-02-20,LINK,19.848,19.904,18.264,19.296,25408262.39,19.848,1145.0,490277831.07744,450545305.6814801,-0.0798065296251511,0.6515151515151517,11.881545,True,2024-02-21,19.297,19.307,18.005,18.598,-0.0362232471368607,True,52297.4,35792.735,True,106.0,,,,,,,,,,0.0
candidate_event,2024-03-12,LINK,21.317,21.38,19.502,20.724,27928776.92,21.316,1166.0,578795972.8900801,406394806.67799,-0.085100394070182,0.6736493936052929,13.234875,True,2024-03-13,20.724,20.994,20.222,20.77,0.002219648716464,True,71503.2,39328.863000000005,True,149.0,,,,,,,,,,0.0
candidate_event,2024-11-24,LINK,17.4,18.359,16.113,17.921,30612066.17,17.4,1423.0,548598837.83257,260991977.64353,-0.0739655172413792,1.4048174048174058,12.956,True,2024-11-25,17.922,19.069,17.154,17.355,-0.031637094074322,True,97960.4,65891.7095,True,149.0,,,,,,,,,,0.0
candidate_event,2024-12-10,LINK,22.243,23.774,20.267,22.115,50365160.17,22.241,1439.0,1113825517.15955,453061334.377205,-0.0887550020232903,0.9361702127659568,13.464334999999998,True,2024-12-11,22.116,24.316,21.14,24.064,0.0880810273105443,True,96602.4,68395.6005,True,194.0,,,,,,,,,,0.0
candidate_event,2025-01-19,LINK,24.098,26.696,22.185,24.339,49918983.74,24.098,1479.0,1214978145.24786,458770849.06225,-0.0793841812598555,1.1259801359121795,14.99467,True,2025-01-20,24.338,26.952,23.391,25.069,0.0300353356890459,True,101311.5,74803.5695,True,160.0,2.0,2025-01-19,2025-01-20,0.0300353356890459,0.0290353356890459,-0.0389103459610487,0.1074040594954393,liquidity,development,1.0
candidate_event,2025-10-14,LINK,19.839,20.058,18.058,19.093,36021049.11,19.838,1747.0,687749890.65723,470799341.37444,-0.0897267869744934,0.5814606741573031,17.460735,True,2025-10-15,19.093,19.244,17.709,18.044,-0.0549416016341066,True,112983.8,107061.60850000002,True,143.0,2.0,2025-10-14,2025-10-15,-0.0549416016341066,-0.0559416016341066,-0.0724872990101084,0.0079086576232125,liquidity,development,1.0
candidate_event,2025-07-22,LISTA,0.2809,0.2855,0.2573,0.2745,35880105.0,0.2808,397.0,9849088.822500002,10061473.36175,-0.0836894586894587,0.7319148936170227,0.2259455,True,2025-07-23,0.2746,0.3074,0.2465,0.2572,-0.0633648943918427,True,119993.7,98013.1785,True,131.0,,,,,,,,,,0.0
candidate_event,2023-11-18,LPT,7.0,7.0,6.488,6.871,2453461.0,7.0,737.0,16857730.531,26785387.8446,-0.073142857142857,0.7480468750000007,5.43545,True,2023-11-19,6.873,7.199,6.716,7.171,0.0433580678015421,True,36580.9,28908.5435,True,119.0,,,,,,,,,,0.0
candidate_event,2024-01-05,LPT,7.381,7.438,6.735,7.112,2681773.2,7.382,785.0,19072770.998400003,24280539.47925,-0.0876456244920075,0.5826893353941269,6.060709999999999,True,2024-01-06,7.111,7.123,6.448,6.962,-0.0209534523976937,True,44145.4,32373.3135,True,128.0,,,,,,,,,,0.0
candidate_event,2024-01-06,LPT,7.111,7.123,6.448,6.962,2130811.7,7.112,786.0,14834711.0554,24280539.47925,-0.093363329583802,0.7740963855421681,6.074765,True,2024-01-07,6.959,7.063,6.33,6.43,-0.0760166690616468,True,43956.7,32451.644,True,127.0,,,,,,,,,,0.0
candidate_event,2024-01-08,LPT,6.429,7.023,5.93,6.958,3021693.3,6.43,788.0,21024941.9814,24280539.47925,-0.077760497667185,2.056000000000001,6.098115,True,2024-01-09,6.958,7.123,6.198,6.604,-0.0508766887036504,True,46972.7,32606.7745,True,126.0,,,,,,,,,,0.0
candidate_event,2024-01-23,LPT,7.032,7.135,6.352,6.753,2112229.7,7.033,803.0,14263887.1641,19765895.985700004,-0.0968292336129674,0.5888399412628484,6.321840000000001,True,2024-01-24,6.752,6.897,6.606,6.791,0.0057760663507109,True,39890.0,33523.1895,True,124.0,,,,,,,,,,0.0
candidate_event,2024-03-08,LPT,16.134,24.521,14.95,23.307,23618310.3,16.128,848.0,550471958.1621,106045908.5976,-0.0730406746031746,7.0942275042444765,7.746999999999999,True,2024-03-09,23.303,26.975,21.627,23.303,0.0,True,68180.2,38447.168,True,143.0,,,,,,,,,,0.0
candidate_event,2024-03-09,LPT,23.303,26.975,21.627,23.303,27251120.2,23.307,849.0,635032854.0206,112679490.2869,-0.0720813489509589,0.997619047619049,7.8345,True,2024-03-10,23.307,23.5,21.05,22.045,-0.0541468228429226,True,68360.1,38658.7465,True,145.0,1.0,2024-03-09,2024-03-10,-0.0541468228429226,-0.0551468228429226,-0.0968378598704251,0.0082807740163899,liquidity,development,1.0
candidate_event,2024-03-12,LPT,20.916,21.56,19.2,20.282,5262308.3,20.914,852.0,106730136.9406,130180146.768,-0.081954671511906,0.6312718786464407,8.051825000000001,True,2024-03-13,20.282,21.095,19.728,20.362,0.0039443841830193,True,71503.2,39328.863000000005,True,149.0,,,,,,,,,,0.0
candidate_event,2024-03-22,LPT,18.966,19.926,17.622,18.305,3012366.1,18.965,862.0,55141361.4605,117610307.9972,-0.0708146585815976,0.5085629188384213,8.723790000000001,True,2024-03-23,18.305,19.716,18.145,18.838,0.0291177273968861,True,63826.0,41390.1935,True,154.0,2.0,2024-03-22,2024-03-23,0.0291177273968861,0.0281177273968861,-0.0087407812073203,0.0770827642720568,liquidity,development,1.0
candidate_event,2024-04-01,LPT,18.76,19.025,17.215,18.018,1767039.3,18.761,872.0,31838514.107400004,75489128.16605,-0.0824049890730771,0.5194049159120318,9.36799,True,2024-04-02,18.019,18.052,16.21,16.566,-0.0806371052777623,True,69700.0,43555.8975,True,156.0,,,,,,,,,,0.0
candidate_event,2024-04-05,LPT,16.784,16.789,15.5,16.261,1265493.6,16.779,876.0,20578191.4296,55157630.0965,-0.076226235174921,0.5949960906958556,9.57897,True,2024-04-06,16.261,17.389,16.18,17.138,0.0539327224647931,True,67825.7,44362.851,True,154.0,,,,,,,,,,0.0
candidate_event,2024-04-10,LPT,16.154,16.264,14.85,15.665,1532938.6,16.158,881.0,24013483.169,44498304.61945,-0.0809506126995915,0.6230886850152894,9.854525,True,2024-04-11,15.665,16.182,15.288,15.425,-0.0153207788062559,True,70681.7,45441.989,True,154.0,,,,,,,,,,0.0
candidate_event,2024-04-17,LPT,12.035,12.231,10.952,11.648,2657156.5,12.038,888.0,30950558.912,39086886.2463,-0.0902143213158331,0.6408839779005521,10.09384,True,2024-04-18,11.648,14.193,11.249,13.343,0.145518543956044,True,61254.5,46788.06399999999,True,155.0,,,,,,,,,,0.0
candidate_event,2024-05-13,LPT,17.924,18.141,16.637,17.84,6266892.8,17.92,914.0,111801367.552,41482387.8975,-0.0715959821428572,0.937646141855026,11.248995,True,2024-05-14,17.835,18.183,15.962,17.296,-0.0302214746285395,True,62912.1,51223.668,True,138.0,1.0,2024-05-13,2024-05-14,-0.0302214746285395,-0.0312214746285395,-0.1050182225960191,0.0195121951219512,liquidity,development,1.0
candidate_event,2024-05-23,LPT,23.571,24.36,21.287,22.909,4847123.4,23.572,924.0,111042749.9706,69259785.5139,-0.0969370439504496,0.7098468271334791,11.938375,True,2024-05-24,22.907,23.196,21.728,22.469,-0.0191207927707687,True,67999.9,52849.096,True,129.0,,,,,,,,,,0.0
candidate_event,2024-06-14,LPT,23.798,24.822,22.004,23.574,5477227.0,23.796,946.0,129120149.298,65949393.945,-0.0753067742477726,0.8761160714285725,13.65376,True,2024-06-15,23.576,23.942,21.62,21.951,-0.0689260264675941,True,66039.7,56360.26,True,128.0,,,,,,,,,,0.0
candidate_event,2024-07-16,LPT,15.297,15.809,13.96,15.346,1981839.2,15.293,978.0,30413304.3632,23137408.4642,-0.0871640619891452,1.0397599399849968,15.026435,True,2024-07-17,15.346,17.35,15.337,16.646,0.0847126286980322,True,65010.0,59442.562000000005,True,107.0,1.0,2024-07-16,2024-07-17,0.0847126286980322,0.0837126286980322,-0.0005864720448325,0.1305877753160433,liquidity,development,1.0
candidate_event,2024-07-21,LPT,17.09,17.514,15.798,17.123,1571897.3,17.089,983.0,26915597.467900004,22097871.9285,-0.0755456726549241,1.0263361735089098,15.24452,True,2024-07-22,17.119,17.333,15.731,15.87,-0.0729598691512355,True,68138.0,60009.209,True,106.0,1.0,2024-07-21,2024-07-22,-0.0729598691512355,-0.0739598691512355,-0.0810795023073778,0.0125007301828377,liquidity,development,1.0
candidate_event,2024-12-02,LPT,15.583,16.238,14.339,16.122,2796561.8,15.579,1117.0,45086169.3396,16779322.689999998,-0.0795943256948455,1.437903225806451,14.451455,True,2024-12-03,16.12,16.957,14.593,16.883,0.0473325062034737,True,95890.5,67201.125,True,182.0,,,,,,,,,,0.0
candidate_event,2024-12-03,LPT,16.12,16.957,14.593,16.883,3164472.3,16.122,1118.0,53425785.8409,17487648.2029,-0.094839349956581,1.4977109221713534,14.438745,True,2024-12-04,16.883,18.596,16.245,17.476,0.0351240893206183,True,95913.3,67345.7915,True,183.0,,,,,,,,,,0.0
candidate_event,2023-11-02,LQTY,1.66,1.7728,1.524,1.601,29750723.9,1.66,237.0,47630908.9639,126784892.175955,-0.0819277108433734,0.5661764705882354,1.162013,True,2023-11-03,1.6011,1.7784,1.535,1.7392,0.0862532009243646,True,34940.1,28303.738,True,90.0,1.0,2023-11-02,2023-11-03,0.0862532009243646,0.0852532009243646,-0.041284117169446,0.1107363687464868,liquidity,development,1.0
candidate_event,2023-11-07,LQTY,1.4976,1.4978,1.3853,1.4471,47146670.6,1.4976,242.0,68225947.02526,118968305.846915,-0.0749866452991453,0.5503116651825471,1.1490445,True,2023-11-08,1.4472,1.4708,1.4237,1.4515,0.0029712548369265,True,35406.5,28459.719,True,98.0,,,,,,,,,,0.0
candidate_event,2023-11-18,LQTY,1.453,1.4547,1.3327,1.4338,9821684.8,1.453,253.0,14082331.66624,46567684.00494,-0.0827942188575361,0.8403990024937648,1.130371,True,2023-11-19,1.4342,1.455,1.3959,1.4524,0.0126900013945057,True,36580.9,28908.5435,True,119.0,,,,,,,,,,0.0
candidate_event,2023-12-18,LQTY,1.3397,1.3511,1.2385,1.34,14395031.8,1.34,283.0,19289342.612000003,17778759.263010003,-0.0757462686567165,1.0,1.1486955,True,2023-12-19,1.3399,1.3709,1.2868,1.3123,-0.0205985521307561,True,42671.7,30843.7285,True,122.0,,,,,,,,,,0.0
candidate_event,2023-12-26,LQTY,1.4767,1.5283,1.37,1.5235,20337077.8,1.4762,291.0,30983538.0283,17390021.34344,-0.071941471345346,1.4453860640301337,1.1604675,True,2023-12-27,1.5238,1.585,1.5051,1.5613,0.0246095288095549,True,42538.5,31509.655999999995,True,127.0,,,,,,,,,,0.0
candidate_event,2023-12-28,LQTY,1.5614,1.6061,1.452,1.5084,20938891.5,1.5613,293.0,31584223.9386,18904419.298,-0.0700057644270799,0.5160109789569993,1.1674225,True,2023-12-29,1.5085,1.5538,1.4368,1.5346,0.0173019555850182,True,42600.1,31681.243,True,127.0,,,,,,,,,,0.0
candidate_event,2024-01-08,LQTY,1.2571,1.3411,1.149,1.3403,13382849.3,1.257,304.0,17937032.91679,16822851.245625,-0.0859188544152743,1.7712962962962986,1.1960214999999998,True,2024-01-09,1.3403,1.3417,1.2105,1.3124,-0.0208162351712303,True,46972.7,32606.7745,True,126.0,,,,,,,,,,0.0
candidate_event,2024-01-09,LQTY,1.3403,1.3417,1.2105,1.3124,10670074.2,1.3403,305.0,14003405.38008,16822851.245625,-0.0968439901514587,0.7850539291217257,1.197847,True,2024-01-10,1.3125,1.4225,1.2492,1.3861,0.0560761904761906,True,46114.0,32683.9775,True,125.0,,,,,,,,,,0.0
candidate_event,2024-03-12,LQTY,1.7931,1.809,1.65,1.8018,10323448.4,1.7928,368.0,18600789.32712,14012035.283120004,-0.0796519410977242,1.0630252100840345,1.3412875,True,2024-03-13,1.8019,1.9248,1.7903,1.8618,0.033242688273489,True,71503.2,39328.863000000005,True,149.0,,,,,,,,,,0.0
candidate_event,2024-04-02,LQTY,1.7636,1.8873,1.5998,1.7727,83673805.5,1.7636,389.0,148328555.00985,18913567.40636,-0.0928782036743025,1.055555555555555,1.420129,True,2024-04-03,1.7729,1.8388,1.4674,1.5132,-0.1464831631789722,True,65505.3,43750.4685,True,156.0,,,,,,,,,,0.0
candidate_event,2025-01-08,LQTY,1.6698,1.6946,1.5073,1.5935,5280672.4,1.6696,670.0,8414751.4694,19172447.605195,-0.0972089123143267,0.5311152187307449,1.0910875,True,2025-01-09,1.5934,1.6192,1.4911,1.5203,-0.0458767415589305,True,95014.1,72801.88,True,176.0,,,,,,,,,,0.0
candidate_event,2025-01-27,LQTY,1.5381,1.56,1.4238,1.526,9505679.5,1.5379,689.0,14505666.917,13989937.48899,-0.0741920801092399,0.8957055214723926,1.1810345,True,2025-01-28,1.5266,1.5422,1.355,1.385,-0.0927551421459451,True,102021.3,76666.3335,True,153.0,,,,,,,,,,0.0
candidate_event,2025-07-24,LQTY,1.2164,1.2303,1.1011,1.1765,14198296.4,1.2163,867.0,16704295.714600002,23869116.190235,-0.0947134752939241,0.6545138888888902,1.015573,True,2025-07-25,1.1767,1.2425,1.1366,1.178,0.0011047845670093,True,118294.3,98215.6505,True,135.0,,,,,,,,,,0.0
candidate_event,2023-04-26,LTC,90.98,93.9,84.0,88.07,6608338.558,90.98,845.0,581996376.8030599,417296907.231255,-0.0767201582765443,0.5830945558739242,78.83965,True,2023-04-27,88.07,90.68,87.0,89.7,0.018508004996026,True,28395.9,21540.7145,True,98.0,2.0,2023-04-26,2023-04-27,0.018508004996026,0.017508004996026,-0.0121494265924831,0.0296355172022255,liquidity,development,1.0
candidate_event,2024-03-14,LTC,97.31,98.4,89.6,94.18,5670224.915,97.31,1168.0,534021782.4947,319529245.26483,-0.0792313225773302,0.5940337224383927,70.18924999999999,True,2024-03-15,94.19,95.5,83.34,89.84,-0.0461832466291537,True,71455.5,39791.3185,True,151.0,,,,,,,,,,0.0
candidate_event,2024-05-23,LTC,85.84,88.05,79.7,85.48,3422084.571,85.85,1238.0,292519789.12908,166418174.05743998,-0.071636575422248,0.9398373983739852,78.01215,True,2024-05-24,85.48,86.52,84.04,85.05,-0.0050304164716893,True,67999.9,52849.096,True,129.0,,,,,,,,,,0.0
candidate_event,2024-11-24,LTC,99.6,103.26,91.52,97.0,5387588.237,99.59,1423.0,522596058.989,162146814.772,-0.0810322321518225,0.6790582403965302,71.8939,True,2024-11-25,97.0,99.34,91.03,92.36,-0.0478350515463917,True,97960.4,65891.7095,True,149.0,,,,,,,,,,0.0
candidate_event,2024-12-03,LTC,132.99,135.35,121.31,131.03,8278079.245,133.0,1432.0,1084676723.47235,326577486.16682,-0.0878947368421052,0.8314798973481609,73.0706,True,2024-12-04,131.05,135.82,121.95,133.84,0.0212895841281952,True,95913.3,67345.7915,True,183.0,,,,,,,,,,0.0
candidate_event,2024-12-10,LTC,110.45,114.86,101.25,109.79,7276381.894,110.45,1439.0,798873968.1422601,453051641.7763701,-0.0832956088727931,0.9282608695652178,74.5477,True,2024-12-11,109.79,118.59,105.98,117.27,0.0681300664905728,True,96602.4,68395.6005,True,194.0,,,,,,,,,,0.0
candidate_event,2025-01-13,LTC,102.3,104.45,92.12,98.33,3780669.122,102.3,1473.0,371753194.76626,253926205.07624,-0.0995112414467253,0.6100196463654223,79.41895000000001,True,2025-01-14,98.32,102.54,97.51,102.4,0.0414971521562246,True,94485.3,73616.58350000001,True,164.0,,,,,,,,,,0.0
candidate_event,2025-01-27,LTC,117.04,117.82,105.96,115.0,5707890.101,117.05,1487.0,656407361.615,273836992.54994,-0.0947458351131995,0.8151487826871058,82.92405000000001,True,2025-01-28,115.01,116.87,109.08,109.86,-0.044778714894357,True,102021.3,76666.3335,True,153.0,,,,,,,,,,0.0
candidate_event,2025-02-25,LTC,114.68,117.16,106.0,114.51,7696805.602,114.69,1516.0,881361209.48502,631920499.86374,-0.075769465515738,0.9792865362485624,90.2065,True,2025-02-26,114.52,128.92,113.85,124.6,0.0880195599022004,True,88639.1,81610.4035,True,130.0,2.0,2025-02-25,2025-02-26,0.0880195599022004,0.0870195599022004,-0.0058505064617534,0.1257422284317149,liquidity,development,1.0
candidate_event,2023-12-18,MAGIC,0.8402,0.8484,0.7714,0.8361,34592183.4,0.8403,327.0,28922524.54074,41184840.225775,-0.0819945257646079,0.9390420899854848,0.6790325,True,2023-12-19,0.8362,0.8608,0.8038,0.8216,-0.0174599378139201,True,42671.7,30843.7285,True,122.0,,,,,,,,,,0.0
candidate_event,2023-12-23,MAGIC,1.1096,1.112,1.023,1.0799,85255374.4,1.1095,332.0,92067278.81456,35259507.25669,-0.0779630464173051,0.6578034682080943,0.678204,True,2023-12-24,1.08,1.2052,1.0387,1.0784,-0.0014814814814815,True,43725.2,31260.2615,True,125.0,,,,,,,,,,0.0
candidate_event,2023-12-26,MAGIC,1.0961,1.1899,1.0063,1.1671,68674045.8,1.0961,335.0,80149478.85317999,39348142.28633,-0.081926831493477,1.790645879732738,0.682063,True,2023-12-27,1.1674,1.3176,1.1093,1.2358,0.0585917423333903,True,42538.5,31509.655999999995,True,127.0,,,,,,,,,,0.0
candidate_event,2024-01-08,MAGIC,0.9445,1.0261,0.867,1.0161,44194700.4,0.9444,348.0,44906235.07644,36894793.60851,-0.0819567979669632,1.9263565891472865,0.7070205,True,2024-01-09,1.0161,1.0266,0.8952,0.9771,-0.0383820490109241,True,46972.7,32606.7745,True,126.0,,,,,,,,,,0.0
candidate_event,2024-01-12,MAGIC,1.1831,1.25,1.0926,1.1568,56065964.4,1.1831,352.0,64857107.61792,37514549.68953,-0.0764939565548136,0.7093922651933704,0.7125285000000001,True,2024-01-13,1.1569,1.1673,1.0957,1.1162,-0.0351802230097674,True,42788.9,32906.71400000001,True,126.0,,,,,,,,,,0.0
candidate_event,2024-01-23,MAGIC,0.9943,1.0098,0.9035,0.9638,29793911.5,0.9941,363.0,28715371.9037,41125205.60566001,-0.0911377125037722,0.6655629139072848,0.7269245000000001,True,2024-01-24,0.9639,0.9889,0.9454,0.9795,0.0161842514783692,True,39890.0,33523.1895,True,124.0,,,,,,,,,,0.0
candidate_event,2024-02-21,MAGIC,1.369,1.3695,1.2504,1.3105,22009462.5,1.369,392.0,28843400.60625,35302453.125980005,-0.0866325785244704,0.506745362563238,0.7964625,True,2024-02-22,1.3104,1.3447,1.2645,1.293,-0.0132783882783883,True,51877.8,35906.8355,True,107.0,,,,,,,,,,0.0
candidate_event,2024-03-08,MAGIC,1.3107,1.3392,1.1889,1.2891,29004814.5,1.3108,408.0,37390106.37195,33684130.72896,-0.0929966432712846,0.8219852337981947,0.8426359999999999,True,2024-03-09,1.2892,1.4421,1.2796,1.3732,0.065156686317096,True,68180.2,38447.168,True,143.0,,,,,,,,,,0.0
candidate_event,2024-03-11,MAGIC,1.4436,1.4679,1.331,1.4272,37688542.9,1.4436,411.0,53789088.42688,35549335.84547,-0.0779994458298698,0.8543516873889879,0.854969,True,2024-03-12,1.4274,1.4424,1.277,1.3905,-0.0258511979823454,True,72153.8,39101.605500000005,True,147.0,,,,,,,,,,0.0
candidate_event,2024-11-26,MAGIC,0.5226,0.5432,0.4748,0.5072,41709545.1,0.5226,671.0,21155081.27472,12010175.28091,-0.091465748182166,0.6778242677824271,0.480403,True,2024-11-27,0.5073,0.5476,0.4969,0.5434,0.0711610486891385,True,92021.4,66197.9955,True,164.0,,,,,,,,,,0.0
candidate_event,2024-12-02,MAGIC,0.5721,0.5951,0.5241,0.5933,37617531.4,0.5721,677.0,22318481.37962,14035965.858675,-0.0839014158363923,1.4416666666666662,0.476979,True,2024-12-03,0.5933,0.6332,0.5501,0.627,0.0568009438732513,True,95890.5,67201.125,True,182.0,,,,,,,,,,0.0
candidate_event,2024-12-03,MAGIC,0.5933,0.6332,0.5501,0.627,44482043.3,0.5933,678.0,27890241.1491,14817496.073335,-0.0728130793864824,1.7800925925925912,0.47654,True,2024-12-04,0.6271,0.6829,0.6146,0.6407,0.0216871312390369,True,95913.3,67345.7915,True,183.0,,,,,,,,,,0.0
candidate_event,2024-12-10,MAGIC,0.5631,0.6101,0.5101,0.5584,52631553.6,0.5632,685.0,29389459.530240003,19814454.017235,-0.0942826704545455,0.9096045197740108,0.472707,True,2024-12-11,0.5586,0.7,0.537,0.6689,0.1974579305406374,True,96602.4,68395.6005,True,194.0,,,,,,,,,,0.0
candidate_event,2021-10-30,MANA,1.3957,5.609,1.2869,3.5876,4789407085.0,1.3961,229.0,17182476858.146,38126715.532900006,-0.0782178927010959,21.068681318681325,0.869064,True,2021-10-31,3.5919,4.2,2.5627,2.8859,-0.1965533561624767,True,61895.19,45281.80435,True,70.0,,,,,,,,,,0.0
candidate_event,2021-11-01,MANA,2.8863,3.5444,2.61,3.0338,1372242128.0,2.8859,231.0,4163108167.9264,41685011.12845,-0.0956027582383312,1.5360637912287056,0.8869845,True,2021-11-02,3.0341,3.4848,2.92,3.0955,0.0202366434857124,True,60942.87,45262.003500000006,True,70.0,,,,,,,,,,0.0
candidate_event,2021-11-25,MANA,5.1655,5.917,4.6683,5.1963,827304460.0,5.1656,255.0,4298922165.498,1692085117.725,-0.0962714883072634,1.061733360144781,1.1272485,True,2021-11-26,5.1963,5.4587,4.3,4.668,-0.1016684948905951,True,58988.21,45989.27885,True,73.0,1.0,2021-11-25,2021-11-26,-0.1016684948905951,-0.1026684948905951,-0.1724881165444644,0.0504974693531936,liquidity,development,1.0
candidate_event,2021-11-28,MANA,4.6957,5.1521,4.2823,5.1455,411563338.0,4.6952,258.0,2117699155.679,2094791825.3665,-0.0879408757880387,2.090578832647132,1.179923,True,2021-11-29,5.1456,5.2338,4.81,4.8827,-0.0510921952736318,True,57315.73,46007.4503,True,73.0,1.0,2021-11-28,2021-11-29,-0.0510921952736318,-0.0520921952736318,-0.0652207711442787,0.0171408582089551,liquidity,development,1.0
candidate_event,2021-12-02,MANA,4.5531,4.5571,4.2005,4.4136,182430314.0,4.5532,262.0,805174433.8704,1603946240.3393998,-0.0774620047439165,0.6041962007371692,1.2477835,True,2021-12-03,4.4136,4.4455,3.6333,3.9027,-0.1157558455682435,True,56513.57,46186.06020000001,True,73.0,2.0,2021-12-02,2021-12-03,-0.1157558455682435,-0.1167558455682435,-0.1767944535073409,0.0072276599601233,liquidity,development,1.0
candidate_event,2021-12-08,MANA,3.8114,3.8404,3.5443,3.7673,175944869.0,3.8117,268.0,662837104.9837,1416805147.91585,-0.0701524254269749,0.8339566192969337,1.3356390000000002,True,2021-12-09,3.7684,3.8937,3.4127,3.4522,-0.0839082899904469,True,50455.61,46512.5604,True,73.0,1.0,2021-12-08,2021-12-09,-0.0839082899904469,-0.0849082899904469,-0.0943901921239783,0.0332501857552276,liquidity,development,1.0
candidate_event,2021-12-15,MANA,3.1645,3.4086,2.9256,3.3372,209787163.0,3.1647,275.0,700101720.3636,1279459803.1912498,-0.075552185041236,1.72145545796738,1.4247340000000002,True,2021-12-16,3.3373,3.4237,3.1212,3.1475,-0.056872321936895,True,48870.48,46903.54095,True,74.0,2.0,2021-12-15,2021-12-16,-0.056872321936895,-0.057872321936895,-0.064752943996644,0.0258891918616845,liquidity,development,1.0
candidate_event,2023-01-15,MANA,0.5948,0.7331,0.5523,0.6988,1786368631.0,0.5948,671.0,1248314399.3428,52550443.109,-0.0714525891055817,3.4470588235294124,0.6592444999999999,True,2023-01-16,0.699,0.738,0.66,0.6996,0.0008583690987125,True,20882.7,19512.4015,True,70.0,1.0,2023-01-15,2023-01-16,0.0008583690987125,-0.0001416309012874,-0.0557939914163089,0.055793991416309,liquidity,development,1.0
candidate_event,2023-02-13,MANA,0.6602,0.6641,0.6131,0.6437,274906001.0,0.6602,700.0,176956992.84370002,312197756.30779994,-0.0713420175704332,0.6496815286624215,0.634308,True,2023-02-14,0.6438,0.6849,0.621,0.6759,0.0498602050326186,True,21766.2,19701.624,True,97.0,,,,,,,,,,0.0
candidate_event,2023-02-25,MANA,0.6682,0.6704,0.6175,0.6484,141785245.0,0.6682,712.0,91933552.858,183397760.88205,-0.0758754863813229,0.6094674556213008,0.615497,True,2023-02-26,0.6484,0.6687,0.6418,0.6632,0.0228254164096237,True,23146.2,19744.4145,True,98.0,,,,,,,,,,0.0
candidate_event,2023-11-18,MANA,0.4273,0.4273,0.3951,0.4177,90687843.0,0.4272,978.0,37880312.0211,57462180.6571,-0.0751404494382023,0.70404984423676,0.371974,True,2023-11-19,0.4177,0.4351,0.4072,0.4301,0.0296863777830977,True,36580.9,28908.5435,True,119.0,,,,,,,,,,0.0
candidate_event,2023-12-04,MANA,0.4507,0.4715,0.4179,0.4531,202272902.0,0.4507,994.0,91649851.8962,47640022.43525,-0.0727756822720212,1.0731707317073176,0.367469,True,2023-12-05,0.453,0.4803,0.4501,0.4705,0.0386313465783663,True,41993.1,29736.681,True,117.0,,,,,,,,,,0.0
candidate_event,2023-12-13,MANA,0.4955,0.5049,0.4599,0.5031,153579791.0,0.4954,1003.0,77265992.8521,59985870.0871,-0.07165926524021,1.2169014084507035,0.3686999999999999,True,2023-12-14,0.5032,0.5174,0.4813,0.5141,0.0216613672496026,True,42875.0,30474.2695,True,119.0,,,,,,,,,,0.0
candidate_event,2023-12-18,MANA,0.4822,0.4859,0.4444,0.4759,105055456.0,0.4823,1008.0,49995891.5104,52306731.46335,-0.0785817955629276,0.831134564643799,0.3691025,True,2023-12-19,0.4758,0.4886,0.4686,0.4756,-0.0004203446826397,True,42671.7,30843.7285,True,122.0,,,,,,,,,,0.0
candidate_event,2023-12-26,MANA,0.5612,0.6069,0.5111,0.5597,285793247.0,0.5611,1016.0,159958480.3459,55763416.46345,-0.08911067545892,0.9719999999999986,0.371962,True,2023-12-27,0.5598,0.5642,0.5309,0.5558,-0.0071454090746695,True,42538.5,31509.655999999995,True,127.0,,,,,,,,,,0.0
candidate_event,2024-01-05,MANA,0.475,0.48,0.4376,0.4615,107349342.0,0.475,1026.0,49541721.333,54529653.67909999,-0.0787368421052631,0.6390374331550813,0.3805894999999999,True,2024-01-06,0.4615,0.4617,0.4265,0.4531,-0.0182015167930661,True,44145.4,32373.3135,True,128.0,,,,,,,,,,0.0
candidate_event,2024-01-06,MANA,0.4615,0.4617,0.4265,0.4531,74793733.0,0.4615,1027.0,33889040.4223,53729403.7594,-0.075839653304442,0.7599999999999997,0.3811005,True,2024-01-07,0.4531,0.4639,0.4209,0.4264,-0.0589273890973295,True,43956.7,32451.644,True,127.0,,,,,,,,,,0.0
candidate_event,2024-01-08,MANA,0.4264,0.4542,0.3939,0.4528,129179823.0,0.4264,1029.0,58492623.8544,49768806.4217,-0.076219512195122,1.8123076923076908,0.3817975,True,2024-01-09,0.4528,0.4544,0.4155,0.4338,-0.0419611307420494,True,46972.7,32606.7745,True,126.0,,,,,,,,,,0.0
candidate_event,2024-01-23,MANA,0.4427,0.4488,0.4059,0.4254,114842573.0,0.4427,1044.0,48854030.5542,44152221.270150006,-0.0831262706121527,0.5298913043478266,0.386981,True,2024-01-24,0.4255,0.4457,0.4207,0.4393,0.0324324324324325,True,39890.0,33523.1895,True,124.0,,,,,,,,,,0.0
candidate_event,2024-02-20,MANA,0.5161,0.5192,0.4786,0.4992,130006341.0,0.5161,1072.0,64899165.4272,29631678.05465,-0.0726603371439643,0.5493333333333323,0.396452,True,2024-02-21,0.4993,0.5011,0.4617,0.4805,-0.0376527137993191,True,52297.4,35792.735,True,106.0,,,,,,,,,,0.0
candidate_event,2024-02-21,MANA,0.4993,0.5011,0.4617,0.4805,97639003.0,0.4992,1073.0,46915540.9415,29631678.05465,-0.0751201923076922,0.5013333333333332,0.3970075,True,2024-02-22,0.4805,0.4981,0.4693,0.4885,0.0166493236212279,True,51877.8,35906.8355,True,107.0,,,,,,,,,,0.0
candidate_event,2024-02-28,MANA,0.5662,0.6104,0.5182,0.5718,275072408.0,0.5661,1080.0,157286402.8944,35942494.9935,-0.0846140257904964,1.118997912317326,0.402406,True,2024-02-29,0.5718,0.6714,0.5623,0.656,0.1472542847149354,True,62487.9,36775.033,True,124.0,,,,,,,,,,0.0
candidate_event,2024-03-08,MANA,0.6943,0.7084,0.6261,0.7047,128786317.0,0.6944,1089.0,90755717.5899,51282023.0226,-0.0983582949308756,1.1508052708638357,0.4177769999999999,True,2024-03-09,0.7047,0.783,0.6935,0.756,0.0727969348659003,True,68180.2,38447.168,True,143.0,,,,,,,,,,0.0
candidate_event,2024-03-12,MANA,0.7804,0.8046,0.7061,0.7687,154918713.0,0.7805,1093.0,119086014.6831,77827441.50855,-0.0953235105701473,0.8413978494623667,0.4270245,True,2024-03-13,0.7688,0.7821,0.7402,0.7613,-0.0097554630593132,True,71503.2,39328.863000000005,True,149.0,,,,,,,,,,0.0
candidate_event,2024-03-14,MANA,0.7612,0.7739,0.6964,0.7453,132638324.0,0.7613,1095.0,98855342.8772,97575363.47385,-0.0852489163273347,0.7534668721109395,0.431565,True,2024-03-15,0.7453,0.7535,0.6328,0.6907,-0.0732590902992084,True,71455.5,39791.3185,True,151.0,,,,,,,,,,0.0
candidate_event,2024-12-02,MANA,0.652,0.6843,0.5944,0.673,237506947.0,0.652,1358.0,159842175.331,51065989.85565,-0.0883435582822085,1.3645833333333337,0.344386,True,2024-12-03,0.6728,0.7728,0.6277,0.7,0.0404280618311534,True,95890.5,67201.125,True,182.0,,,,,,,,,,0.0
candidate_event,2025-01-13,MANA,0.4801,0.497,0.4392,0.475,112639540.0,0.4802,1400.0,53503781.5,43495078.1804,-0.0853810912119951,0.8731707317073163,0.37642,True,2025-01-14,0.475,0.4992,0.4722,0.4971,0.0465263157894737,True,94485.3,73616.58350000001,True,164.0,,,,,,,,,,0.0
candidate_event,2025-01-27,MANA,0.4548,0.4568,0.4122,0.4494,95780129.0,0.4548,1414.0,43043589.972600006,36662453.96255,-0.0936675461741424,0.8732394366197191,0.3885775,True,2025-01-28,0.4493,0.4538,0.4126,0.4159,-0.0743378588916091,True,102021.3,76666.3335,True,153.0,,,,,,,,,,0.0
candidate_event,2024-11-24,MANTA,1.0344,1.1639,0.9366,1.1351,122732808.3,1.0343,311.0,139314010.70133,20160731.98667,-0.0944600212704244,2.0317297850562945,0.9623325,True,2024-11-25,1.1352,1.1357,1.0229,1.0616,-0.0648343904157856,True,97960.4,65891.7095,True,149.0,,,,,,,,,,0.0
candidate_event,2024-12-02,MANTA,1.1966,1.2718,1.0954,1.2565,44267457.9,1.1965,319.0,55622060.85135,30060777.44424,-0.0844964479732552,1.5934718100890215,0.943551,True,2024-12-03,1.2565,1.2968,1.1321,1.2746,0.0144050935137285,True,95890.5,67201.125,True,182.0,,,,,,,,,,0.0
candidate_event,2024-12-03,MANTA,1.2565,1.2968,1.1321,1.2746,41274234.4,1.2565,320.0,52608139.16624,32539089.480885,-0.0990051730998805,1.1454983922829585,0.942022,True,2024-12-04,1.2747,1.3461,1.244,1.2823,0.0059621871812975,True,95913.3,67345.7915,True,183.0,,,,,,,,,,0.0
candidate_event,2024-12-05,MANTA,1.2826,1.2902,1.1597,1.234,39514385.1,1.2823,322.0,48760751.2134,33626610.68704,-0.0956094517663573,0.6060358890701468,0.939519,True,2024-12-06,1.234,1.3497,1.2199,1.3135,0.0644246353322528,True,97001.5,67658.52649999999,True,190.0,,,,,,,,,,0.0
candidate_event,2024-12-16,MANTA,1.1305,1.1659,1.0469,1.0943,26724931.7,1.1305,333.0,29245092.75931,38224720.5824,-0.0739495798319328,0.5669856459330148,0.907404,True,2024-12-17,1.0943,1.1023,0.9876,1.0021,-0.0842547747418441,True,106023.2,69408.12150000001,True,197.0,,,,,,,,,,0.0
candidate_event,2023-01-30,MASK,3.139,3.59,2.854,3.434,115054696.0,3.139,521.0,395097826.064,133853690.032,-0.0907932462567695,2.035087719298248,2.103605,True,2023-01-31,3.432,4.5,3.327,4.338,0.2639860139860139,True,22819.9,19672.6925,True,93.0,2.0,2023-01-30,2023-01-31,0.2639860139860139,0.2629860139860139,-0.0305944055944056,0.3111888111888112,liquidity,development,1.0
candidate_event,2023-02-22,MASK,3.949,3.981,3.65,3.845,41861779.0,3.949,544.0,160958540.255,180861214.979,-0.0757153709799949,0.6521739130434794,2.398455,True,2023-02-23,3.846,3.961,3.759,3.907,0.0158606344253771,True,24171.3,19743.7235,True,99.0,,,,,,,,,,0.0
candidate_event,2023-02-25,MASK,3.669,3.677,3.396,3.599,19405196.0,3.669,547.0,69839300.404,180861214.979,-0.0744071954210957,0.7435897435897443,2.427565,True,2023-02-26,3.6,3.878,3.567,3.836,0.0655555555555555,True,23146.2,19744.4145,True,98.0,,,,,,,,,,0.0
candidate_event,2023-03-11,MASK,2.843,3.022,2.633,2.809,95093033.0,2.842,561.0,267116329.69700003,150105402.5015,-0.0735397607318789,0.8421052631578951,2.55867,True,2023-03-12,2.808,3.092,2.678,3.081,0.0972222222222223,True,20447.3,19693.2475,True,95.0,1.0,2023-03-11,2023-03-12,0.0972222222222223,0.0962222222222223,-0.0462962962962962,0.1011396011396013,liquidity,development,1.0
candidate_event,2023-03-15,MASK,3.481,4.25,3.213,3.798,261215043.0,3.482,565.0,992094733.314,160641520.2945,-0.0772544514646754,2.174721189591077,2.59962,True,2023-03-16,3.797,4.14,3.691,3.925,0.0337108243350012,True,24288.0,19752.8495,True,95.0,1.0,2023-03-15,2023-03-16,0.0337108243350012,0.0327108243350012,-0.027916776402423,0.0903344745851986,liquidity,development,1.0
candidate_event,2023-04-12,MASK,5.562,5.592,5.161,5.447,52979817.0,5.561,593.0,288581063.199,768154821.2279999,-0.0719295090811006,0.7150000000000005,3.216405,True,2023-04-13,5.447,5.761,5.363,5.576,0.0236827611529282,True,29875.0,20879.803,True,96.0,1.0,2023-04-12,2023-04-13,0.0236827611529282,0.0226827611529282,-0.0154213328437671,0.0576464108683678,liquidity,development,1.0
candidate_event,2023-11-07,MASK,3.535,3.562,3.246,3.394,35216177.0,3.534,802.0,119523704.738,49480023.9745,-0.0814940577249575,0.5138888888888897,3.389365,True,2023-11-08,3.395,3.486,3.339,3.453,0.0170839469808541,True,35406.5,28459.719,True,98.0,,,,,,,,,,0.0
candidate_event,2023-12-18,MASK,3.389,3.427,3.145,3.354,20581801.0,3.39,843.0,69031360.554,63177843.4655,-0.0722713864306785,0.8530612244897958,3.228335,True,2023-12-19,3.354,3.43,3.294,3.355,0.0002981514609421,True,42671.7,30843.7285,True,122.0,,,,,,,,,,0.0
candidate_event,2024-01-06,MASK,3.408,4.826,3.09,4.795,246065155.0,3.408,862.0,1179882418.225,72979709.711,-0.0933098591549296,5.361635220125786,3.20744,True,2024-01-07,4.794,5.349,3.827,3.944,-0.177304964539007,True,43956.7,32451.644,True,127.0,,,,,,,,,,0.0
candidate_event,2024-01-23,MASK,3.332,3.378,3.04,3.222,30862510.0,3.332,879.0,99439007.22,99246329.07,-0.0876350540216085,0.6232876712328769,3.21408,True,2024-01-24,3.223,3.302,3.172,3.291,0.0210983555693453,True,39890.0,33523.1895,True,124.0,,,,,,,,,,0.0
candidate_event,2024-02-20,MASK,4.099,4.276,3.709,4.177,39920488.0,4.099,907.0,166747878.376,40520971.010000005,-0.0951451573554525,1.1999999999999984,3.20524,True,2024-02-21,4.178,4.573,3.881,4.087,-0.0217807563427477,True,52297.4,35792.735,True,106.0,,,,,,,,,,0.0
candidate_event,2024-02-21,MASK,4.178,4.573,3.881,4.087,94797106.0,4.177,908.0,387435772.222,40520971.010000005,-0.070864256643524,0.6959459459459463,3.2081850000000003,True,2024-02-22,4.088,4.606,4.079,4.334,0.0601761252446182,True,51877.8,35906.8355,True,107.0,,,,,,,,,,0.0
candidate_event,2024-03-08,MASK,4.939,5.039,4.536,4.794,19442508.0,4.938,924.0,93207383.352,105749259.57299998,-0.0814094775212637,0.6417910447761193,3.3230600000000003,True,2024-03-09,4.792,5.263,4.72,5.179,0.0807595993322205,True,68180.2,38447.168,True,143.0,,,,,,,,,,0.0
candidate_event,2024-03-11,MASK,5.146,5.25,4.749,5.181,23509962.0,5.146,927.0,121805113.122,118247499.2375,-0.077147298872911,1.0881612090680104,3.359785,True,2024-03-12,5.181,5.225,4.688,5.042,-0.0268287975294345,True,72153.8,39101.605500000005,True,147.0,,,,,,,,,,0.0
candidate_event,2024-03-12,MASK,5.181,5.225,4.688,5.042,23222340.0,5.181,928.0,117087038.28,120584458.1415,-0.0951553754101525,0.7180527383367137,3.371595000000001,True,2024-03-13,5.041,5.251,4.962,5.199,0.0313429875024795,True,71503.2,39328.863000000005,True,149.0,,,,,,,,,,0.0
candidate_event,2024-03-14,MASK,5.2,5.296,4.688,4.966,27861260.0,5.199,930.0,138359017.16,120584458.1415,-0.098288132333141,0.5440313111545996,3.395575,True,2024-03-15,4.966,5.041,4.17,4.593,-0.0751107531212244,True,71455.5,39791.3185,True,151.0,,,,,,,,,,0.0
candidate_event,2024-04-01,MASK,5.622,5.849,5.156,5.737,50913908.0,5.622,948.0,292093090.196,126073687.8635,-0.0828886517253646,1.2467811158798288,3.606095,True,2024-04-02,5.737,5.828,4.927,4.966,-0.1343907965835802,True,69700.0,43555.8975,True,156.0,,,,,,,,,,0.0
candidate_event,2024-04-05,MASK,5.054,5.186,4.634,5.055,25978730.0,5.054,952.0,131322480.15,126073687.8635,-0.0831024930747922,1.002380952380951,3.653335,True,2024-04-06,5.056,5.149,4.977,5.088,0.0063291139240506,True,67825.7,44362.851,True,154.0,,,,,,,,,,0.0
candidate_event,2024-12-02,MASK,3.8275,3.8785,3.4614,3.7805,29745985.0,3.8275,1193.0,112454696.2925,141987843.0294,-0.0956499020248204,0.8716197760174813,2.553955,True,2024-12-03,3.7806,4.2043,3.7468,4.1818,0.1061207215785853,True,95890.5,67201.125,True,182.0,,,,,,,,,,0.0
candidate_event,2024-12-10,MASK,3.4008,3.4528,3.12,3.4178,36258580.0,3.401,1201.0,123924574.724,110984541.14455,-0.0826227580123492,1.0597864768683287,2.5774220000000003,True,2024-12-11,3.4177,3.8824,3.2752,3.8755,0.133949732276092,True,96602.4,68395.6005,True,194.0,,,,,,,,,,0.0
candidate_event,2024-12-15,MASK,3.8241,3.8256,3.5044,3.6776,82013536.0,3.8241,1206.0,301612979.9936,103244154.2391,-0.0836013702570539,0.5417578980294024,2.5909145,True,2024-12-16,3.6778,3.7057,3.529,3.5585,-0.0324378704660395,True,104460.4,69220.01800000001,True,197.0,1.0,2024-12-15,2024-12-16,-0.0324378704660395,-0.0334378704660395,-0.0404589700364348,0.0075860568818315,liquidity,development,1.0
candidate_event,2025-06-02,MASK,2.7261,2.807,2.488,2.6332,192260839.0,2.7262,1375.0,506261241.2548,79418664.36885,-0.0873743672511188,0.6095717884130983,2.3106595000000003,True,2025-06-03,2.6332,3.0339,2.546,2.9073,0.1040938781710467,True,105814.3,94885.7575,True,136.0,1.0,2025-06-02,2025-06-03,0.1040938781710467,0.1030938781710467,-0.0331156007899134,0.1521722618866778,liquidity,development,1.0
candidate_event,2024-01-23,MAV,0.5557,0.6053,0.5019,0.5414,334902339.0,0.5557,208.0,181316126.3346,39841385.69320001,-0.0968148281446823,0.734200743494424,0.3053335,True,2024-01-24,0.5414,0.5938,0.52,0.5757,0.0633542667159217,True,39890.0,33523.1895,True,124.0,,,,,,,,,,0.0
candidate_event,2024-02-21,MAV,0.6873,0.6928,0.6259,0.6576,52044065.0,0.6872,237.0,34224177.144,48900812.5926,-0.0892025611175786,0.5171288743882535,0.3518079999999999,True,2024-02-22,0.6576,0.6804,0.632,0.6514,-0.0094282238442822,True,51877.8,35906.8355,True,107.0,,,,,,,,,,0.0
candidate_event,2024-03-08,MAV,0.6436,0.6553,0.5841,0.6226,43671204.0,0.6437,253.0,27189691.6104,35614493.16785,-0.0925897157060744,0.6459731543624165,0.384601,True,2024-03-09,0.6227,0.6655,0.6169,0.634,0.0181467801509553,True,68180.2,38447.168,True,143.0,,,,,,,,,,0.0
candidate_event,2024-03-17,MAV,0.5697,0.6033,0.5297,0.6005,33439922.0,0.5697,262.0,20080673.161,34437026.2452,-0.070212392487274,1.7700000000000005,0.4042465,True,2024-03-18,0.6005,0.6013,0.5356,0.544,-0.0940882597835137,True,68447.9,40402.589,True,154.0,,,,,,,,,,0.0
candidate_event,2024-04-01,MAV,0.6664,0.8208,0.6153,0.7965,158375858.0,0.6663,277.0,126146370.897,29396168.63325,-0.0765420981539847,3.552941176470586,0.4335575,True,2024-04-02,0.7964,0.8131,0.7046,0.728,-0.0858864892014064,True,69700.0,43555.8975,True,156.0,,,,,,,,,,0.0
candidate_event,2024-04-10,MAV,0.6185,0.6296,0.5731,0.6072,28926378.0,0.6185,286.0,17564096.7216,28294007.10715,-0.0734033953112368,0.7511013215859011,0.4521735,True,2024-04-11,0.6072,0.6099,0.5798,0.5862,-0.0345849802371539,True,70681.7,45441.989,True,154.0,,,,,,,,,,0.0
candidate_event,2024-12-02,MAV,0.30326,0.31204,0.27513,0.30014,60489086.0,0.30332,522.0,18155194.27204,11224121.441485,-0.092938151127522,0.8871940404398737,0.23708105,True,2024-12-03,0.30009,0.31498,0.2754,0.3053,0.0173614582291978,True,95890.5,67201.125,True,182.0,,,,,,,,,,0.0
candidate_event,2024-12-03,MAV,0.30009,0.31498,0.2754,0.3053,65484443.0,0.30014,523.0,19992400.4479,11549342.00891,-0.0824282001732525,1.208569118835893,0.2367550499999999,True,2024-12-04,0.3053,0.31995,0.29487,0.30387,-0.0046839174582379,True,95913.3,67345.7915,True,183.0,,,,,,,,,,0.0
candidate_event,2025-08-27,MAV,0.06281,0.069,0.05832,0.06874,706437569.0,0.0628,790.0,48560518.49306,26504085.931275,-0.0713375796178343,2.325892857142858,0.0612292499999999,True,2025-08-28,0.06874,0.0695,0.06345,0.06901,0.0039278440500436,True,111194.9,100954.2475,True,150.0,1.0,2025-08-27,2025-08-28,0.0039278440500436,0.0029278440500436,-0.0769566482397438,0.0110561536223452,liquidity,development,1.0
candidate_event,2025-08-28,MAV,0.06874,0.0695,0.06345,0.06901,699752669.0,0.06874,791.0,48289931.687690005,26504085.931275,-0.0769566482397438,1.0510396975425345,0.0611368,True,2025-08-29,0.06899,0.0796,0.06772,0.07499,0.0869691259602842,True,112507.3,101034.666,True,150.0,1.0,2025-08-28,2025-08-29,0.0869691259602842,0.0859691259602842,-0.0184084649949266,0.1537904044064357,liquidity,development,1.0
candidate_event,2025-09-19,MAV,0.07635,0.07678,0.06901,0.07294,282276636.0,0.07634,813.0,20589257.82984,36566191.35679,-0.096017815037988,0.5361527967257846,0.059352,True,2025-09-20,0.07293,0.07419,0.0708,0.073,0.0009598244892363,True,115569.5,103171.7065,True,131.0,1.0,2025-09-19,2025-09-20,0.0009598244892363,-4.017551076362837e-05,-0.0292060880296173,0.0172768408062526,liquidity,development,1.0
candidate_event,2024-12-03,MEME,0.016153,0.016904,0.014628,0.016617,6971131476.0,0.016154,396.0,115839291.736692,90305739.96025,-0.0944657669926953,1.3034076015727376,0.0149917299999999,True,2024-12-04,0.016618,0.017801,0.016384,0.017283,0.0400168491996628,True,95913.3,67345.7915,True,183.0,,,,,,,,,,0.0
candidate_event,2025-08-29,MEME,0.002995,0.003047,0.002747,0.002893,23415213857.0,0.002994,665.0,67740213.688301,68501470.7513105,-0.08249832999332,0.5910931174089075,0.00229005,True,2025-08-30,0.002893,0.003008,0.002819,0.002843,-0.0172830971310059,True,108332.4,101089.43200000002,True,150.0,1.0,2025-08-29,2025-08-30,-0.0172830971310059,-0.0182830971310059,-0.0255789837538887,0.0397511234013134,liquidity,development,1.0
candidate_event,2025-09-12,MEME,0.002814,0.002823,0.002613,0.002744,19870429350.0,0.002814,679.0,54524458.1364,62852079.2887855,-0.0714285714285715,0.6517412935323378,0.00216883,True,2025-09-13,0.002746,0.00288,0.002686,0.00278,0.0123816460305898,True,115978.4,102152.3505,True,135.0,1.0,2025-09-12,2025-09-13,0.0123816460305898,0.0113816460305898,-0.021849963583394,0.0487982520029133,liquidity,development,1.0
candidate_event,2024-12-02,METIS,61.3,62.57,56.0,61.98,524438.69,61.3,265.0,32504710.006199997,18218825.63195,-0.0864600326264273,1.1283018867924528,45.56005,True,2024-12-03,61.99,66.66,58.38,66.31,0.0696886594612034,True,95890.5,67201.125,True,182.0,,,,,,,,,,0.0
candidate_event,2023-12-13,MINA,0.7932,0.8016,0.7319,0.7961,77942227.0,0.7933,309.0,62049806.9147,62424947.5708,-0.0773982100088239,1.0456026058631926,0.4933594999999999,True,2023-12-14,0.7962,0.8084,0.74,0.7988,0.0032655111780959,True,42875.0,30474.2695,True,119.0,,,,,,,,,,0.0
candidate_event,2023-12-14,MINA,0.7962,0.8084,0.74,0.7988,62225789.0,0.7961,310.0,49705960.2532,62424947.5708,-0.0704685341037558,1.048128342245988,0.4944415,True,2023-12-15,0.7989,0.8018,0.7416,0.7461,-0.0660908749530605,True,43032.4,30549.153,True,119.0,,,,,,,,,,0.0
candidate_event,2023-12-18,MINA,0.7424,0.7484,0.6741,0.7317,65958345.0,0.7424,314.0,48261721.0365,62360938.62415,-0.091998922413793,0.8433382137628119,0.4983815,True,2023-12-19,0.7315,0.7849,0.724,0.7734,0.0572795625427202,True,42671.7,30843.7285,True,122.0,,,,,,,,,,0.0
candidate_event,2023-12-26,MINA,1.1732,1.4329,1.066,1.3925,305729465.0,1.1732,322.0,425728280.0125001,65437835.9238,-0.0913740197749743,3.0457089552238816,0.5185985,True,2023-12-27,1.3926,1.488,1.3158,1.3275,-0.0467470917707886,True,42538.5,31509.655999999995,True,127.0,,,,,,,,,,0.0
candidate_event,2024-01-19,MINA,1.216,1.2204,1.103,1.1687,74897270.0,1.2161,346.0,87532439.449,175435974.98765,-0.0930022202121535,0.5809018567639267,0.6165935,True,2024-01-20,1.1687,1.1692,1.1092,1.1275,-0.0352528450414991,True,41662.2,33316.779500000004,True,125.0,,,,,,,,,,0.0
candidate_event,2024-01-23,MINA,1.0315,1.0542,0.9418,1.0463,82176715.0,1.0315,350.0,85981496.90450001,169973656.6192,-0.086960736791081,1.16499442586399,0.6287165,True,2024-01-24,1.0462,1.0597,1.0136,1.047,0.0007646721468168,True,39890.0,33523.1895,True,124.0,,,,,,,,,,0.0
candidate_event,2024-03-08,MINA,1.3569,1.3633,1.233,1.3252,60240343.0,1.356,395.0,79830502.5436,77032318.2906,-0.0907079646017698,0.749593495934958,0.8136705,True,2024-03-09,1.3252,1.3796,1.3066,1.3609,0.026939329912466,True,68180.2,38447.168,True,143.0,,,,,,,,,,0.0
candidate_event,2024-04-05,MINA,1.0896,1.0896,1.0089,1.0493,38402613.0,1.0895,423.0,40295861.82089999,67406784.87865,-0.0739788893988068,0.5012406947890817,0.938353,True,2024-04-06,1.0493,1.0927,1.0425,1.0827,0.0318307443057277,True,67825.7,44362.851,True,154.0,,,,,,,,,,0.0
candidate_event,2024-11-12,MINA,0.6502,0.6754,0.5968,0.6573,98099416.0,0.6503,644.0,64480746.1368,19261744.73685,-0.0822697216669229,1.1308411214953271,0.575442,True,2024-11-13,0.6578,0.6828,0.5902,0.6543,-0.0053207661903315,True,87972.0,64022.3625,True,117.0,,,,,,,,,,0.0
candidate_event,2024-11-24,MINA,0.7327,0.7917,0.6753,0.7805,100035207.0,0.7329,656.0,78077479.0635,20634450.1381,-0.0785918952108063,1.8263888888888888,0.566438,True,2024-11-25,0.7806,0.806,0.7167,0.7385,-0.0539328721496283,True,97960.4,65891.7095,True,149.0,,,,,,,,,,0.0
candidate_event,2024-12-03,MINA,0.8713,0.9195,0.7947,0.9005,87146241.0,0.8712,665.0,78475190.0205,31156356.07865,-0.0878099173553719,1.3830065359477122,0.567826,True,2024-12-04,0.9007,0.9537,0.8461,0.91,0.0103253025424669,True,95913.3,67345.7915,True,183.0,,,,,,,,,,0.0
candidate_event,2024-12-05,MINA,0.9102,0.9308,0.8289,0.8785,58746455.0,0.91,667.0,51608760.7175,35828420.44815,-0.0891208791208791,0.6115906288532669,0.568902,True,2024-12-06,0.8786,1.0485,0.8698,1.0002,0.1384020031868882,True,97001.5,67658.52649999999,True,190.0,,,,,,,,,,0.0
candidate_event,2025-01-08,MINA,0.5958,0.6025,0.5419,0.5767,41475378.0,0.5958,701.0,23918850.4926,21699640.19835,-0.0904665995300435,0.6456400742115024,0.559063,True,2025-01-09,0.5767,0.5858,0.5452,0.561,-0.0272238598924916,True,95014.1,72801.88,True,176.0,,,,,,,,,,0.0
candidate_event,2024-12-05,MOVR,19.689,19.839,17.875,19.43,1353390.31,19.684,345.0,26296373.723300003,15872755.570955,-0.0919020524283682,0.8595909342177992,11.11978,True,2024-12-06,19.43,20.6,19.143,19.721,0.0149768399382399,True,97001.5,67658.52649999999,True,190.0,,,,,,,,,,0.0
candidate_event,2021-11-28,MTL,2.9759,2.9799,2.73,2.9566,6500176.0,2.9754,242.0,19218420.3616,28461039.7983,-0.0824763057067957,0.9233903830480842,2.692445,True,2021-11-29,2.9566,3.0196,2.8616,2.9685,0.0040248934587026,True,57315.73,46007.4503,True,73.0,,,,,,,,,,0.0
candidate_event,2023-02-05,MTL,1.0518,1.21,0.9715,1.0595,107141154.0,1.052,676.0,113516052.66300002,21258909.6801,-0.0765209125475285,1.0931677018633548,0.990576,True,2023-02-06,1.0594,1.466,1.0586,1.187,0.1204455352086089,True,22929.2,19713.626,True,96.0,,,,,,,,,,0.0
candidate_event,2023-02-22,MTL,1.421,1.4277,1.3212,1.3802,28685419.0,1.4209,693.0,39591615.3038,27030742.9606,-0.0701667956928707,0.5917753259779347,0.9734675,True,2023-02-23,1.3801,1.3866,1.3286,1.3678,-0.0089123976523441,True,24171.3,19743.7235,True,99.0,,,,,,,,,,0.0
candidate_event,2023-03-10,MTL,0.9841,0.9887,0.891,0.9873,27482539.0,0.9844,709.0,27133510.7547,26329020.709,-0.0948801300284437,1.0310492505353308,0.9600815,True,2023-03-11,0.9873,1.0065,0.9169,0.9693,-0.0182315405651776,True,20140.3,19698.602,True,95.0,,,,,,,,,,0.0
candidate_event,2023-03-11,MTL,0.9873,1.0065,0.9169,0.9693,15535214.0,0.9873,710.0,15058282.9302,26329020.709,-0.0713055808771395,0.7443181818181829,0.958728,True,2023-03-12,0.9693,1.0542,0.9399,1.0508,0.0840812957804599,True,20447.3,19693.2475,True,95.0,,,,,,,,,,0.0
candidate_event,2023-05-11,MTL,1.0755,1.0756,0.9733,1.0304,51008251.0,1.0757,771.0,52558901.8304,20818566.3162,-0.0951938272752626,0.557617187499999,0.9932,True,2023-05-12,1.0304,1.038,0.9646,1.0349,0.0043672360248445,True,26956.4,22239.6595,True,96.0,1.0,2023-05-11,2023-05-12,0.0043672360248445,0.0033672360248445,-0.0638586956521738,0.0073757763975155,liquidity,development,1.0
candidate_event,2023-07-14,MTL,1.4374,1.4872,1.3194,1.4016,77444275.0,1.4378,835.0,108545895.84,126055451.7536,-0.0823480317151204,0.6942567567567568,1.1291285,True,2023-07-15,1.4017,1.456,1.3751,1.4521,0.0359563387315402,True,30293.3,25577.492,True,102.0,2.0,2023-07-14,2023-07-15,0.0359563387315402,0.0349563387315402,-0.0189769565527573,0.038738674466719,liquidity,development,1.0
candidate_event,2023-11-01,MTL,1.591,1.635,1.4674,1.5706,80532377.0,1.591,945.0,126484151.3162,19488233.0766,-0.0776869893148962,0.8349514563106797,1.249134,True,2023-11-02,1.5706,1.6335,1.4632,1.4965,-0.0471794218769897,True,35437.4,28280.470500000003,True,90.0,2.0,2023-11-01,2023-11-02,-0.0471794218769897,-0.0481794218769897,-0.0683815102508594,0.0400483891506431,liquidity,development,1.0
candidate_event,2023-11-03,MTL,1.4966,1.4976,1.376,1.4708,19952586.0,1.4965,947.0,29346263.4888,20457844.82275,-0.0805212161710658,0.7867219917012462,1.2508325,True,2023-11-04,1.4711,1.6908,1.4529,1.6278,0.1065189314118686,True,34700.4,28330.14,True,92.0,1.0,2023-11-03,2023-11-04,0.1065189314118686,0.1055189314118686,-0.0123716946502616,0.1493440282781593,liquidity,development,1.0
candidate_event,2023-11-18,MTL,1.7376,1.7376,1.6054,1.6824,13474447.0,1.7374,962.0,22669409.6328,38531432.3272,-0.0759755957177392,0.5833333333333325,1.293457,True,2023-11-19,1.6825,1.7178,1.6252,1.7125,0.0178306092124813,True,36580.9,28908.5435,True,119.0,,,,,,,,,,0.0
candidate_event,2023-12-18,MTL,1.5767,1.5901,1.4454,1.5488,10710631.0,1.5768,992.0,16588625.2928,18293990.9442,-0.0833333333333332,0.7869101978691018,1.380446,True,2023-12-19,1.5488,1.5795,1.5194,1.54,-0.0056818181818181,True,42671.7,30843.7285,True,122.0,,,,,,,,,,0.0
candidate_event,2023-12-26,MTL,1.6827,1.7,1.5412,1.6974,15001879.0,1.6827,1000.0,25464189.4146,16329244.831750002,-0.0840910441552268,1.1038869257950523,1.3962455,True,2023-12-27,1.6976,1.7273,1.6339,1.7189,0.0125471253534401,True,42538.5,31509.655999999995,True,127.0,,,,,,,,,,0.0
candidate_event,2023-12-31,MTL,1.5859,1.604,1.4441,1.5665,6966872.0,1.586,1005.0,10913604.988,17479639.796000004,-0.0894703656998739,0.862579281183932,1.4088805,True,2024-01-01,1.5666,1.6192,1.5544,1.619,0.0334482318396527,True,42314.0,31929.516,True,127.0,,,,,,,,,,0.0
candidate_event,2024-01-08,MTL,1.4603,1.5126,1.3299,1.5117,12491395.0,1.4603,1013.0,18883241.8215,15809537.474350002,-0.0892967198520851,1.3941717791411057,1.4203895,True,2024-01-09,1.5119,1.5454,1.426,1.4763,-0.0235465308552152,True,46972.7,32606.7745,True,126.0,,,,,,,,,,0.0
candidate_event,2024-03-08,MTL,2.6523,2.77,2.4614,2.7115,35143377.0,2.6524,1073.0,95291266.7355,16076002.233600002,-0.0720102548635199,1.3094240837696327,1.509392,True,2024-03-09,2.7116,2.9523,2.3301,2.4808,-0.085115798790382,True,68180.2,38447.168,True,143.0,,,,,,,,,,0.0
candidate_event,2024-03-11,MTL,2.3769,2.4429,2.1899,2.4305,29076871.0,2.3769,1076.0,70671334.9655,20191296.9085,-0.0786739029828768,1.2866310160427803,1.5291085000000002,True,2024-03-12,2.4307,2.4565,2.1912,2.3966,-0.0140288805693833,True,72153.8,39101.605500000005,True,147.0,,,,,,,,,,0.0
candidate_event,2024-03-12,MTL,2.4307,2.4565,2.1912,2.3966,26696590.0,2.4305,1077.0,63981047.594,22425498.0077,-0.0984571075910306,0.8583368157124946,1.5354790000000005,True,2024-03-13,2.397,2.4599,2.3155,2.4124,0.0064246975385899,True,71503.2,39328.863000000005,True,149.0,,,,,,,,,,0.0
candidate_event,2024-03-14,MTL,2.4124,2.4134,2.2032,2.3505,18966768.0,2.4124,1079.0,44581388.18399999,24922915.326,-0.0867186204609518,0.7041108986615676,1.5480135,True,2024-03-15,2.3506,2.361,2.0178,2.2005,-0.0638560367565728,True,71455.5,39791.3185,True,151.0,,,,,,,,,,0.0
candidate_event,2024-12-03,MTL,1.6109,1.722,1.4758,1.6613,25915145.0,1.6112,1343.0,43052830.3885,14199551.4384,-0.0840367428003971,1.3700147710487447,1.132912,True,2024-12-04,1.6615,1.8176,1.605,1.6916,0.0181161600962984,True,95913.3,67345.7915,True,183.0,,,,,,,,,,0.0
candidate_event,2024-12-20,MTL,1.0472,1.1376,0.9632,1.132,14604737.0,1.047,1360.0,16532562.283999998,14545072.1821,-0.0800382043935052,2.014319809069212,1.0959455,True,2024-12-21,1.1319,1.2004,1.08,1.0971,-0.0307447654386429,True,97764.4,70055.22200000001,True,199.0,,,,,,,,,,0.0
candidate_event,2025-01-27,MTL,1.1829,1.1988,1.0905,1.1376,9076193.0,1.1829,1398.0,10325077.1568,12154535.15805,-0.0781131118437737,0.5097402597402587,1.0977615,True,2025-01-28,1.1379,1.1497,1.0664,1.0749,-0.0553651463221723,True,102021.3,76666.3335,True,153.0,,,,,,,,,,0.0
candidate_event,2021-09-06,NEAR,6.1495,6.4467,5.7125,6.1032,19752372.0,6.15,248.0,120552676.7904,105948852.64785,-0.0711382113821138,0.8930285714285711,4.121194999999999,True,2021-09-07,6.1045,8.8888,4.7379,8.6751,0.4210991891227784,True,52683.97,46105.71445,True,69.0,,,,,,,,,,0.0
candidate_event,2021-09-12,NEAR,9.0532,9.8096,8.3,8.9476,37908195.0,9.0519,254.0,339187365.582,127737819.99035,-0.0830654337763341,0.861284745311876,4.2889585,True,2021-09-13,8.9489,9.049,7.6868,8.2112,-0.082434712646247,True,46046.73,45872.1136,True,70.0,1.0,2021-09-12,2021-09-13,-0.082434712646247,-0.083434712646247,-0.1410340935757468,0.0111857323246431,liquidity,development,1.0
candidate_event,2021-10-12,NEAR,7.4202,7.4219,6.7679,7.2758,16912331.0,7.4215,284.0,123050737.8898,198866088.7545,-0.0880684497743043,0.7770807833537335,4.6901565,True,2021-10-13,7.2739,7.4,6.9111,7.2494,-0.0033682068766411,True,56011.84,45030.98915,True,70.0,,,,,,,,,,0.0
candidate_event,2021-10-31,NEAR,10.4991,10.7314,9.7,10.1702,16677099.0,10.5023,303.0,169609432.2498,177391621.742,-0.0763927901507289,0.5860650629440356,5.0010125,True,2021-11-01,10.1723,10.7248,9.8434,10.1519,-0.0020054461626181,True,61348.61,45273.45189999999,True,70.0,2.0,2021-10-31,2021-11-01,-0.0020054461626181,-0.0030054461626181,-0.0323329040629944,0.0543141669042399,liquidity,development,1.0
candidate_event,2021-11-28,NEAR,8.3171,8.75,7.5222,8.3993,15423805.0,8.3176,331.0,129549165.3365,163543736.83435,-0.0956285466961623,1.1027156147850132,5.696932,True,2021-11-29,8.3973,8.5395,8.105,8.4293,0.0038107486930323,True,57315.73,46007.4503,True,73.0,,,,,,,,,,0.0
candidate_event,2021-12-06,NEAR,7.3453,7.428,6.6322,7.2558,18250196.0,7.3452,339.0,132419772.1368,137135242.4056,-0.0970701955018242,0.8746143057503502,5.813764,True,2021-12-07,7.2565,7.6848,7.0989,7.591,0.0460966030455454,True,50424.72,46380.61435,True,73.0,,,,,,,,,,0.0
candidate_event,2023-11-14,NEAR,1.592,1.626,1.441,1.538,94590921.0,1.591,1047.0,145480836.498,113623734.928,-0.0942803268384663,0.6466666666666668,1.343325,True,2023-11-15,1.538,1.744,1.534,1.703,0.1072821846553966,True,35559.0,28747.954500000003,True,115.0,,,,,,,,,,0.0
candidate_event,2023-12-13,NEAR,2.306,2.344,2.101,2.332,103542304.0,2.307,1076.0,241460652.928,192923715.8485,-0.0892934547030775,1.1213592233009704,1.3884,True,2023-12-14,2.332,2.359,2.161,2.326,-0.0025728987993137,True,42875.0,30474.2695,True,119.0,,,,,,,,,,0.0
candidate_event,2023-12-14,NEAR,2.332,2.359,2.161,2.326,84610038.0,2.332,1077.0,196802948.388,195258985.418,-0.0733276157804458,0.9649122807017556,1.3917049999999995,True,2023-12-15,2.325,2.329,2.182,2.192,-0.0572043010752688,True,43032.4,30549.153,True,119.0,,,,,,,,,,0.0
candidate_event,2023-12-18,NEAR,2.268,2.319,2.067,2.291,83042423.0,2.268,1081.0,190250191.093,198562989.228,-0.0886243386243385,1.1144278606965183,1.405695,True,2023-12-19,2.291,2.498,2.264,2.433,0.0619816673941509,True,42671.7,30843.7285,True,122.0,2.0,2023-12-18,2023-12-19,0.0619816673941509,0.0609816673941508,-0.0117852466171978,0.0903535573985161,liquidity,development,1.0
candidate_event,2023-12-24,NEAR,3.909,4.107,3.61,3.803,137320333.0,3.909,1087.0,522229226.399,201442419.794,-0.0764901509337426,0.6454849498327763,1.45874,True,2023-12-25,3.802,4.388,3.725,4.252,0.1183587585481324,True,43008.4,31343.674,True,124.0,2.0,2023-12-24,2023-12-25,0.1183587585481324,0.1173587585481324,-0.0202524986849026,0.1541294055760125,liquidity,development,1.0
candidate_event,2023-12-26,NEAR,4.253,4.632,3.9,4.307,152603878.0,4.252,1089.0,657264902.546,206961286.515,-0.0827845719661335,1.1562500000000018,1.487535,True,2023-12-27,4.307,4.407,3.997,4.089,-0.0506152774553052,True,42538.5,31509.655999999995,True,127.0,,,,,,,,,,0.0
candidate_event,2024-01-08,NEAR,3.214,3.477,2.916,3.415,102536707.0,3.213,1102.0,350162854.40500003,310411959.054,-0.0924369747899159,1.6801346801346797,1.646445,True,2024-01-09,3.416,3.538,3.026,3.22,-0.0573770491803278,True,46972.7,32606.7745,True,126.0,,,,,,,,,,0.0
candidate_event,2024-01-12,NEAR,3.612,3.68,3.3,3.46,82388394.0,3.613,1106.0,285063843.24,322688927.62100005,-0.0866316080819263,0.5111821086261983,1.687545,True,2024-01-13,3.459,3.521,3.298,3.407,-0.0150332466030644,True,42788.9,32906.71400000001,True,126.0,,,,,,,,,,0.0
candidate_event,2024-01-19,NEAR,3.082,3.1,2.783,3.009,60217507.0,3.083,1113.0,181194478.563,322688927.62100005,-0.0973078170613039,0.7533333333333326,1.7509750000000002,True,2024-01-20,3.009,3.009,2.866,2.966,-0.0142904619474907,True,41662.2,33316.779500000004,True,125.0,,,,,,,,,,0.0
candidate_event,2024-01-23,NEAR,2.649,2.726,2.448,2.65,81815060.0,2.65,1117.0,216809909.0,267512295.07,-0.0762264150943395,1.0,1.779975,True,2024-01-24,2.65,2.694,2.543,2.68,0.0113207547169811,True,39890.0,33523.1895,True,124.0,,,,,,,,,,0.0
candidate_event,2024-02-20,NEAR,3.535,3.56,3.2,3.399,70595552.0,3.534,1145.0,239954281.248,156757620.676,-0.0945104697226937,0.5958083832335331,2.00815,True,2024-02-21,3.399,3.401,3.084,3.243,-0.0458958517210944,True,52297.4,35792.735,True,106.0,,,,,,,,,,0.0
candidate_event,2024-02-21,NEAR,3.399,3.401,3.084,3.243,51050808.0,3.399,1146.0,165557770.34399998,167293898.4165,-0.0926743159752868,0.5047619047619042,2.0176,True,2024-02-22,3.242,3.353,3.12,3.252,0.0030845157310301,True,51877.8,35906.8355,True,107.0,,,,,,,,,,0.0
candidate_event,2024-03-08,NEAR,5.529,5.764,5.075,5.749,105540389.0,5.529,1162.0,606751696.361,228677392.963,-0.0821124977391932,1.4845814977973566,2.259675,True,2024-03-09,5.748,6.501,5.603,6.198,0.0782881002087683,True,68180.2,38447.168,True,143.0,,,,,,,,,,0.0
candidate_event,2024-04-10,NEAR,7.231,7.325,6.648,6.989,58430798.0,7.232,1195.0,408372847.222,529024033.864,-0.0807522123893805,0.5839041095890409,3.23527,True,2024-04-11,6.99,7.337,6.739,6.801,-0.0270386266094421,True,70681.7,45441.989,True,154.0,1.0,2024-04-10,2024-04-11,-0.0270386266094421,-0.0280386266094421,-0.0359084406294707,0.0496423462088697,liquidity,development,1.0
candidate_event,2024-04-19,NEAR,5.704,5.863,5.222,5.583,66863406.0,5.704,1204.0,373298395.698,437381533.568,-0.0845021037868161,0.7489626556016603,3.43991,True,2024-04-20,5.584,6.253,5.502,6.214,0.1128223495702007,True,63787.4,47146.931,True,153.0,,,,,,,,,,0.0
candidate_event,2024-05-01,NEAR,6.186,6.429,5.722,6.136,80648440.0,6.186,1216.0,494858827.84,450097668.283,-0.0750080827675395,0.8922413793103451,3.780695,True,2024-05-02,6.137,6.212,5.863,6.081,-0.0091249796317417,True,58307.6,49327.81800000001,True,153.0,,,,,,,,,,0.0
candidate_event,2024-05-23,NEAR,7.988,8.185,7.27,7.694,60676678.0,7.989,1238.0,466846360.532,400259977.5735,-0.0899987482788835,0.5897079276773299,4.462005,True,2024-05-24,7.694,8.076,7.59,7.913,0.0284637379776449,True,67999.9,52849.096,True,129.0,,,,,,,,,,0.0
candidate_event,2024-11-26,NEAR,6.465,6.679,5.962,6.523,71644080.0,6.466,1425.0,467334333.84,263827394.262,-0.0779461800185586,1.113095238095237,5.245355,True,2024-11-27,6.523,6.889,6.394,6.821,0.0456845009964739,True,92021.4,66197.9955,True,164.0,,,,,,,,,,0.0
candidate_event,2024-12-02,NEAR,6.92,7.5,6.41,7.488,82648281.0,6.921,1431.0,618870328.128,342374827.876,-0.073833261089438,2.1095890410958904,5.235155000000001,True,2024-12-03,7.488,7.632,6.737,7.39,-0.0130876068376069,True,95890.5,67201.125,True,182.0,,,,,,,,,,0.0
candidate_event,2024-12-10,NEAR,6.499,6.839,5.933,6.422,86828882.0,6.499,1439.0,557615080.204,470527868.4565,-0.0870903215879366,0.8639575971731449,5.21299,True,2024-12-11,6.422,6.925,6.145,6.845,0.0658673310495172,True,96602.4,68395.6005,True,194.0,,,,,,,,,,0.0
candidate_event,2025-01-08,NEAR,5.36,5.445,4.858,5.148,35746973.0,5.36,1468.0,184025417.004,174971295.5925,-0.0936567164179105,0.5776892430278877,5.08929,True,2025-01-09,5.149,5.216,4.833,4.974,-0.0339871819770829,True,95014.1,72801.88,True,176.0,,,,,,,,,,0.0
candidate_event,2025-07-22,NEIRO,0.0005628,0.000568,0.0005145,0.0005479,257823646104.0,0.0005627,309.0,141261575.7003816,142063221.391464,-0.0856584325573128,0.6929460580912877,0.0004034494999999,True,2025-07-23,0.000548,0.0005484,0.0004595,0.0004789,-0.1260948905109489,True,119993.7,98013.1785,True,131.0,,,,,,,,,,0.0
candidate_event,2025-08-01,NEIRO,0.0003954,0.0004003,0.0003654,0.0003812,219530668269.0,0.0003953,319.0,83685090.7441428,139210638.95271343,-0.0756387553756641,0.5284280936454847,0.0003809259999999,True,2025-08-02,0.0003811,0.0003894,0.000357,0.0003706,-0.0275518236683285,True,113244.8,99079.169,True,152.0,1.0,2025-08-01,2025-08-02,-0.0275518236683285,-0.0285518236683285,-0.0632379952768301,0.021779060614012,liquidity,development,1.0
candidate_event,2021-09-06,NEO,65.882,67.01,60.9,63.741,3666933.59,65.882,248.0,233734013.96019,111734562.022025,-0.0756200479645428,0.5702529104777193,54.83763999999999,True,2021-09-07,63.754,64.331,41.338,49.877,-0.2176647739749662,True,52683.97,46105.71445,True,69.0,,,,,,,,,,0.0
candidate_event,2023-03-10,NEO,9.882,9.975,9.12,9.802,9748143.6,9.882,798.0,95551303.5672,98547481.61364,-0.0771098967820279,0.89501312335958,8.314905,True,2023-03-11,9.802,10.113,9.069,9.528,-0.0279534788818607,True,20140.3,19698.602,True,95.0,2.0,2023-03-10,2023-03-11,-0.0279534788818607,-0.0289534788818607,-0.0747806570087735,0.0317282187308711,liquidity,development,1.0
candidate_event,2023-03-11,NEO,9.802,10.113,9.069,9.528,5354894.58,9.802,799.0,51021435.55824,99093125.37711,-0.0747806570087735,0.6261937244201915,8.31283,True,2023-03-12,9.527,10.325,9.154,10.291,0.0801931352996747,True,20447.3,19693.2475,True,95.0,,,,,,,,,,0.0
candidate_event,2023-04-26,NEO,10.931,11.427,10.052,10.734,5277519.18,10.931,845.0,56648890.87812,44217055.014515,-0.0804135028817125,0.7758816837315139,9.033805,True,2023-04-27,10.734,11.111,10.662,10.858,0.0115520775107136,True,28395.9,21540.7145,True,98.0,,,,,,,,,,0.0
candidate_event,2023-10-31,NEO,9.055,9.583,8.367,9.571,7300024.84,9.055,1033.0,69868537.74363999,12280979.458625,-0.0759801214798452,1.750000000000001,8.629764999999999,True,2023-11-01,9.569,10.257,9.11,10.218,0.067823179015571,True,34651.4,28254.6855,True,90.0,,,,,,,,,,0.0
candidate_event,2023-11-17,NEO,11.43,11.785,10.507,11.148,5622461.67,11.431,1050.0,62679202.69716,75345890.415535,-0.080832823025107,0.6937229437229441,8.665565,True,2023-11-18,11.148,11.151,10.437,11.059,-0.0079834947972731,True,36621.9,28868.9215,True,119.0,,,,,,,,,,0.0
candidate_event,2023-12-18,NEO,12.835,13.186,11.714,12.532,4966137.93,12.834,1081.0,62235640.53876,47837874.54404,-0.0872681938600591,0.730357142857143,8.967265,True,2023-12-19,12.532,12.905,12.405,12.556,0.0019150973507819,True,42671.7,30843.7285,True,122.0,,,,,,,,,,0.0
candidate_event,2024-01-05,NEO,12.864,12.926,11.582,12.283,3352929.48,12.863,1099.0,41184032.80284,62018646.335895,-0.0995879654823912,0.5472287275565959,9.423495,True,2024-01-06,12.281,12.283,11.542,12.052,-0.018646690008957,True,44145.4,32373.3135,True,128.0,,,,,,,,,,0.0
candidate_event,2024-01-09,NEO,12.0,12.05,11.126,11.61,3188776.57,12.0,1103.0,37021695.9777,53976232.65492,-0.0728333333333334,0.5537757437070935,9.48432,True,2024-01-10,11.61,12.596,11.025,12.373,0.0657192075796726,True,46114.0,32683.9775,True,125.0,,,,,,,,,,0.0
candidate_event,2024-01-23,NEO,10.623,10.742,9.809,10.43,2969834.28,10.624,1117.0,30975371.5404,41994739.52142,-0.0767131024096386,0.7619631901840485,9.66937,True,2024-01-24,10.431,10.596,10.207,10.575,0.0138050043140638,True,39890.0,33523.1895,True,124.0,,,,,,,,,,0.0
candidate_event,2024-03-08,NEO,17.552,17.882,16.137,17.289,3486578.62,17.554,1162.0,60279457.761180006,27676627.25728,-0.0807223424860429,0.8129851799576588,10.628245,True,2024-03-09,17.29,17.632,16.941,17.367,0.0044534412955465,True,68180.2,38447.168,True,143.0,,,,,,,,,,0.0
candidate_event,2024-04-14,NEO,16.835,21.138,15.33,20.968,29846208.12,16.833,1199.0,625815291.86016,40705167.71225,-0.0892888968098377,3.7511643379906894,12.361475,True,2024-04-15,20.969,23.3,18.6,20.263,-0.0336687491058228,True,65615.9,46250.27099999999,True,154.0,2.0,2024-04-14,2024-04-15,-0.0336687491058228,-0.0346687491058228,-0.1129762983451762,0.1111640993848062,liquidity,development,1.0
candidate_event,2024-04-16,NEO,20.264,20.6,18.302,19.308,27457052.8,20.263,1201.0,530140775.4624,40705167.71225,-0.0967773774860584,0.5130035696073427,12.486075,True,2024-04-17,19.308,19.818,17.17,17.4,-0.0988191423244251,True,63765.0,46616.546,True,153.0,,,,,,,,,,0.0
candidate_event,2024-04-19,NEO,18.474,19.831,17.046,18.246,24854124.52,18.476,1204.0,453488355.99191993,40705167.71225,-0.0773977051309807,0.8391608391608388,12.64527,True,2024-04-20,18.245,18.946,17.782,18.925,0.0372704850644012,True,63787.4,47146.931,True,153.0,,,,,,,,,,0.0
candidate_event,2024-05-01,NEO,16.977,17.044,15.303,16.192,11735223.11,16.977,1216.0,190016732.59712,205707110.75583,-0.0986039936384519,0.5310633213859018,13.322375,True,2024-05-02,16.192,16.275,15.388,15.917,-0.0169836956521739,True,58307.6,49327.81800000001,True,153.0,,,,,,,,,,0.0
candidate_event,2024-05-23,NEO,15.643,15.847,14.3,15.15,3777996.28,15.642,1238.0,57236643.642,60807613.73239,-0.0857946554149085,0.6333830104321911,14.10018,True,2024-05-24,15.149,15.38,14.66,15.239,0.0059409862037098,True,67999.9,52849.096,True,129.0,,,,,,,,,,0.0
candidate_event,2024-11-26,NEO,14.335,14.694,13.264,14.139,3240319.04,14.334,1425.0,45814870.90656,23197983.40756,-0.0746476908050788,0.8177570093457942,11.28152,True,2024-11-27,14.142,15.149,13.82,15.132,0.0700042426813747,True,92021.4,66197.9955,True,164.0,,,,,,,,,,0.0
candidate_event,2024-12-05,NEO,22.057,22.477,20.033,21.124,7281467.11,22.053,1434.0,153813711.23164,42151092.41954,-0.0915975150773137,0.540099009900989,11.427065,True,2024-12-06,21.123,21.777,19.901,21.55,0.0202149315911566,True,97001.5,67658.52649999999,True,190.0,,,,,,,,,,0.0
candidate_event,2025-01-27,NEO,13.649,13.758,12.438,13.623,2610265.86,13.65,1487.0,35559651.81078,30015948.4449,-0.0887912087912087,0.9777227722772268,12.19875,True,2025-01-28,13.623,13.743,12.534,12.659,-0.0707626807604785,True,102021.3,76666.3335,True,153.0,,,,,,,,,,0.0
candidate_event,2024-12-05,NFP,0.3901,0.4425,0.3618,0.4068,121507324.8,0.3902,344.0,49429179.72864,20064094.25626,-0.0727831881086621,1.5845070422535217,0.279545,True,2024-12-06,0.4068,0.4427,0.4008,0.4232,0.0403146509341201,True,97001.5,67658.52649999999,True,190.0,,,,,,,,,,0.0
candidate_event,2024-01-08,NMR,17.95,18.43,16.35,18.34,677901.3,17.95,200.0,12432709.842,11529171.675,-0.0891364902506962,1.2437500000000006,14.09185,True,2024-01-09,18.33,18.38,16.37,16.97,-0.0741953082378613,True,46972.7,32606.7745,True,126.0,,,,,,,,,,0.0
candidate_event,2024-02-21,NMR,34.11,35.76,30.78,35.35,1163818.9,34.1,244.0,41140998.115,45526159.944,-0.0973607038123167,1.3765060240963856,16.143150000000002,True,2024-02-22,35.35,36.62,33.52,33.68,-0.0472418670438472,True,51877.8,35906.8355,True,107.0,,,,,,,,,,0.0
candidate_event,2025-01-02,NMR,16.406,16.753,15.145,16.375,1431276.3,16.409,560.0,23437149.4125,10639893.351550002,-0.0770308976781034,0.9731012658227856,15.796375,True,2025-01-03,16.377,17.045,16.116,17.037,0.0403004213225866,True,96967.5,71806.879,True,192.0,1.0,2025-01-02,2025-01-03,0.0403004213225866,0.0393004213225866,-0.0159369847957501,0.0407889112780119,liquidity,development,1.0
candidate_event,2023-02-22,OGN,0.1528,0.1542,0.1416,0.1489,140363726.0,0.1528,692.0,20900158.8014,18547994.7466,-0.0732984293193717,0.6517857142857151,0.1356475,True,2023-02-23,0.1488,0.1549,0.1459,0.1484,-0.0026881720430106,True,24171.3,19743.7235,True,99.0,,,,,,,,,,0.0
candidate_event,2023-10-31,OGN,0.1222,0.1238,0.1134,0.1191,228624001.0,0.1221,943.0,27229118.5191,64753835.3136,-0.0712530712530712,0.6551724137931031,0.0955079999999999,True,2023-11-01,0.119,0.1241,0.1139,0.1239,0.0411764705882353,True,34651.4,28254.6855,True,90.0,1.0,2023-10-31,2023-11-01,0.0411764705882353,0.0401764705882353,-0.0428571428571428,0.0428571428571429,liquidity,development,1.0
candidate_event,2023-12-04,OGN,0.1291,0.1351,0.1192,0.1338,237290234.0,0.1292,977.0,31749433.3092,20833259.5776,-0.0773993808049536,1.4599999999999989,0.0985559999999999,True,2023-12-05,0.1338,0.1394,0.131,0.1381,0.0321375186846037,True,41993.1,29736.681,True,117.0,,,,,,,,,,0.0
candidate_event,2024-01-08,OGN,0.1547,0.178,0.1418,0.1677,465205647.0,0.1547,1012.0,78014987.00189999,22039711.6511,-0.0833872010342597,2.0077519379844952,0.109322,True,2024-01-09,0.1678,0.175,0.1531,0.1604,-0.0441001191895114,True,46972.7,32606.7745,True,126.0,,,,,,,,,,0.0
candidate_event,2024-01-19,OGN,0.1569,0.1587,0.1452,0.1553,77160826.0,0.1569,1023.0,11983076.2778,24747014.0233,-0.0745697896749523,0.8632478632478618,0.114133,True,2024-01-20,0.1552,0.1651,0.1532,0.1629,0.0496134020618554,True,41662.2,33316.779500000004,True,125.0,,,,,,,,,,0.0
candidate_event,2024-03-08,OGN,0.2266,0.2299,0.2046,0.2235,147421516.0,0.2265,1072.0,32948708.826,14698370.06375,-0.0966887417218542,0.8630136986301369,0.1349845,True,2024-03-09,0.2235,0.2417,0.222,0.2338,0.0460850111856823,True,68180.2,38447.168,True,143.0,,,,,,,,,,0.0
candidate_event,2024-03-14,OGN,0.251,0.2521,0.2267,0.2425,115159402.0,0.2511,1078.0,27926154.985,23992554.2918,-0.0971724412584627,0.6475409836065572,0.1399455,True,2024-03-15,0.2424,0.246,0.2047,0.2287,-0.0565181518151816,True,71455.5,39791.3185,True,151.0,,,,,,,,,,0.0
candidate_event,2024-04-01,OGN,0.2178,0.2272,0.2005,0.2102,110936837.0,0.2178,1096.0,23318923.1374,27339135.03115,-0.0794306703397611,0.5606936416184969,0.151618,True,2024-04-02,0.2102,0.2118,0.1891,0.1977,-0.0594671741198858,True,69700.0,43555.8975,True,156.0,,,,,,,,,,0.0
candidate_event,2024-04-10,OGN,0.2262,0.2292,0.2065,0.2198,90763146.0,0.2262,1105.0,19949739.4908,23023393.8887,-0.0870910698496906,0.6751269035532991,0.157663,True,2024-04-11,0.2197,0.22,0.209,0.2113,-0.0382339553937187,True,70681.7,45441.989,True,154.0,,,,,,,,,,0.0
candidate_event,2024-12-02,OGN,0.1438,0.1488,0.1326,0.1481,126688250.0,0.1437,1341.0,18762529.825000003,21549777.70145,-0.0772442588726514,1.396396396396398,0.100117,True,2024-12-03,0.1481,0.1568,0.1424,0.1558,0.051991897366644,True,95890.5,67201.125,True,182.0,,,,,,,,,,0.0
candidate_event,2025-01-08,OGN,0.1109,0.1123,0.102,0.1082,123657886.0,0.1109,1378.0,13379783.2652,14500394.92615,-0.0802524797114517,0.6966292134831469,0.0985895,True,2025-01-09,0.1082,0.11,0.1028,0.1058,-0.0221811460258779,True,95014.1,72801.88,True,176.0,,,,,,,,,,0.0
candidate_event,2025-01-13,OGN,0.105,0.1078,0.0947,0.1024,130518086.0,0.105,1383.0,13365052.0064,13325102.66235,-0.098095238095238,0.7475728155339811,0.0986555,True,2025-01-14,0.1023,0.1078,0.1015,0.107,0.04594330400782,True,94485.3,73616.58350000001,True,164.0,,,,,,,,,,0.0
candidate_event,2021-10-04,ONE,0.18099,0.18886,0.16603,0.17766,1060912775.0,0.18099,200.0,188481763.6065,163618105.58491498,-0.0826565003591358,0.7774064171122995,0.1146862499999999,True,2021-10-05,0.17763,0.1859,0.17119,0.17534,-0.0128919664471092,True,49198.22,45046.52355,True,70.0,1.0,2021-10-04,2021-10-05,-0.0128919664471092,-0.0138919664471092,-0.0362551370827,0.0465574508810449,liquidity,development,1.0
candidate_event,2021-10-06,ONE,0.17543,0.17647,0.159,0.16816,591874716.0,0.17534,202.0,99529652.24256,168515887.604405,-0.0931903729896201,0.5605875152998779,0.1152522999999999,True,2021-10-07,0.16816,0.18158,0.16238,0.17676,0.0511417697431018,True,55321.6,44999.23355,True,70.0,,,,,,,,,,0.0
candidate_event,2021-10-09,ONE,0.22868,0.24886,0.2082,0.21965,1887152081.0,0.2287,205.0,414512954.59165,163618105.58491498,-0.089637079142982,0.5585365853658547,0.1159295,True,2021-10-10,0.2197,0.26742,0.205,0.25545,0.1627218934911243,True,54960.77,44983.26365,True,70.0,1.0,2021-10-09,2021-10-10,0.1627218934911243,0.1617218934911243,-0.0669094219390078,0.2172052799271733,liquidity,development,1.0
candidate_event,2021-10-31,ONE,0.30678,0.31107,0.28523,0.30478,590233584.0,0.30698,227.0,179891391.73152,237636260.8768,-0.0708515212717441,0.8988505747126446,0.1270896,True,2021-11-01,0.30478,0.31505,0.28536,0.29004,-0.0483627534615132,True,61348.61,45273.45189999999,True,70.0,1.0,2021-10-31,2021-11-01,-0.0483627534615132,-0.0493627534615132,-0.063718091738303,0.0336964367740666,liquidity,development,1.0
candidate_event,2021-11-12,ONE,0.27853,0.28308,0.25708,0.27437,536921489.0,0.27856,239.0,147315148.93693,212417621.67239,-0.0771108558299827,0.804934823091249,0.13724935,True,2021-11-13,0.27437,0.28721,0.27056,0.28062,0.0227794583955971,True,64156.08,45774.6307,True,71.0,,,,,,,,,,0.0
candidate_event,2021-12-08,ONE,0.19779,0.19968,0.18112,0.19806,532005221.0,0.19778,265.0,105368954.07126,164160814.908925,-0.0842350085954091,1.0168067226890758,0.15383275,True,2021-12-09,0.19809,0.20054,0.17607,0.17686,-0.1071735069917714,True,50455.61,46512.5604,True,73.0,,,,,,,,,,0.0
candidate_event,2023-02-01,ONE,0.0226,0.02499,0.02055,0.02377,2251019525.0,0.0226,685.0,53506734.10925,26022791.24815,-0.0907079646017698,1.5707317073170737,0.01822085,True,2023-02-02,0.02377,0.02574,0.02361,0.02418,0.0172486327303322,True,23730.0,19696.9065,True,94.0,,,,,,,,,,0.0
candidate_event,2023-02-08,ONE,0.02819,0.02873,0.02545,0.0271,1688304071.0,0.02818,692.0,45753040.3241,35119782.689475,-0.0968772178850247,0.6043956043956039,0.0183231,True,2023-02-09,0.0271,0.02806,0.02268,0.02343,-0.1354243542435423,True,22955.9,19717.0655,True,97.0,,,,,,,,,,0.0
candidate_event,2023-04-26,ONE,0.02095,0.02158,0.01893,0.02013,1340428738.0,0.02095,769.0,26982830.49594,17102888.45149,-0.0964200477326969,0.5940594059405936,0.0181792,True,2023-04-27,0.02013,0.02117,0.02004,0.02079,0.0327868852459016,True,28395.9,21540.7145,True,98.0,,,,,,,,,,0.0
candidate_event,2023-11-14,ONE,0.01395,0.01421,0.01271,0.01369,1815185236.0,0.01395,971.0,24849885.88084,10471971.555075,-0.0888888888888889,0.7903225806451614,0.0121,True,2023-11-15,0.01369,0.01484,0.01353,0.01469,0.0730460189919648,True,35559.0,28747.954500000003,True,115.0,,,,,,,,,,0.0
candidate_event,2023-11-18,ONE,0.01431,0.01432,0.013,0.01379,747431472.0,0.01431,975.0,10307079.99888,13100198.697885,-0.0915443745632424,0.6030534351145043,0.0120018,True,2023-11-19,0.01379,0.0142,0.01339,0.01412,0.0239303843364757,True,36580.9,28908.5435,True,119.0,,,,,,,,,,0.0
candidate_event,2023-12-13,ONE,0.01544,0.01582,0.01426,0.01536,1189931333.0,0.01543,1000.0,18277345.27488,11434384.41579,-0.0758263123784834,0.940170940170941,0.01171655,True,2023-12-14,0.01535,0.01575,0.01451,0.01566,0.0201954397394137,True,42875.0,30474.2695,True,119.0,,,,,,,,,,0.0
candidate_event,2023-12-18,ONE,0.01497,0.01509,0.01348,0.01469,1402455478.0,0.01497,1005.0,20602070.97182,11434384.41579,-0.0995323981295924,0.8120805369127512,0.0117179,True,2023-12-19,0.01469,0.01518,0.01438,0.01459,-0.0068073519400952,True,42671.7,30843.7285,True,122.0,,,,,,,,,,0.0
candidate_event,2024-01-08,ONE,0.01564,0.01723,0.01439,0.01703,1162904897.0,0.01564,1026.0,19804270.39591,18878508.23403,-0.079923273657289,2.1119999999999983,0.01238825,True,2024-01-09,0.01704,0.0171,0.01504,0.01565,-0.0815727699530516,True,46972.7,32606.7745,True,126.0,,,,,,,,,,0.0
candidate_event,2024-01-19,ONE,0.01487,0.01493,0.01373,0.01465,718373822.0,0.01486,1037.0,10524176.4923,16706014.74611,-0.0760430686406461,0.8141592920353983,0.01256785,True,2024-01-20,0.01464,0.01497,0.01446,0.01489,0.0170765027322403,True,41662.2,33316.779500000004,True,125.0,,,,,,,,,,0.0
candidate_event,2024-01-23,ONE,0.01407,0.01438,0.01291,0.01393,996465119.0,0.01407,1041.0,13880759.10767,13657372.037805,-0.0824449182658138,0.8793103448275866,0.012608,True,2024-01-24,0.01393,0.01429,0.01362,0.01415,0.0157932519741563,True,39890.0,33523.1895,True,124.0,,,,,,,,,,0.0
candidate_event,2024-03-08,ONE,0.0353,0.03568,0.03221,0.03405,944984395.0,0.0353,1086.0,32176718.64975,24780270.154650003,-0.0875354107648723,0.5954692556634295,0.01435735,True,2024-03-09,0.03406,0.03657,0.03383,0.03571,0.0484439224897239,True,68180.2,38447.168,True,143.0,,,,,,,,,,0.0
candidate_event,2024-03-11,ONE,0.03526,0.03803,0.03276,0.03688,820557041.0,0.03527,1089.0,30262143.672080003,30422914.72608,-0.0711652962857954,1.641434262948206,0.0147459,True,2024-03-12,0.03688,0.0377,0.03308,0.03594,-0.0254880694143168,True,72153.8,39101.605500000005,True,147.0,,,,,,,,,,0.0
candidate_event,2024-04-17,ONE,0.01987,0.02013,0.01827,0.01934,803562867.0,0.01988,1126.0,15540905.84778,18535180.13741,-0.0809859154929576,0.6645962732919255,0.0182583999999999,True,2024-04-18,0.01935,0.02067,0.01887,0.02002,0.034625322997416,True,61254.5,46788.06399999999,True,155.0,,,,,,,,,,0.0
candidate_event,2024-04-19,ONE,0.02002,0.02126,0.01808,0.02045,1107194167.0,0.02002,1128.0,22642120.71515,17498225.424425,-0.0969030969030969,1.2216494845360824,0.0183612,True,2024-04-20,0.02045,0.02237,0.02008,0.02225,0.0880195599022004,True,63787.4,47146.931,True,153.0,,,,,,,,,,0.0
candidate_event,2024-12-02,ONE,0.0295,0.03043,0.02687,0.02983,1417599103.0,0.0295,1355.0,42286981.24249,17622565.573739998,-0.0891525423728812,1.125475285171103,0.0148672,True,2024-12-03,0.02982,0.03295,0.02753,0.03034,0.0174379610999328,True,95890.5,67201.125,True,182.0,,,,,,,,,,0.0
candidate_event,2024-12-03,ONE,0.02982,0.03295,0.02753,0.03034,1706502935.0,0.02983,1356.0,51775299.0479,19576192.1649,-0.0771035869929601,1.2217391304347829,0.0149176,True,2024-12-04,0.03035,0.03552,0.02966,0.03302,0.0879736408566722,True,95913.3,67345.7915,True,183.0,,,,,,,,,,0.0
candidate_event,2024-12-16,ONE,0.03422,0.03497,0.03108,0.0328,940952469.0,0.03421,1369.0,30863240.9832,43754939.78179,-0.0914937152879274,0.5495207667731643,0.01581805,True,2024-12-17,0.03279,0.03383,0.03101,0.03165,-0.0347666971637694,True,106023.2,69408.12150000001,True,197.0,,,,,,,,,,0.0
candidate_event,2025-01-13,ONE,0.02332,0.02415,0.02113,0.02299,1210383716.0,0.02331,1397.0,27826721.63084,26867333.421235003,-0.0935220935220936,0.8532110091743116,0.01719015,True,2025-01-14,0.023,0.02438,0.02282,0.02431,0.0569565217391303,True,94485.3,73616.58350000001,True,164.0,,,,,,,,,,0.0
candidate_event,2023-02-08,ONT,0.2408,0.245,0.2234,0.2325,79074515.3,0.2407,768.0,18384824.80725,16023144.45687,-0.0718737017033652,0.5260115606936427,0.2131245,True,2023-02-09,0.2325,0.259,0.2077,0.213,-0.0838709677419355,True,22955.9,19717.0655,True,97.0,,,,,,,,,,0.0
candidate_event,2023-02-13,ONT,0.2243,0.2244,0.2035,0.2167,130689846.0,0.2243,773.0,28320489.6282,18983981.126925,-0.0927329469460545,0.634615384615385,0.212443,True,2023-02-14,0.2168,0.2229,0.2106,0.2221,0.0244464944649447,True,21766.2,19701.624,True,97.0,,,,,,,,,,0.0
candidate_event,2023-11-14,ONT,0.2264,0.2297,0.2097,0.2201,58160290.8,0.2264,1047.0,12801080.00508,18740149.932135,-0.0737632508833922,0.6227544910179639,0.1905379999999999,True,2023-11-15,0.2202,0.2332,0.22,0.2314,0.05086285195277,True,35559.0,28747.954500000003,True,115.0,,,,,,,,,,0.0
candidate_event,2023-12-18,ONT,0.226,0.2282,0.2087,0.221,64542914.7,0.2261,1081.0,14263984.1487,11745933.72072,-0.0769570986289253,0.7068965517241382,0.1913485,True,2023-12-19,0.2211,0.2251,0.2157,0.2203,-0.0036182722749886,True,42671.7,30843.7285,True,122.0,,,,,,,,,,0.0
candidate_event,2023-12-26,ONT,0.254,0.2578,0.2305,0.2483,121505326.6,0.254,1089.0,30169772.59478,14064101.27851,-0.09251968503937,0.7574468085106377,0.1925575,True,2023-12-27,0.2483,0.2618,0.2394,0.2577,0.0378574305275876,True,42538.5,31509.655999999995,True,127.0,,,,,,,,,,0.0
candidate_event,2024-01-05,ONT,0.269,0.2704,0.248,0.2613,125169965.2,0.2689,1099.0,32706911.90676,15941085.26904,-0.0777240609892152,0.6363636363636361,0.19824,True,2024-01-06,0.2613,0.2729,0.2508,0.2619,0.0022962112514353,True,44145.4,32373.3135,True,128.0,,,,,,,,,,0.0
candidate_event,2024-01-09,ONT,0.2402,0.2407,0.2206,0.231,111046724.8,0.2403,1103.0,25651793.4288,16523521.04247,-0.0819808572617561,0.5279187817258887,0.1994729999999999,True,2024-01-10,0.231,0.2507,0.2252,0.2458,0.0640692640692639,True,46114.0,32683.9775,True,125.0,,,,,,,,,,0.0
candidate_event,2024-01-23,ONT,0.2245,0.2281,0.2075,0.2174,68082489.4,0.2244,1117.0,14801133.195560005,23013455.56048,-0.0753119429590017,0.5857988165680486,0.202465,True,2024-01-24,0.2175,0.2288,0.2146,0.2287,0.0514942528735631,True,39890.0,33523.1895,True,124.0,,,,,,,,,,0.0
candidate_event,2024-03-12,ONT,0.3861,0.3887,0.3509,0.3859,89306297.7,0.3862,1166.0,34463300.28243,18616770.38325,-0.091403417918177,0.991501416430596,0.2222684999999999,True,2024-03-13,0.3858,0.4241,0.378,0.402,0.04199066874028,True,71503.2,39328.863000000005,True,149.0,,,,,,,,,,0.0
candidate_event,2024-03-14,ONT,0.4019,0.4028,0.3638,0.3912,87422057.2,0.402,1168.0,34199508.77664,20547509.6204,-0.0950248756218905,0.717277486910994,0.2246425,True,2024-03-15,0.3912,0.3957,0.3308,0.3619,-0.0748977505112474,True,71455.5,39791.3185,True,151.0,,,,,,,,,,0.0
candidate_event,2024-04-14,ONT,0.2841,0.3139,0.2579,0.3094,506698201.7,0.284,1199.0,156772423.60598,20446675.187250003,-0.091901408450704,1.9731800766283556,0.2522555,True,2024-04-15,0.3094,0.369,0.2965,0.3181,0.0281189398836456,True,65615.9,46250.27099999999,True,154.0,,,,,,,,,,0.0
candidate_event,2024-04-16,ONT,0.3182,0.3374,0.291,0.3254,634738952.9,0.3181,1201.0,206544055.27366,20446675.187250003,-0.0851933354291103,1.2693726937269385,0.2537945,True,2024-04-17,0.3254,0.3288,0.2886,0.2925,-0.1011063306699447,True,63765.0,46616.546,True,153.0,,,,,,,,,,0.0
candidate_event,2024-12-05,ONT,0.3561,0.3631,0.329,0.3459,111168148.7,0.356,1434.0,38453062.63533,17858383.820555,-0.0758426966292133,0.6259259259259256,0.2080229999999999,True,2024-12-06,0.346,0.3586,0.3271,0.3526,0.0190751445086707,True,97001.5,67658.52649999999,True,190.0,,,,,,,,,,0.0
candidate_event,2024-12-20,ONT,0.2153,0.2319,0.1942,0.2302,116626406.7,0.2153,1449.0,26847398.82234,20319731.21691,-0.0980027868091034,1.7061611374407588,0.206398,True,2024-12-21,0.2302,0.2439,0.2163,0.2195,-0.0464813205907905,True,97764.4,70055.22200000001,True,199.0,,,,,,,,,,0.0
candidate_event,2025-01-27,ONT,0.2213,0.2232,0.2028,0.2199,100085717.0,0.2214,1487.0,22008849.168300003,14353470.28613,-0.0840108401084011,0.9193548387096774,0.2101959999999999,True,2025-01-28,0.2199,0.2213,0.2036,0.2062,-0.0623010459299682,True,102021.3,76666.3335,True,153.0,,,,,,,,,,0.0
candidate_event,2023-01-14,OP,1.5955,1.7978,1.47,1.7292,284142053.6,1.5955,227.0,491338439.0851201,96469322.3663,-0.0786587276715762,2.065338645418328,1.0283935000000002,True,2023-01-15,1.7291,1.8909,1.6181,1.8229,0.0542478746168526,True,20962.8,19508.5375,True,67.0,2.0,2023-01-14,2023-01-15,0.0542478746168526,0.0532478746168526,-0.0641952460817766,0.0935746920363194,liquidity,development,1.0
candidate_event,2023-01-16,OP,1.8231,1.89,1.688,1.7945,188176052.3,1.8229,229.0,337681925.85235,96469322.3663,-0.0740029623127983,0.7894736842105264,1.040842,True,2023-01-17,1.7949,1.91,1.7273,1.7381,-0.0316452170037327,True,21188.3,19518.7255,True,70.0,2.0,2023-01-16,2023-01-17,-0.0316452170037327,-0.0326452170037327,-0.0376622653072593,0.0641261351607331,liquidity,development,1.0
candidate_event,2023-01-18,OP,1.7384,1.7994,1.567,1.6614,143959027.0,1.7381,231.0,239173527.4578,104102263.60206,-0.0984408261895173,0.5517241379310346,1.0525675,True,2023-01-19,1.6615,1.7649,1.6222,1.7459,0.0507974721637074,True,20680.0,19535.2155,True,75.0,2.0,2023-01-18,2023-01-19,0.0507974721637074,0.0497974721637074,-0.023653325308456,0.062232922058381,liquidity,development,1.0
candidate_event,2023-02-05,OP,2.9956,3.0753,2.782,2.948,146136754.6,2.9959,249.0,430811152.5608,295759001.580075,-0.0713975766881404,0.77606358111267,1.2158425,True,2023-02-06,2.9483,3.1177,2.7542,2.9143,-0.0115320693280874,True,22929.2,19713.626,True,96.0,1.0,2023-02-05,2023-02-06,-0.0115320693280874,-0.0125320693280874,-0.0658345487229929,0.057456839534647,liquidity,development,1.0
candidate_event,2023-02-21,OP,2.6085,2.6526,2.4186,2.5177,117917232.5,2.6085,265.0,296880216.26525,402379709.02926,-0.0728004600345024,0.5218536071616646,1.315184,True,2023-02-22,2.5177,2.8,2.3388,2.7031,0.0736386384398459,True,24443.4,19737.5835,True,99.0,1.0,2023-02-21,2023-02-22,0.0736386384398459,0.0726386384398459,-0.0710569170274456,0.1121261468800889,liquidity,development,1.0
candidate_event,2023-02-22,OP,2.5177,2.8,2.3388,2.7031,240092984.5,2.5177,266.0,648995346.40195,394856139.39012,-0.0710569170274456,2.0363331470095023,1.3192055000000005,True,2023-02-23,2.7032,3.08,2.6911,2.8741,0.0632213672684225,True,24171.3,19743.7235,True,99.0,2.0,2023-02-22,2023-02-23,0.0632213672684225,0.0622213672684225,-0.0044761763835453,0.1393903521751998,liquidity,development,1.0
candidate_event,2023-04-26,OP,2.2425,2.3476,2.0431,2.166,137420818.3,2.2425,329.0,297653492.4378,260432401.14252505,-0.0889186176142698,0.6163490471414236,1.7201510000000002,True,2023-04-27,2.1661,2.242,2.138,2.1792,0.0060477355616082,True,28395.9,21540.7145,True,98.0,,,,,,,,,,0.0
candidate_event,2023-11-14,OP,1.7914,1.8355,1.6438,1.794,165159140.2,1.7914,531.0,296295497.5188,157124886.18065,-0.0823936585910461,1.0176151761517611,1.4509405000000002,True,2023-11-15,1.7939,1.8785,1.7916,1.8625,0.0382407046100674,True,35559.0,28747.954500000003,True,115.0,,,,,,,,,,0.0
candidate_event,2023-12-13,OP,2.3474,2.3794,2.1206,2.2495,186110418.9,2.3472,560.0,418655387.31555,184017606.54524,-0.0965405589638718,0.568843777581641,1.46161,True,2023-12-14,2.2496,2.3255,2.12,2.2641,0.0064455903271691,True,42875.0,30474.2695,True,119.0,,,,,,,,,,0.0
candidate_event,2023-12-27,OP,3.4704,4.1892,3.2123,3.9619,369781655.3,3.4708,574.0,1465037940.13307,335753521.91593504,-0.0744785063962198,2.899806576402319,1.5578245000000002,True,2023-12-28,3.9622,4.1549,3.5709,3.5833,-0.0956286911311897,True,43453.8,31597.792,True,127.0,1.0,2023-12-27,2023-12-28,-0.0956286911311897,-0.0966286911311897,-0.0987582656100146,0.0486345969410932,liquidity,development,1.0
candidate_event,2024-01-08,OP,3.1694,3.4822,2.9036,3.4161,141706603.6,3.1696,586.0,484083928.55796,489260657.70864,-0.0839222614840989,1.9266917293233088,1.7017654999999998,True,2024-01-09,3.4162,3.7157,3.093,3.641,0.0658041098296353,True,46972.7,32606.7745,True,126.0,,,,,,,,,,0.0
candidate_event,2024-01-09,OP,3.4162,3.7157,3.093,3.641,164815439.2,3.4161,587.0,600093014.1272,483814795.71528,-0.0945815403530342,1.6960693283813053,1.7130345000000002,True,2024-01-10,3.6411,4.0972,3.4986,3.9317,0.0798110461124386,True,46114.0,32683.9775,True,125.0,2.0,2024-01-09,2024-01-10,0.0798110461124386,0.0788110461124386,-0.0391365246766086,0.1252643431929911,liquidity,development,1.0
candidate_event,2024-01-11,OP,3.9322,4.1053,3.632,3.9682,200641764.6,3.9317,589.0,796186650.28572,499513488.08958,-0.0762265686598672,1.1217884551217876,1.7393445000000003,True,2024-01-12,3.9679,4.2861,3.7391,3.915,-0.0133319892134379,True,46337.8,32844.07,True,126.0,1.0,2024-01-11,2024-01-12,-0.0133319892134379,-0.0143319892134379,-0.0576627435167217,0.0801935532649511,liquidity,development,1.0
candidate_event,2024-03-03,OP,3.993,4.339,3.6588,3.9918,143059895.2,3.993,641.0,571066489.6593599,270934143.540115,-0.0836964688204358,0.99640933572711,2.257145,True,2024-03-04,3.9919,4.1082,3.7588,3.9134,-0.0196648212630575,True,63178.5,37436.2145,True,132.0,,,,,,,,,,0.0
candidate_event,2024-03-05,OP,3.9134,4.6868,3.63,4.5172,307722334.6,3.9134,643.0,1390043329.8551202,287362700.56815,-0.072417846373997,3.130557515878613,2.2852775,True,2024-03-06,4.5176,4.8699,4.3105,4.5493,0.007017000177085,True,63747.4,37833.1745,True,134.0,1.0,2024-03-05,2024-03-06,0.007017000177085,0.006017000177085,-0.0458429254471399,0.0779838852488048,liquidity,development,1.0
candidate_event,2024-03-20,OP,3.4434,3.5799,3.1576,3.5508,200790852.6,3.4432,658.0,712968159.41208,334840205.85134006,-0.0829460966542751,1.3767507002801125,2.484167,True,2024-03-21,3.5508,3.6115,3.3369,3.4299,-0.0340486650895573,True,67876.4,41002.2445,True,154.0,1.0,2024-03-20,2024-03-21,-0.0340486650895573,-0.0350486650895573,-0.0602399459276783,0.0170947392136981,liquidity,development,1.0
candidate_event,2024-11-24,OP,2.2073,2.3479,2.032,2.2031,176628627.8,2.2074,907.0,389130529.90618,148135933.3734,-0.0794599981879132,0.9754846066134564,1.7784945,True,2024-11-25,2.203,2.4348,2.1065,2.2997,0.0438946890603724,True,97960.4,65891.7095,True,149.0,,,,,,,,,,0.0
candidate_event,2024-11-26,OP,2.2996,2.3628,2.1041,2.2048,154650105.1,2.2997,909.0,340972551.72448,159300911.438825,-0.0850545723355221,0.5148261758691213,1.7751745,True,2024-11-27,2.2045,2.5125,2.1555,2.5087,0.1379904740303925,True,92021.4,66197.9955,True,164.0,,,,,,,,,,0.0
candidate_event,2024-12-02,OP,2.4682,2.5769,2.28,2.5623,128975562.5,2.4682,915.0,330474083.79375,213104737.26542,-0.0762498987116118,1.5,1.774882,True,2024-12-03,2.5623,2.6007,2.32,2.5531,-0.0035905241384692,True,95890.5,67201.125,True,182.0,,,,,,,,,,0.0
candidate_event,2024-12-03,OP,2.5623,2.6007,2.32,2.5531,117176706.9,2.5623,916.0,299163850.38639003,226366107.25450003,-0.094563478125122,0.9620305406520848,1.774815,True,2024-12-04,2.5531,2.742,2.5046,2.5492,-0.0015275547373782,True,95913.3,67345.7915,True,183.0,,,,,,,,,,0.0
candidate_event,2024-12-10,OP,2.238,2.3092,2.0333,2.2036,137291473.6,2.238,923.0,302535491.22496,309550086.10118,-0.0914655942806076,0.8319491939423536,1.7695745,True,2024-12-11,2.2036,2.3585,2.1167,2.3345,0.059402795425667,True,96602.4,68395.6005,True,194.0,,,,,,,,,,0.0
candidate_event,2025-01-08,OP,1.8903,1.9234,1.706,1.8025,75664905.5,1.8903,952.0,136385992.16375,144416126.7895,-0.0974977516796276,0.5236028214867062,1.741169,True,2025-01-09,1.8025,1.8396,1.7066,1.7496,-0.0293481276005547,True,95014.1,72801.88,True,176.0,,,,,,,,,,0.0
candidate_event,2024-11-24,ORDI,40.691,43.992,37.282,39.906,11417071.7,40.69,383.0,455609663.2602,268302159.55585,-0.0837552224133694,0.7699530516431929,36.37312,True,2024-11-25,39.914,41.687,37.666,39.439,-0.0119005862604599,True,97960.4,65891.7095,True,149.0,,,,,,,,,,0.0
candidate_event,2024-12-02,ORDI,41.112,42.153,37.044,40.305,12230305.9,41.114,391.0,492942479.2995,365507351.3645,-0.098993043732062,0.8012285012285019,36.51243,True,2024-12-03,40.304,52.964,39.789,47.493,0.1783693926161174,True,95890.5,67201.125,True,182.0,,,,,,,,,,0.0
candidate_event,2025-07-22,ORDI,11.6,11.863,10.575,11.369,7806529.1,11.601,623.0,88752429.3379,51561227.0263,-0.0884406516679597,0.7738791423001942,11.196585,True,2025-07-23,11.369,11.377,9.64,10.041,-0.1168088662151464,True,119993.7,98013.1785,True,131.0,,,,,,,,,,0.0
candidate_event,2025-07-12,PENGU,0.023546,0.0247,0.021417,0.0233,24933685673.0,0.023548,207.0,580954876.1809,120630066.254391,-0.0904960081535587,0.8836227123416245,0.0136380199999999,True,2025-07-13,0.023299,0.032715,0.022682,0.030011,0.288081033520752,True,117389.3,96861.877,True,116.0,1.0,2025-07-12,2025-07-13,0.288081033520752,0.287081033520752,-0.0264818232542168,0.404137516631615,liquidity,development,1.0
candidate_event,2025-07-14,PENGU,0.030012,0.031489,0.0272,0.029894,38753602650.0,0.030011,209.0,1158500197.6191,192305065.9103795,-0.0936656559261605,0.9583778014941304,0.013558225,True,2025-07-15,0.029895,0.034896,0.028875,0.032346,0.0819869543401905,True,119816.5,97080.4975,True,116.0,1.0,2025-07-14,2025-07-15,0.0819869543401905,0.0809869543401905,-0.0341194179628699,0.1672854992473658,liquidity,development,1.0
candidate_event,2025-07-23,PENGU,0.04226,0.046624,0.038627,0.042865,37582113083.0,0.04227,218.0,1610957277.302795,612922224.359897,-0.0861840548852613,1.1633269283557504,0.0135046,True,2025-07-24,0.042874,0.0438,0.037208,0.037615,-0.1226617530438027,True,118713.5,98115.88,True,131.0,1.0,2025-07-23,2025-07-24,-0.1226617530438027,-0.1236617530438027,-0.1321546858235761,0.0215981713859214,liquidity,development,1.0
candidate_event,2025-08-02,PENGU,0.034212,0.036416,0.031154,0.033244,18764230665.0,0.034212,228.0,623798084.22726,722708617.6220186,-0.0893838419268092,0.6834532374100729,0.01362913,True,2025-08-03,0.033244,0.036299,0.03248,0.035294,0.0616652629045841,True,112508.8,99159.1385,True,155.0,1.0,2025-08-02,2025-08-03,0.0616652629045841,0.0606652629045841,-0.0229815906629767,0.0918962820358559,liquidity,development,1.0
candidate_event,2023-11-07,PEOPLE,0.01389,0.01415,0.01289,0.01349,1973365744.0,0.01388,683.0,26620703.88656,16799633.346440002,-0.0713256484149855,0.6060606060606062,0.0130712,True,2023-11-08,0.0135,0.01372,0.01324,0.01358,0.0059259259259258,True,35406.5,28459.719,True,98.0,,,,,,,,,,0.0
candidate_event,2023-12-18,PEOPLE,0.01315,0.01334,0.01197,0.01275,1582031176.0,0.01314,724.0,20170897.494,15859862.133545,-0.0890410958904109,0.6666666666666656,0.0118835,True,2023-12-19,0.01275,0.01311,0.01262,0.01279,0.0031372549019608,True,42671.7,30843.7285,True,122.0,,,,,,,,,,0.0
candidate_event,2024-01-04,PEOPLE,0.02192,0.0317,0.02015,0.02354,52930451514.0,0.02192,741.0,1245982828.63956,19213008.8984,-0.0807481751824816,1.915254237288137,0.01193905,True,2024-01-05,0.02354,0.043,0.02229,0.03996,0.6975361087510623,True,44143.8,32286.729,True,127.0,,,,,,,,,,0.0
candidate_event,2024-01-06,PEOPLE,0.03997,0.04678,0.03616,0.0386,41712541049.0,0.03996,743.0,1610104084.4914,19213008.8984,-0.0950950950950951,0.6421052631578952,0.0122125499999999,True,2024-01-07,0.03859,0.058,0.03479,0.04229,0.0958797615962685,True,43956.7,32451.644,True,127.0,,,,,,,,,,0.0
candidate_event,2024-01-07,PEOPLE,0.03859,0.058,0.03479,0.04229,49076745261.0,0.0386,744.0,2075455557.08769,19213008.8984,-0.0987046632124352,1.9685039370078732,0.01236055,True,2024-01-08,0.04228,0.0482,0.03335,0.03722,-0.1196783349101229,True,43916.9,32521.286,True,127.0,1.0,2024-01-07,2024-01-08,-0.1196783349101229,-0.1206783349101229,-0.2112109744560075,0.1400189214758751,liquidity,development,1.0
candidate_event,2024-01-11,PEOPLE,0.03446,0.04025,0.03164,0.04005,13952165968.0,0.03445,748.0,558784247.0184001,20867106.06624,-0.0815674891146589,2.9928825622775803,0.01281825,True,2024-01-12,0.04005,0.04723,0.0361,0.0386,-0.0362047440699125,True,46337.8,32844.07,True,126.0,2.0,2024-01-11,2024-01-12,-0.0362047440699125,-0.0372047440699125,-0.0986267166042447,0.1792759051186017,liquidity,development,1.0
candidate_event,2024-01-12,PEOPLE,0.04005,0.04723,0.0361,0.0386,22900636071.0,0.04005,749.0,883964552.3406,21767337.93174,-0.0986267166042447,0.6329113924050636,0.01294425,True,2024-01-13,0.0386,0.04394,0.03686,0.03735,-0.0323834196891191,True,42788.9,32906.71400000001,True,126.0,,,,,,,,,,0.0
candidate_event,2024-01-19,PEOPLE,0.032,0.03298,0.02975,0.03212,4240897860.0,0.03199,756.0,136217639.2632,148940690.799705,-0.0700218818380743,1.0580357142857166,0.01368855,True,2024-01-20,0.03212,0.03554,0.03139,0.03522,0.0965130759651307,True,41662.2,33316.779500000004,True,125.0,,,,,,,,,,0.0
candidate_event,2024-02-21,PEOPLE,0.02981,0.03,0.02765,0.02881,1315688634.0,0.02981,789.0,37904989.54554,57253602.149955,-0.0724589064072458,0.5370370370370363,0.01624195,True,2024-02-22,0.0288,0.02944,0.02811,0.02881,0.0003472222222222,True,51877.8,35906.8355,True,107.0,,,,,,,,,,0.0
candidate_event,2024-03-01,PEOPLE,0.0462,0.05295,0.04203,0.04957,9472138685.0,0.0462,798.0,469533914.61545,54368364.44876,-0.0902597402597402,1.8081534772182264,0.0172083,True,2024-03-02,0.04957,0.05988,0.04693,0.04906,-0.01028848093605,True,62430.6,37099.6385,True,129.0,1.0,2024-03-01,2024-03-02,-0.01028848093605,-0.01128848093605,-0.0532580189630825,0.2079887028444622,liquidity,development,1.0
candidate_event,2024-03-08,PEOPLE,0.04553,0.05135,0.04151,0.05029,5479739399.0,0.04553,805.0,275576094.37571,60664443.07477,-0.0882934329013838,2.184079601990049,0.0185211,True,2024-03-09,0.0503,0.05389,0.04766,0.04935,-0.0188866799204771,True,68180.2,38447.168,True,143.0,,,,,,,,,,0.0
candidate_event,2024-03-10,PEOPLE,0.04935,0.05251,0.04536,0.04983,3501804978.0,0.04935,807.0,174494942.05374,61550512.01189,-0.0808510638297872,1.1203007518796997,0.01891925,True,2024-03-11,0.04983,0.0505,0.04668,0.04976,-0.0014047762392133,True,69001.8,38871.6595,True,145.0,,,,,,,,,,0.0
candidate_event,2024-04-05,PEOPLE,0.03562,0.03562,0.03306,0.03466,707729433.0,0.03562,833.0,24529902.14778,61824095.441690005,-0.0718697361033127,0.6250000000000017,0.0229643,True,2024-04-06,0.03466,0.03607,0.0345,0.03564,0.028274668205424,True,67825.7,44362.851,True,154.0,,,,,,,,,,0.0
candidate_event,2024-04-19,PEOPLE,0.0241,0.02558,0.022,0.02496,1650129946.0,0.0241,847.0,41187243.45216,41238243.02434,-0.0871369294605809,1.4095238095238092,0.02433125,True,2024-04-20,0.02496,0.02772,0.02443,0.0272,0.0897435897435896,True,63787.4,47146.931,True,153.0,,,,,,,,,,0.0
candidate_event,2024-04-27,PEOPLE,0.02644,0.02668,0.02454,0.0261,1053340679.0,0.02645,855.0,27492191.7219,36703749.377925,-0.0722117202268431,0.8167539267015711,0.02503355,True,2024-04-28,0.02611,0.02687,0.02509,0.02525,-0.0329375718115664,True,63421.0,48634.8435,True,153.0,,,,,,,,,,0.0
candidate_event,2024-05-13,PEOPLE,0.03012,0.03326,0.02786,0.03198,6582574407.0,0.03011,871.0,210510729.53586,34631888.084025,-0.0747260046496181,1.8311111111111105,0.02635385,True,2024-05-14,0.03199,0.03899,0.03153,0.03435,0.0737730540793999,True,62912.1,51223.668,True,138.0,2.0,2024-05-13,2024-05-14,0.0737730540793999,0.0727730540793999,-0.0143794935917472,0.2188183807439825,liquidity,development,1.0
candidate_event,2024-05-28,PEOPLE,0.08119,0.0965,0.07505,0.08613,12490878686.0,0.08119,886.0,1075839381.22518,301013535.63585,-0.0756250769799236,1.80456026058632,0.0300186,True,2024-05-29,0.08613,0.08856,0.07846,0.0794,-0.078137698827354,True,68440.5,53670.018,True,126.0,1.0,2024-05-28,2024-05-29,-0.078137698827354,-0.079137698827354,-0.08905143387902,0.0282131661442006,liquidity,development,1.0
candidate_event,2024-06-12,PEOPLE,0.11392,0.12981,0.10374,0.10933,6917066109.0,0.11392,901.0,756242837.69697,873921152.7616351,-0.0893609550561796,0.5491159135559922,0.037247,True,2024-06-13,0.10933,0.11544,0.104,0.10867,-0.0060367694137015,True,68270.3,56069.488,True,127.0,1.0,2024-06-12,2024-06-13,-0.0060367694137015,-0.0070367694137015,-0.0487514863258026,0.0558858501783592,liquidity,development,1.0
candidate_event,2024-06-21,PEOPLE,0.08429,0.08438,0.07674,0.08057,3567178838.0,0.08429,910.0,287407598.97766,708308684.303005,-0.0895717166923716,0.5072847682119205,0.0410436999999999,True,2024-06-22,0.08058,0.08376,0.07851,0.07986,-0.0089352196574832,True,64124.0,57285.096000000005,True,131.0,1.0,2024-06-21,2024-06-22,-0.0089352196574832,-0.0099352196574832,-0.0256887565152643,0.039463886820551,liquidity,development,1.0
candidate_event,2024-07-13,PEOPLE,0.05879,0.06156,0.05446,0.05663,2970318188.0,0.05878,932.0,168209118.98644,338013335.00756,-0.0734943858455257,0.5023148148148148,0.0476611,True,2024-07-14,0.05663,0.07165,0.05663,0.0668,0.1795867914532933,True,59174.0,59131.024000000005,True,114.0,1.0,2024-07-13,2024-07-14,0.1795867914532933,0.1785867914532933,0.0,0.265230443227971,liquidity,development,1.0
candidate_event,2024-07-25,PEOPLE,0.07956,0.08065,0.07284,0.07662,3662121372.0,0.07956,944.0,280591739.52264,270962330.37256,-0.0844645550527903,0.5624999999999984,0.05114725,True,2024-07-26,0.07662,0.0825,0.07588,0.08155,0.0643435134429653,True,65773.0,60451.092,True,109.0,2.0,2024-07-25,2024-07-26,0.0643435134429653,0.0633435134429653,-0.0096580527277472,0.076742364917776,liquidity,development,1.0
candidate_event,2024-08-25,PEOPLE,0.0759,0.07623,0.07003,0.07383,2225538617.0,0.07589,975.0,164311516.09311002,117546631.2064,-0.0772170246409277,0.6484641638225271,0.05595865,True,2024-08-26,0.07383,0.0764,0.07006,0.07185,-0.0268183665176758,True,64190.2,63325.846,True,110.0,1.0,2024-08-25,2024-08-26,-0.0268183665176758,-0.0278183665176758,-0.051063253420019,0.0348096979547607,liquidity,development,1.0
candidate_event,2024-10-28,PEOPLE,0.07313,0.07441,0.066,0.07051,3767272338.0,0.07313,1039.0,265630372.55238003,196925937.33223495,-0.0974976070012306,0.6325385694249652,0.0661172,True,2024-10-29,0.0705,0.08078,0.06987,0.07828,0.1103546099290782,True,69940.0,63251.6545,True,112.0,,,,,,,,,,0.0
candidate_event,2025-05-14,PEOPLE,0.03388,0.03936,0.03121,0.03474,32101499127.0,0.03388,1237.0,1115206079.67198,29948500.81534,-0.0788075560802833,1.3220973782771537,0.0346701,True,2025-05-15,0.03475,0.03752,0.02509,0.026,-0.2517985611510792,True,103458.1,91946.1725,True,126.0,1.0,2025-05-14,2025-05-15,-0.2517985611510792,-0.2527985611510792,-0.2779856115107914,0.079712230215827,liquidity,development,1.0
candidate_event,2024-12-03,PIXEL,0.26505,0.2788,0.24431,0.27399,186337453.0,0.26504,288.0,51054598.74747,37991175.5547,-0.0782146091156051,1.4317414375301505,0.2108717,True,2024-12-04,0.27401,0.29568,0.27012,0.27889,0.0178095689938324,True,95913.3,67345.7915,True,183.0,,,,,,,,,,0.0
candidate_event,2025-07-17,PNUT,0.29732,0.31203,0.27575,0.28984,823677473.0,0.29728,248.0,238734678.77432,146017628.50238,-0.0724233046286328,0.6544356711565256,0.26274905,True,2025-07-18,0.28984,0.3136,0.26729,0.2795,-0.0356748550924647,True,119176.6,97441.9365,True,119.0,1.0,2025-07-17,2025-07-18,-0.0356748550924647,-0.0366748550924647,-0.0778015456803752,0.0819762627656637,liquidity,development,1.0
candidate_event,2025-07-18,PNUT,0.28984,0.3136,0.26729,0.2795,805077948.0,0.28984,249.0,225019286.466,148208234.18659502,-0.0778015456803752,0.5414634146341473,0.26074335,True,2025-07-19,0.2795,0.28938,0.2696,0.28462,0.0183184257602859,True,117896.4,97567.622,True,121.0,2.0,2025-07-18,2025-07-19,0.0183184257602859,0.0173184257602859,-0.0354203935599285,0.0353488372093022,liquidity,development,1.0
candidate_event,2025-09-15,PNUT,0.24871,0.25488,0.2295,0.23951,310669883.0,0.24872,308.0,74408543.67733,63803277.064235,-0.0772756513348342,0.5208116545265348,0.228121,True,2025-09-16,0.23951,0.24845,0.23211,0.24686,0.0306876539601685,True,115300.6,102596.6385,True,132.0,1.0,2025-09-15,2025-09-16,0.0306876539601685,0.0296876539601685,-0.030896413510918,0.037326207674001,liquidity,development,1.0
candidate_event,2024-12-02,POWR,0.3301,0.3401,0.3,0.3312,144441361.0,0.3303,402.0,47838978.7632,14503330.93125,-0.0917347865576748,1.0297029702970302,0.2273015,True,2024-12-03,0.3313,0.349,0.3011,0.3477,0.0495019619680048,True,95890.5,67201.125,True,182.0,,,,,,,,,,0.0
candidate_event,2024-12-03,POWR,0.3313,0.349,0.3011,0.3477,142523908.0,0.3312,403.0,49555562.8116,15162056.3773,-0.0908816425120773,1.5481727574750832,0.2274464999999999,True,2024-12-04,0.3478,0.3624,0.3351,0.3531,0.0152386428982174,True,95913.3,67345.7915,True,183.0,,,,,,,,,,0.0
candidate_event,2025-01-27,POWR,0.2612,0.264,0.2392,0.2571,49879222.0,0.2614,458.0,12823947.9762,21646661.08215,-0.0849273144605968,0.8063063063063054,0.2355129999999999,True,2025-01-28,0.257,0.2602,0.2422,0.2442,-0.0498054474708171,True,102021.3,76666.3335,True,153.0,,,,,,,,,,0.0
candidate_event,2024-11-13,PYTH,0.4179,0.4296,0.3833,0.4101,163556695.0,0.4178,357.0,67074600.6195,31498616.8706,-0.0825753949258019,0.7768115942028992,0.354129,True,2024-11-14,0.4102,0.4239,0.3857,0.3925,-0.0431496830814236,True,90413.3,64157.32399999999,True,121.0,,,,,,,,,,0.0
candidate_event,2024-11-26,PYTH,0.4465,0.4614,0.4053,0.427,251132941.0,0.4465,370.0,107233765.807,53722999.22545,-0.0922732362821948,0.5266990291262134,0.3475215,True,2024-11-27,0.4271,0.4769,0.4153,0.4732,0.1079372512292204,True,92021.4,66197.9955,True,164.0,,,,,,,,,,0.0
candidate_event,2024-03-12,QNT,126.3,139.78,117.14,138.6,335641.8,126.28,509.0,46519953.48,13898536.915,-0.0723788406715235,2.347921225382932,105.62105,True,2024-03-13,138.59,147.29,131.9,138.19,-0.0028862111263439,True,71503.2,39328.863000000005,True,149.0,,,,,,,,,,0.0
candidate_event,2024-03-14,QNT,138.19,142.52,128.25,136.34,224900.6,138.19,511.0,30662947.804,14744208.762,-0.0719299515160286,0.8138832997987933,105.9652,True,2024-03-15,136.34,138.38,119.0,136.21,-0.0009534986064251,True,71455.5,39791.3185,True,151.0,,,,,,,,,,0.0
candidate_event,2024-12-10,QNT,137.03,147.39,125.28,138.34,331573.5,137.03,782.0,45869877.99,27582439.4415,-0.0857476465007662,1.1114893617021278,76.45555,True,2024-12-11,138.35,153.34,130.68,142.73,0.0316588362847849,True,96602.4,68395.6005,True,194.0,,,,,,,,,,0.0
candidate_event,2025-01-13,QNT,104.42,106.67,96.05,101.73,134834.6,104.41,816.0,13716723.858,13154202.767,-0.0800689589119816,0.679425837320575,81.976,True,2025-01-14,101.73,105.7,100.39,104.88,0.0309643173105278,True,94485.3,73616.58350000001,True,164.0,,,,,,,,,,0.0
candidate_event,2025-02-28,QNT,97.25,97.34,88.46,96.24,177618.2,97.26,862.0,17093975.568,11436861.1525,-0.0904791281102201,0.884090909090908,88.51119999999999,True,2025-03-01,96.24,97.05,90.76,92.04,-0.0436408977556108,True,84299.6,81981.7515,True,133.0,,,,,,,,,,0.0
candidate_event,2021-08-15,QTUM,14.123,14.135,12.911,13.807,12395570.2,14.124,226.0,171145637.7514,53979471.1032,-0.085882186349476,0.7386644682605112,9.749775,True,2021-08-16,13.806,14.92,13.0,13.269,-0.038896132116471,True,47006.02,45401.0728,True,69.0,,,,,,,,,,0.0
candidate_event,2021-10-04,QTUM,13.953,14.469,12.93,13.708,13305851.4,13.95,276.0,182396610.9912,80956757.4449,-0.0731182795698924,0.7627450980392164,11.448204999999998,True,2021-10-05,13.71,13.778,12.771,13.249,-0.0336250911743253,True,49198.22,45046.52355,True,70.0,,,,,,,,,,0.0
candidate_event,2021-10-06,QTUM,13.25,13.953,12.075,13.244,10879500.1,13.249,278.0,144088099.32439998,80956757.4449,-0.0886104611668806,0.9957410562180572,11.512215,True,2021-10-07,13.247,13.383,12.659,12.914,-0.0251377670415943,True,55321.6,44999.23355,True,70.0,,,,,,,,,,0.0
candidate_event,2021-10-17,QTUM,12.852,12.971,11.847,12.473,4721136.7,12.851,289.0,58886738.05910001,86343672.63005,-0.0781262158586881,0.6235059760956179,11.794355,True,2021-10-18,12.475,12.58,12.1,12.346,-0.0103406813627253,True,61571.45,45091.28444999999,True,70.0,,,,,,,,,,0.0
candidate_event,2021-11-01,QTUM,15.874,19.19,14.4,16.864,50866324.4,15.88,304.0,857809694.6816,91829309.6704,-0.0931989924433249,1.6648648648648647,11.74562,True,2021-11-02,16.861,18.115,16.628,17.021,0.0094893541308345,True,60942.87,45262.003500000006,True,70.0,,,,,,,,,,0.0
candidate_event,2023-02-05,QTUM,2.823,3.034,2.624,2.82,12762325.5,2.823,765.0,35989757.91,15717845.21785,-0.0704923839886645,0.9849246231155772,2.76789,True,2023-02-06,2.82,2.899,2.742,2.835,0.0053191489361703,True,22929.2,19713.626,True,96.0,,,,,,,,,,0.0
candidate_event,2023-04-26,QTUM,2.932,3.047,2.72,2.876,6893696.6,2.932,845.0,19826271.4216,14872219.886550002,-0.0723055934515688,0.735849056603773,2.638065,True,2023-04-27,2.875,2.962,2.82,2.899,0.0083478260869565,True,28395.9,21540.7145,True,98.0,,,,,,,,,,0.0
candidate_event,2023-12-18,QTUM,3.126,3.148,2.863,3.087,5910864.4,3.126,1081.0,18246838.4028,18808288.51695,-0.0841330774152271,0.8517110266159706,2.5779650000000003,True,2023-12-19,3.086,3.138,3.013,3.05,-0.0116655865197666,True,42671.7,30843.7285,True,122.0,,,,,,,,,,0.0
candidate_event,2023-12-26,QTUM,3.394,3.484,3.111,3.369,11338105.7,3.393,1089.0,38198078.1033,19430391.1776,-0.0831122900088415,0.914893617021278,2.608505,True,2023-12-27,3.37,3.725,3.231,3.634,0.0783382789317506,True,42538.5,31509.655999999995,True,127.0,,,,,,,,,,0.0
candidate_event,2024-01-05,QTUM,3.248,3.275,3.0,3.144,7274210.4,3.248,1099.0,22870117.4976,30237033.4098,-0.0763546798029557,0.5806451612903226,2.6788,True,2024-01-06,3.145,3.191,2.941,3.186,0.0130365659777424,True,44145.4,32373.3135,True,128.0,,,,,,,,,,0.0
candidate_event,2024-01-08,QTUM,2.969,3.115,2.741,3.107,8572465.7,2.969,1102.0,26634650.9299,24916507.4922,-0.0767935331761535,1.605263157894739,2.692065,True,2024-01-09,3.107,3.143,2.866,3.0,-0.0344383649822981,True,46972.7,32606.7745,True,126.0,,,,,,,,,,0.0
candidate_event,2024-01-09,QTUM,3.107,3.143,2.866,3.0,8345008.7,3.107,1103.0,25035026.1,24916507.4922,-0.0775667846797554,0.5560165975103728,2.695065,True,2024-01-10,3.001,3.22,2.881,3.17,0.0563145618127292,True,46114.0,32683.9775,True,125.0,,,,,,,,,,0.0
candidate_event,2024-01-23,QTUM,2.848,2.903,2.648,2.829,6656012.8,2.849,1117.0,18829860.2112,25393322.2365,-0.0705510705510705,0.9004975124378108,2.726735,True,2024-01-24,2.83,2.879,2.785,2.873,0.0151943462897528,True,39890.0,33523.1895,True,124.0,,,,,,,,,,0.0
candidate_event,2024-03-06,QTUM,4.894,5.061,4.543,5.04,17309473.1,4.893,1160.0,87239744.42400001,19021471.9183,-0.0715307582260371,1.420000000000001,2.8769600000000004,True,2024-03-07,5.041,5.095,4.719,5.028,-0.0025788534021029,True,66128.1,38033.3735,True,139.0,,,,,,,,,,0.0
candidate_event,2024-03-12,QTUM,5.263,5.382,4.874,5.367,12218696.8,5.262,1166.0,65577745.7256,36058939.1754,-0.0737362219688331,1.2706185567010322,2.965,True,2024-03-13,5.366,5.55,5.258,5.481,0.0214312336936266,True,71503.2,39328.863000000005,True,149.0,,,,,,,,,,0.0
candidate_event,2024-03-17,QTUM,4.448,4.678,4.128,4.616,6481074.5,4.448,1171.0,29916639.892,45634032.06335,-0.0719424460431655,1.5249999999999972,3.033555,True,2024-03-18,4.615,4.707,4.255,4.346,-0.0582881906825568,True,68447.9,40402.589,True,154.0,,,,,,,,,,0.0
candidate_event,2024-04-15,QTUM,4.276,4.743,3.923,4.164,28837639.7,4.276,1200.0,120079931.7108,24005828.39535,-0.0825537885874648,0.6827195467422091,3.36923,True,2024-04-16,4.165,4.216,3.811,4.0,-0.0396158463385354,True,63392.7,46432.1755,True,154.0,,,,,,,,,,0.0
candidate_event,2024-04-16,QTUM,4.165,4.216,3.811,4.0,17605639.3,4.164,1201.0,70422557.2,24005828.39535,-0.084774255523535,0.5354107648725218,3.37811,True,2024-04-17,4.0,4.044,3.654,3.755,-0.06125,True,63765.0,46616.546,True,153.0,,,,,,,,,,0.0
candidate_event,2024-04-19,QTUM,4.011,4.246,3.693,4.019,20105046.9,4.011,1204.0,80802183.4911,24005828.39535,-0.0792819745699326,1.0251572327044025,3.402655,True,2024-04-20,4.018,4.279,3.946,4.207,0.0470383275261323,True,63787.4,47146.931,True,153.0,,,,,,,,,,0.0
candidate_event,2024-05-01,QTUM,3.678,3.697,3.339,3.567,8319390.4,3.678,1216.0,29675265.556800004,32277211.9397,-0.0921696574225122,0.6725663716814166,3.5121750000000005,True,2024-05-02,3.567,3.621,3.405,3.568,0.0002803476310624,True,58307.6,49327.81800000001,True,153.0,,,,,,,,,,0.0
candidate_event,2024-05-23,QTUM,3.819,3.856,3.476,3.709,5734212.7,3.819,1238.0,21268194.9043,14477988.4554,-0.0898140874574495,0.6793002915451899,3.62016,True,2024-05-24,3.709,3.793,3.602,3.775,0.017794553788083,True,67999.9,52849.096,True,129.0,,,,,,,,,,0.0
candidate_event,2025-01-08,QTUM,3.189,3.228,2.931,3.087,5591093.6,3.188,1468.0,17259705.9432,10576887.9972,-0.0806148055207026,0.6070038910505839,2.7474899999999995,True,2025-01-09,3.086,3.254,3.072,3.198,0.036292935839274,True,95014.1,72801.88,True,176.0,,,,,,,,,,0.0
candidate_event,2025-01-13,QTUM,3.176,3.348,2.866,3.091,6869447.2,3.175,1473.0,21233461.2952,10063076.45795,-0.0973228346456691,0.7281553398058261,2.76385,True,2025-01-14,3.091,3.217,3.054,3.206,0.0372047880944677,True,94485.3,73616.58350000001,True,164.0,,,,,,,,,,0.0
candidate_event,2021-10-06,RLC,4.0566,4.21,3.6938,4.0074,13121050.8,4.0571,278.0,52581298.97592,41142091.94898,-0.0895467205639496,0.8631984585741798,3.7877265,True,2021-10-07,4.0073,4.0374,3.8207,3.8603,-0.0366830534274947,True,55321.6,44999.23355,True,70.0,,,,,,,,,,0.0
candidate_event,2021-10-17,RLC,4.5603,4.759,4.2282,4.7564,10483256.2,4.5597,289.0,49862559.78968,41889257.389215,-0.0727021514573327,1.5933634992458516,3.8935755,True,2021-10-18,4.7562,4.7754,4.4125,4.5644,-0.0403263109204826,True,61571.45,45091.28444999999,True,70.0,,,,,,,,,,0.0
candidate_event,2023-01-14,RLC,1.595,1.7364,1.4704,1.6094,68425878.4,1.595,743.0,110124608.69696,123324026.123745,-0.0781191222570533,1.1155698234349918,1.137107,True,2023-01-15,1.6104,1.7962,1.5555,1.6142,0.0023596621957278,True,20962.8,19508.5375,True,67.0,1.0,2023-01-14,2023-01-15,0.0023596621957278,0.0013596621957278,-0.034090909090909,0.1153750620963736,liquidity,development,1.0
candidate_event,2023-02-05,RLC,1.8402,2.1161,1.6821,2.0538,106561069.6,1.8401,765.0,218855124.74448,72090438.81125501,-0.0858648986468127,2.3525316455696177,1.218184,True,2023-02-06,2.0539,2.1395,1.9351,2.0015,-0.0255124397487706,True,22929.2,19713.626,True,96.0,2.0,2023-02-05,2023-02-06,-0.0255124397487706,-0.0265124397487706,-0.0578411801937777,0.0416768099712741,liquidity,development,1.0
candidate_event,2023-05-05,RLC,1.7072,1.7493,1.5822,1.6901,70538778.4,1.7069,854.0,119217589.37384,19139841.07146,-0.0730564180678423,0.8652766639935835,1.482951,True,2023-05-06,1.69,1.8206,1.5685,1.8031,0.0669230769230768,True,29491.5,21981.222,True,94.0,1.0,2023-05-05,2023-05-06,0.0669230769230768,0.0659230769230768,-0.0718934911242603,0.0772781065088756,liquidity,development,1.0
candidate_event,2023-05-06,RLC,1.69,1.8206,1.5685,1.8031,129689084.7,1.6901,855.0,233842388.62257,19493465.14851,-0.0719484054197976,1.929276315789474,1.4864885,True,2023-05-07,1.8035,1.8414,1.7082,1.758,-0.0252287219295813,True,28837.8,22028.8065,True,93.0,1.0,2023-05-06,2023-05-07,-0.0252287219295813,-0.0262287219295813,-0.0528416967008594,0.0210146936512336,liquidity,development,1.0
candidate_event,2023-05-10,RLC,1.5368,1.6011,1.407,1.5757,101006665.8,1.5371,859.0,159156203.30106,23756047.340615,-0.0846399063170905,1.2966948501152975,1.4979384999999998,True,2023-05-11,1.5756,1.5807,1.4205,1.4453,-0.0826986544808325,True,27582.9,22202.681,True,96.0,2.0,2023-05-10,2023-05-11,-0.0826986544808325,-0.0836986544808325,-0.0984386900228483,0.0032368621477532,liquidity,development,1.0
candidate_event,2023-12-04,RLC,1.5548,1.6014,1.4102,1.5183,15895497.9,1.5548,1067.0,24134134.46157,15308884.28671,-0.0930023154103422,0.7475795297372063,1.216085,True,2023-12-05,1.5183,1.5462,1.4641,1.5384,0.0132384904169136,True,41993.1,29736.681,True,117.0,,,,,,,,,,0.0
candidate_event,2023-12-18,RLC,1.6535,1.6701,1.5176,1.6306,6341676.9,1.6533,1081.0,10340738.35314,15741189.6746,-0.0820782677070102,0.8327192336035375,1.2182815,True,2023-12-19,1.6306,1.6524,1.5375,1.5966,-0.0208512204096651,True,42671.7,30843.7285,True,122.0,,,,,,,,,,0.0
candidate_event,2024-01-08,RLC,1.3526,1.4173,1.2356,1.4139,5968116.7,1.3524,1102.0,8438320.20213,10505747.79305,-0.0863649807749187,1.52654109589041,1.2530805,True,2024-01-09,1.4139,1.4181,1.276,1.3331,-0.0571468986491264,True,46972.7,32606.7745,True,126.0,,,,,,,,,,0.0
candidate_event,2024-03-08,RLC,3.875,3.9581,3.5019,3.7093,9157769.0,3.875,1162.0,33968912.5517,41765380.092975006,-0.0962838709677419,0.5558831412489944,1.6824185,True,2024-03-09,3.7095,4.7794,3.684,4.6164,0.2444803881924786,True,68180.2,38447.168,True,143.0,,,,,,,,,,0.0
candidate_event,2024-03-12,RLC,4.2721,4.4387,3.9042,4.3982,9623839.3,4.2715,1166.0,42327570.009260006,43631994.939380005,-0.0859885286199226,1.3449496324530372,1.750008,True,2024-03-13,4.4002,4.5163,4.2344,4.4381,0.0086132448525069,True,71503.2,39328.863000000005,True,149.0,,,,,,,,,,0.0
candidate_event,2024-04-10,RLC,3.5026,3.535,3.2242,3.5035,3668776.9,3.5035,1195.0,12853559.86915,22557418.66934,-0.0797202797202796,1.0,2.137431,True,2024-04-11,3.5032,3.5235,3.2906,3.3105,-0.0550068508791961,True,70681.7,45441.989,True,154.0,,,,,,,,,,0.0
candidate_event,2024-04-19,RLC,2.5054,2.8754,2.3153,2.7168,10914738.4,2.5048,1204.0,29653161.285120003,16850011.46844,-0.0756547428936441,2.118733509234831,2.2080145,True,2024-04-20,2.7168,2.9614,2.6623,2.9584,0.0889281507656065,True,63787.4,47146.931,True,153.0,,,,,,,,,,0.0
candidate_event,2024-05-01,RLC,2.4991,2.5376,2.3124,2.5219,3762189.4,2.4995,1216.0,9487865.44786,12455955.024825,-0.0748549709941989,1.11972207375735,2.3174435,True,2024-05-02,2.5217,2.5608,2.4288,2.5244,0.00107070626958,True,58307.6,49327.81800000001,True,153.0,,,,,,,,,,0.0
candidate_event,2024-12-02,RONIN,2.2552,2.3086,2.0757,2.24,11704005.7,2.2554,300.0,26216972.768,13645801.28427,-0.0796754455972332,0.9143016138007812,1.9226315000000005,True,2024-12-03,2.2402,2.2829,2.013,2.2062,-0.0151772163199714,True,95890.5,67201.125,True,182.0,,,,,,,,,,0.0
candidate_event,2024-12-10,RONIN,1.9783,2.0478,1.8175,1.9584,12047699.2,1.9779,308.0,23594214.11328,19018047.28469,-0.0810961120380201,0.8784289276807976,1.8908915,True,2024-12-11,1.9585,2.1782,1.8888,2.1699,0.107939749808527,True,96602.4,68395.6005,True,194.0,,,,,,,,,,0.0
candidate_event,2024-12-20,RONIN,1.8649,2.0762,1.6837,2.0321,23043422.8,1.8659,318.0,46826539.47188,20751442.8397,-0.0976472479768475,1.91218441273326,1.8439105,True,2024-12-21,2.0322,2.0988,1.8686,1.8992,-0.0654463143391398,True,97764.4,70055.22200000001,True,199.0,,,,,,,,,,0.0
candidate_event,2023-02-10,ROSE,0.06388,0.06486,0.05844,0.06195,1065916747.0,0.06388,406.0,66033542.47665,27944845.173655003,-0.0851596743894803,0.6452205882352932,0.05712445,True,2023-02-11,0.06194,0.072,0.06076,0.06939,0.1202776880852436,True,21618.6,19714.7725,True,97.0,1.0,2023-02-10,2023-02-11,0.1202776880852436,0.1192776880852436,-0.0190506942202131,0.162415240555376,liquidity,development,1.0
candidate_event,2023-02-22,ROSE,0.0741,0.07461,0.06812,0.07288,750016030.0,0.07409,418.0,54661168.2664,43713899.40563,-0.0805776757997031,0.7973199329983246,0.0570588,True,2023-02-23,0.07288,0.07562,0.07102,0.07185,-0.0141328210757409,True,24171.3,19743.7235,True,99.0,,,,,,,,,,0.0
candidate_event,2024-01-05,ROSE,0.12859,0.13003,0.11793,0.12345,332577802.0,0.12857,735.0,41056729.6569,49232744.695335,-0.0827564750719452,0.5187969924812043,0.05975735,True,2024-01-06,0.12343,0.12661,0.11278,0.1202,-0.0261686786032568,True,44145.4,32373.3135,True,128.0,,,,,,,,,,0.0
candidate_event,2024-01-06,ROSE,0.12343,0.12661,0.11278,0.1202,368526940.0,0.12345,736.0,44296938.188,49232744.695335,-0.086431753746456,0.6954076850984064,0.0601086,True,2024-01-07,0.12018,0.12406,0.112,0.11349,-0.0556665002496256,True,43956.7,32451.644,True,127.0,,,,,,,,,,0.0
candidate_event,2024-01-19,ROSE,0.10671,0.10714,0.09652,0.10321,280878242.0,0.10669,749.0,28989443.35682,47239619.10965,-0.0953228981160371,0.657817109144543,0.0643967,True,2024-01-20,0.10322,0.10335,0.09923,0.10291,-0.0030032939352838,True,41662.2,33316.779500000004,True,125.0,,,,,,,,,,0.0
candidate_event,2024-03-08,ROSE,0.17247,0.175,0.15585,0.16971,302275851.0,0.17246,798.0,51299234.67321,31640467.98093,-0.0963121883335267,0.8344370860927153,0.0829696,True,2024-03-09,0.16969,0.18383,0.1692,0.18204,0.0727797748836112,True,68180.2,38447.168,True,143.0,,,,,,,,,,0.0
candidate_event,2024-03-12,ROSE,0.17997,0.18199,0.16346,0.17726,342355146.0,0.17992,802.0,60685873.17996,40892954.31138,-0.0914851044908848,0.8383961117861485,0.085741,True,2024-03-13,0.17726,0.17872,0.16813,0.17121,-0.0341306555342434,True,71503.2,39328.863000000005,True,149.0,,,,,,,,,,0.0
candidate_event,2024-03-14,ROSE,0.17121,0.17274,0.15536,0.16799,267919320.0,0.17121,804.0,45007766.5668,43046274.4764,-0.0925763682027919,0.7968454258675078,0.0870361,True,2024-03-15,0.168,0.16907,0.14642,0.15978,-0.0489285714285714,True,71455.5,39791.3185,True,151.0,,,,,,,,,,0.0
candidate_event,2024-11-24,ROSE,0.09813,0.10482,0.08949,0.09733,435700362.0,0.09812,1059.0,42406716.23346,21703713.531665,-0.0879535262943335,0.9084588644264197,0.07862695,True,2024-11-25,0.09736,0.09904,0.08811,0.09075,-0.0678923582580115,True,97960.4,65891.7095,True,149.0,,,,,,,,,,0.0
candidate_event,2024-12-05,ROSE,0.13193,0.13456,0.12234,0.12818,404314213.0,0.13193,1070.0,51824995.82234,29783110.26863,-0.0726900629121503,0.6089676746611045,0.0798773,True,2024-12-06,0.12819,0.14184,0.1267,0.1386,0.0812075824947344,True,97001.5,67658.52649999999,True,190.0,,,,,,,,,,0.0
candidate_event,2021-09-17,RUNE,10.049,10.224,9.28,9.686,11968268.0,10.055,259.0,115924643.848,185386414.9505,-0.0770760815514669,0.523870967741936,9.291969,True,2021-09-18,9.687,10.765,9.414,9.933,0.0253948590895014,True,47303.11,45876.89725,True,70.0,1.0,2021-09-17,2021-09-18,0.0253948590895014,0.0243948590895014,-0.0281820997212759,0.1112831630019615,liquidity,development,1.0
candidate_event,2021-10-31,RUNE,14.033,14.867,13.039,14.861,8312903.0,14.032,303.0,123538051.483,114783247.765,-0.070766818700114,1.8348439073514609,9.6506845,True,2021-11-01,14.855,16.866,14.2,15.822,0.0650959272972062,True,61348.61,45273.45189999999,True,70.0,,,,,,,,,,0.0
candidate_event,2023-12-05,RUNE,6.711,6.79,6.217,6.561,27958398.0,6.711,1068.0,183435049.278,217857115.531,-0.0736104902399047,0.6963562753036434,2.025865,True,2023-12-06,6.562,6.882,6.314,6.357,-0.0312404754647973,True,44081.7,29822.739,True,118.0,2.0,2023-12-05,2023-12-06,-0.0312404754647973,-0.0322404754647973,-0.0377933556842426,0.0487656202377322,liquidity,development,1.0
candidate_event,2023-12-25,RUNE,6.058,6.315,5.556,5.862,29725835.0,6.059,1088.0,174252844.77,120117213.386,-0.0830169995048688,0.6083499005964215,2.49626,True,2023-12-26,5.861,5.87,5.18,5.435,-0.0726838423477223,True,43611.9,31429.304,True,125.0,1.0,2023-12-25,2023-12-26,-0.0726838423477223,-0.0736838423477223,-0.1161917761474151,0.0015355741341067,liquidity,development,1.0
candidate_event,2024-01-05,RUNE,5.397,5.435,5.007,5.224,16593090.0,5.397,1099.0,86682302.16,101899557.729,-0.0722623679822124,0.556410256410257,2.7454750000000003,True,2024-01-06,5.225,5.238,4.792,4.918,-0.0587559808612438,True,44145.4,32373.3135,True,128.0,,,,,,,,,,0.0
candidate_event,2024-02-20,RUNE,5.472,5.499,4.952,5.236,18140127.0,5.471,1145.0,94981704.972,66586337.093,-0.0948638274538475,0.5472061657032751,3.60159,True,2024-02-21,5.236,5.251,4.92,5.169,-0.0127960275019098,True,52297.4,35792.735,True,106.0,,,,,,,,,,0.0
candidate_event,2024-02-28,RUNE,5.988,6.466,5.487,6.12,23408065.0,5.987,1153.0,143257357.8,66586337.093,-0.083514280942041,1.266,3.780855,True,2024-02-29,6.12,6.228,5.623,5.75,-0.0604575163398692,True,62487.9,36775.033,True,124.0,,,,,,,,,,0.0
candidate_event,2024-03-03,RUNE,5.769,5.865,5.26,5.648,14864557.0,5.768,1157.0,83955017.93599999,66586337.093,-0.0880721220527045,0.7637795275590549,3.86663,True,2024-03-04,5.649,5.821,5.362,5.577,-0.012745618693574,True,63178.5,37436.2145,True,132.0,,,,,,,,,,0.0
candidate_event,2024-03-12,RUNE,9.967,10.492,9.159,10.462,37733434.0,9.966,1166.0,394767186.508,83034067.93399999,-0.0809753160746536,1.6146220570012408,4.131765000000001,True,2024-03-13,10.463,11.49,10.393,10.61,0.0140495077893529,True,71503.2,39328.863000000005,True,149.0,,,,,,,,,,0.0
candidate_event,2024-04-05,RUNE,7.564,7.565,6.981,7.444,13498513.0,7.563,1190.0,100482930.772,176600949.1785,-0.0769535898452994,0.7955326460481104,4.97466,True,2024-04-06,7.443,7.674,7.293,7.553,0.0147789869676207,True,67825.7,44362.851,True,154.0,2.0,2024-04-05,2024-04-06,0.0147789869676207,0.0137789869676206,-0.0201531640467552,0.0310358726320032,liquidity,development,1.0
candidate_event,2024-04-19,RUNE,4.889,5.506,4.438,5.377,35331068.0,4.888,1204.0,189975152.636,105202244.31,-0.0920621931260229,2.086666666666666,5.277615,True,2024-04-20,5.376,5.683,5.232,5.642,0.0494791666666667,True,63787.4,47146.931,True,153.0,,,,,,,,,,0.0
candidate_event,2024-05-23,RUNE,6.517,6.613,5.902,6.291,15801600.0,6.517,1238.0,99407865.6,97273491.5425,-0.0943685744974681,0.6325203252032522,5.898315,True,2024-05-24,6.29,6.68,6.085,6.537,0.0392686804451509,True,67999.9,52849.096,True,129.0,,,,,,,,,,0.0
candidate_event,2024-10-23,RUNE,5.32,5.362,4.92,5.136,17874317.0,5.32,1391.0,91802492.112,58648311.48,-0.0751879699248121,0.54,4.78941,True,2024-10-24,5.136,5.523,5.095,5.42,0.0552959501557632,True,66647.2,63307.2885,True,117.0,1.0,2024-10-23,2024-10-24,0.0552959501557632,0.0542959501557632,-0.0079828660436137,0.0753504672897196,liquidity,development,1.0
candidate_event,2024-12-02,RUNE,6.068,6.502,5.579,6.488,27279102.0,6.069,1431.0,176986813.77600002,85563544.64400001,-0.0807381776239908,1.8551020408163272,4.76087,True,2024-12-03,6.488,7.164,6.264,6.934,0.068742293464858,True,95890.5,67201.125,True,182.0,,,,,,,,,,0.0
candidate_event,2023-02-08,RVN,0.03267,0.03289,0.03012,0.03164,809316533.0,0.03267,715.0,25606775.10412,20808365.22458,-0.0780532598714416,0.59607843137255,0.0298828,True,2023-02-09,0.03164,0.03345,0.02796,0.02889,-0.0869152970922882,True,22955.9,19717.0655,True,97.0,,,,,,,,,,0.0
candidate_event,2023-02-25,RVN,0.03207,0.03222,0.02955,0.03092,477152120.0,0.03207,732.0,14753543.5504,19470439.66198,-0.078578110383536,0.5436507936507933,0.0295713,True,2023-02-26,0.03091,0.0321,0.03072,0.03189,0.0317049498544161,True,23146.2,19744.4145,True,98.0,,,,,,,,,,0.0
candidate_event,2024-02-28,RVN,0.02554,0.02736,0.02341,0.02568,1186409110.0,0.02554,1100.0,30466985.9448,10482813.506495,-0.0833985904463586,1.065727699530517,0.01812535,True,2024-02-29,0.02568,0.02739,0.02503,0.02584,0.0062305295950153,True,62487.9,36775.033,True,124.0,,,,,,,,,,0.0
candidate_event,2024-03-08,RVN,0.02817,0.02847,0.02593,0.02812,667113308.0,0.02818,1109.0,18759226.22096,19652244.31232,-0.0798438608942512,0.9733333333333328,0.01862765,True,2024-03-09,0.02812,0.02857,0.0278,0.02802,-0.003556187766714,True,68180.2,38447.168,True,143.0,,,,,,,,,,0.0
candidate_event,2024-03-12,RVN,0.03387,0.03399,0.03059,0.03248,1463582045.0,0.03386,1113.0,47537144.821600005,19652244.31232,-0.096574128765505,0.5779816513761473,0.0189363,True,2024-03-13,0.03248,0.03368,0.03113,0.03267,0.0058497536945811,True,71503.2,39328.863000000005,True,149.0,,,,,,,,,,0.0
candidate_event,2024-04-01,RVN,0.04984,0.05266,0.04553,0.04813,5250531824.0,0.04984,1133.0,252708096.68912,21720298.62558,-0.0864767255216694,0.6032482598607882,0.02076635,True,2024-04-02,0.04813,0.04945,0.04354,0.04442,-0.0770829004778723,True,69700.0,43555.8975,True,156.0,,,,,,,,,,0.0
candidate_event,2024-04-10,RVN,0.04116,0.04274,0.03773,0.04213,1306429751.0,0.04117,1142.0,55039885.40963,48390040.55471,-0.0835559873694437,1.2790697674418614,0.02193235,True,2024-04-11,0.04212,0.04362,0.03981,0.04035,-0.042022792022792,True,70681.7,45441.989,True,154.0,,,,,,,,,,0.0
candidate_event,2024-04-19,RVN,0.03024,0.03166,0.02723,0.03053,937078724.0,0.03025,1151.0,28609013.44372,53572874.47923,-0.0998347107438015,1.0927152317880804,0.0226681,True,2024-04-20,0.03052,0.03322,0.03018,0.03263,0.06913499344692,True,63787.4,47146.931,True,153.0,,,,,,,,,,0.0
candidate_event,2024-05-01,RVN,0.02866,0.02902,0.02591,0.0285,725670246.0,0.02866,1163.0,20681602.011,37262163.34116,-0.0959525471039777,0.9418181818181816,0.02371235,True,2024-05-02,0.0285,0.02922,0.02742,0.02885,0.012280701754386,True,58307.6,49327.81800000001,True,153.0,,,,,,,,,,0.0
candidate_event,2024-05-23,RVN,0.0311,0.0317,0.02815,0.03004,444791432.0,0.0311,1185.0,13361534.61728,10841986.301435,-0.0948553054662378,0.6406779661016951,0.02523785,True,2024-05-24,0.03004,0.03069,0.0291,0.03056,0.0173102529960054,True,67999.9,52849.096,True,129.0,,,,,,,,,,0.0
candidate_event,2024-11-24,RVN,0.02536,0.02679,0.02344,0.02595,829289341.0,0.02535,1370.0,21520058.39895,11361357.625425,-0.07534516765286,1.31413612565445,0.01992495,True,2024-11-25,0.02596,0.02627,0.02369,0.02435,-0.0620184899845916,True,97960.4,65891.7095,True,149.0,,,,,,,,,,0.0
candidate_event,2025-07-24,RVN,0.01496,0.0156,0.01384,0.01554,2604262611.0,0.01495,1612.0,40470240.97494,18884530.865345,-0.0742474916387959,1.531531531531532,0.0140605,True,2025-07-25,0.01555,0.01712,0.01491,0.01668,0.0726688102893891,True,118294.3,98215.6505,True,135.0,,,,,,,,,,0.0
candidate_event,2025-07-30,RVN,0.01479,0.01489,0.01357,0.01452,1217856139.0,0.01479,1618.0,17683271.13828,18393415.979995,-0.0824881676808654,0.7786885245901642,0.01391825,True,2025-07-31,0.01452,0.01496,0.01376,0.01383,-0.0475206611570248,True,117771.0,98879.3845,True,150.0,,,,,,,,,,0.0
candidate_event,2024-11-08,SAGA,2.0464,2.0911,1.8939,2.0418,54450685.9,2.0462,213.0,111177410.47062,158127170.079305,-0.0744306519401817,0.9711096520026268,2.0049575,True,2024-11-09,2.0417,2.269,1.9775,2.2014,0.0782191311162265,True,76482.2,63647.752,True,112.0,2.0,2024-11-08,2024-11-09,0.0782191311162265,0.0772191311162265,-0.0314443845814762,0.1113287946319243,liquidity,development,1.0
candidate_event,2024-11-10,SAGA,2.2014,2.4828,2.042,2.238,111974175.8,2.2014,215.0,250598205.4404,149871424.74388,-0.0724084673389662,1.2296110414052692,1.987781,True,2024-11-11,2.2385,2.4562,2.1712,2.3448,0.0474871565780656,True,80410.0,63779.99600000001,True,114.0,1.0,2024-11-10,2024-11-11,0.0474871565780656,0.0464871565780656,-0.0300647755193211,0.0972526245253517,liquidity,development,1.0
candidate_event,2024-11-24,SAGA,2.1103,2.4379,1.9251,2.3635,115453932.3,2.1102,229.0,272875368.99105,114789904.07648,-0.0877168040943985,2.3684494867639145,1.892398,True,2024-11-25,2.3636,2.3664,2.0708,2.195,-0.0713318666441022,True,97960.4,65891.7095,True,149.0,,,,,,,,,,0.0
candidate_event,2024-12-10,SAGA,2.103,2.1972,1.895,2.0428,64371756.4,2.1023,245.0,131498623.97392,115532588.88803,-0.0986062883508538,0.7129763627592867,1.894307,True,2024-12-11,2.043,2.2367,1.951,2.1864,0.0701908957415564,True,96602.4,68395.6005,True,194.0,,,,,,,,,,0.0
candidate_event,2021-08-31,SAND,0.97633,0.9971,0.89341,0.95392,454132344.0,0.97665,218.0,433205925.58848,172042961.063575,-0.085230123380945,0.7269341662662178,0.4849176,True,2021-09-01,0.95405,1.13281,0.93213,1.00819,0.0567475499187672,True,47150.32,46077.1006,True,69.0,1.0,2021-08-31,2021-09-01,0.0567475499187672,0.0557475499187672,-0.0229757350243697,0.1873696347151618,liquidity,development,1.0
candidate_event,2021-09-06,SAND,0.97817,1.00424,0.8943,0.9611,231345715.0,0.97819,224.0,222346366.6865,209323509.09715503,-0.0857604350892976,0.7962808439623311,0.5070875499999999,True,2021-09-07,0.9611,0.97212,0.55076,0.75196,-0.2176048278014775,True,52683.97,46105.71445,True,69.0,1.0,2021-09-06,2021-09-07,-0.2176048278014775,-0.2186048278014775,-0.4269482884195192,0.011466028509,liquidity,development,1.0
candidate_event,2021-09-08,SAND,0.75212,0.84326,0.68548,0.79203,382011722.0,0.75196,226.0,302564744.17566,219875838.44060495,-0.0884089579232937,1.602737665463298,0.51179405,True,2021-09-09,0.79202,0.883,0.76731,0.87318,0.1024721597939446,True,46062.29,46010.740300000005,True,69.0,,,,,,,,,,0.0
candidate_event,2021-10-05,SAND,0.82506,0.82624,0.76481,0.80471,114664126.0,0.82516,253.0,92271368.83346,107286381.42097,-0.0731373309418779,0.6611433305716659,0.5550057,True,2021-10-06,0.80479,0.84509,0.741,0.8168,0.014923147653425,True,51455.12,45013.3536,True,70.0,1.0,2021-10-05,2021-10-06,0.014923147653425,0.013923147653425,-0.0792629133065768,0.050075174890344,liquidity,development,1.0
candidate_event,2021-10-06,SAND,0.80479,0.84509,0.741,0.8168,140444387.0,0.80471,254.0,114714975.3016,102374211.66992,-0.0791713785090281,1.1897661277664404,0.5563983499999999,True,2021-10-07,0.81684,0.82006,0.77021,0.80157,-0.0186939914793594,True,55321.6,44999.23355,True,70.0,,,,,,,,,,0.0
candidate_event,2021-10-12,SAND,0.74106,0.74131,0.6818,0.72156,99922565.0,0.74097,260.0,72100126.0014,92568485.30674,-0.0798547849440598,0.67196214297786,0.5620641,True,2021-10-13,0.72134,0.74564,0.70265,0.74374,0.0310533174369922,True,56011.84,45030.98915,True,70.0,,,,,,,,,,0.0
candidate_event,2021-10-30,SAND,1.1656,2.37742,1.06147,1.80341,2392605149.0,1.1656,278.0,4314848051.75809,85866863.338875,-0.0893359643102265,7.125132046480358,0.5745861,True,2021-10-31,1.80334,2.45617,1.44057,1.57143,-0.1286002639546618,True,61895.19,45281.80435,True,70.0,1.0,2021-10-30,2021-10-31,-0.1286002639546618,-0.1296002639546618,-0.2011656149145474,0.3620116006964855,liquidity,development,1.0
candidate_event,2021-11-19,SAND,4.31144,4.51007,3.96,4.41435,614335890.0,4.31181,298.0,2711893636.0215,959097751.389935,-0.0815921851844122,1.291464142576957,0.8043756000000001,True,2021-11-20,4.41359,4.45346,4.00866,4.21358,-0.0453168509082175,True,58069.51,45956.23545,True,71.0,1.0,2021-11-19,2021-11-20,-0.0453168509082175,-0.0463168509082175,-0.0917461748825786,0.0090334625554253,liquidity,development,1.0
candidate_event,2021-11-20,SAND,4.41359,4.45346,4.00866,4.21358,338076769.0,4.41435,299.0,1424513512.3230202,1072077688.43221,-0.0919025451085663,0.5051147427839002,0.8225697000000001,True,2021-11-21,4.21359,4.46594,3.85,4.01317,-0.0475651404147058,True,59716.29,45988.50029999999,True,71.0,1.0,2021-11-20,2021-11-21,-0.0475651404147058,-0.0485651404147058,-0.0862898383563659,0.0598895478677328,liquidity,development,1.0
candidate_event,2021-12-01,SAND,6.79788,7.04666,6.3,6.5752,254280875.0,6.7985,310.0,1671947609.3,2432867551.8765,-0.073324998161359,0.5520561685055164,1.1471513,True,2021-12-02,6.57597,6.86315,6.00427,6.69178,0.0176110900749242,True,57209.29,46135.63875,True,73.0,1.0,2021-12-01,2021-12-02,0.0176110900749242,0.0166110900749242,-0.0869377445456716,0.0436711238037885,liquidity,development,1.0
candidate_event,2021-12-02,SAND,6.57597,6.86315,6.00427,6.69178,354747856.0,6.5752,311.0,2373894607.82368,2253195907.677685,-0.086830818834408,1.204193158530818,1.178532,True,2021-12-03,6.69266,7.0,5.65,6.02,-0.1005071227284817,True,56513.57,46186.06020000001,True,73.0,1.0,2021-12-02,2021-12-03,-0.1005071227284817,-0.1015071227284817,-0.155791568673741,0.0459219503157191,liquidity,development,1.0
candidate_event,2021-12-15,SAND,4.769,5.1997,4.42,5.134,258924885.0,4.7691,324.0,1329320359.5900002,2087081897.040135,-0.0732003942043572,2.0452592380406776,1.50128065,True,2021-12-16,5.134,5.35,4.9038,4.9454,-0.0367354888975457,True,48870.48,46903.54095,True,74.0,1.0,2021-12-15,2021-12-16,-0.0367354888975457,-0.0377354888975457,-0.044838332684067,0.0420724581223217,liquidity,development,1.0
candidate_event,2023-11-14,SAND,0.4381,0.4494,0.4027,0.4221,233119833.0,0.4381,1023.0,98399881.5093,65749171.752,-0.080803469527505,0.5480225988700559,0.398434,True,2023-11-15,0.422,0.4445,0.4119,0.4413,0.0457345971563982,True,35559.0,28747.954500000003,True,115.0,,,,,,,,,,0.0
candidate_event,2023-11-17,SAND,0.4207,0.435,0.391,0.4182,241059411.0,0.4207,1026.0,100811045.6802,73661827.91655001,-0.0705966246731637,0.9158249158249158,0.396213,True,2023-11-18,0.4182,0.4184,0.386,0.4049,-0.0318029650884744,True,36621.9,28868.9215,True,119.0,,,,,,,,,,0.0
candidate_event,2023-11-18,SAND,0.4182,0.4184,0.386,0.4049,147652891.0,0.4182,1027.0,59784655.5659,77649403.80975,-0.0769966523194644,0.5869565217391295,0.395394,True,2023-11-19,0.4048,0.4186,0.3943,0.417,0.0301383399209484,True,36580.9,28908.5435,True,119.0,,,,,,,,,,0.0
candidate_event,2023-12-04,SAND,0.4283,0.4456,0.3867,0.4327,318241546.0,0.4283,1043.0,137703116.9542,76157391.3242,-0.0971281811814149,1.1057692307692295,0.3862139999999999,True,2023-12-05,0.4327,0.4603,0.429,0.45,0.0399815114397967,True,41993.1,29736.681,True,117.0,,,,,,,,,,0.0
candidate_event,2023-12-13,SAND,0.5115,0.5244,0.4715,0.5214,262860003.0,0.5114,1052.0,137055205.56419998,98880010.1898,-0.0780211184982401,1.2506265664160403,0.385518,True,2023-12-14,0.5215,0.5353,0.4978,0.5321,0.0203259827420903,True,42875.0,30474.2695,True,119.0,,,,,,,,,,0.0
candidate_event,2023-12-18,SAND,0.4999,0.5033,0.4599,0.499,199541886.0,0.4998,1057.0,99571401.114,82890640.27405,-0.0798319327731093,0.9799498746867162,0.3845435,True,2023-12-19,0.499,0.5081,0.4809,0.4902,-0.0176352705410821,True,42671.7,30843.7285,True,122.0,,,,,,,,,,0.0
candidate_event,2023-12-26,SAND,0.6072,0.6798,0.56,0.6276,698281891.0,0.6072,1065.0,438241714.7916001,105251127.85765,-0.0777338603425558,1.432203389830511,0.3855335,True,2023-12-27,0.6278,0.6316,0.592,0.6035,-0.0387065944568333,True,42538.5,31509.655999999995,True,127.0,,,,,,,,,,0.0
candidate_event,2024-01-06,SAND,0.5128,0.5129,0.4719,0.4993,130688228.0,0.5127,1076.0,65252632.2404,100558236.1958,-0.0795787009947338,0.6715686274509803,0.3953315,True,2024-01-07,0.4993,0.516,0.4639,0.469,-0.0606849589425195,True,43956.7,32451.644,True,127.0,,,,,,,,,,0.0
candidate_event,2024-01-08,SAND,0.469,0.5058,0.435,0.5025,220971912.0,0.469,1078.0,111038385.78,99102530.5761,-0.0724946695095948,1.9852941176470589,0.3960045,True,2024-01-09,0.5026,0.5033,0.4566,0.4776,-0.049741345005969,True,46972.7,32606.7745,True,126.0,,,,,,,,,,0.0
candidate_event,2024-01-23,SAND,0.4543,0.4621,0.4161,0.4408,186248234.0,0.4542,1093.0,82098221.54720001,85293673.38045001,-0.0838837516512548,0.6482939632545938,0.400813,True,2024-01-24,0.4409,0.4489,0.4322,0.4456,0.0106600136085279,True,39890.0,33523.1895,True,124.0,,,,,,,,,,0.0
candidate_event,2024-02-20,SAND,0.5292,0.5336,0.4894,0.5153,197577866.0,0.5291,1121.0,101811874.3498,47314353.58015,-0.0750330750330751,0.6523929471032738,0.4052305,True,2024-02-21,0.5154,0.5157,0.4743,0.4923,-0.0448195576251454,True,52297.4,35792.735,True,106.0,,,,,,,,,,0.0
candidate_event,2024-03-08,SAND,0.6973,0.7098,0.6333,0.6867,215378137.0,0.6972,1138.0,147900166.6779,75276257.547,-0.0916523235800345,0.8356807511737081,0.4244215,True,2024-03-09,0.6868,0.7792,0.6807,0.755,0.0993011065812463,True,68180.2,38447.168,True,143.0,,,,,,,,,,0.0
candidate_event,2024-03-14,SAND,0.761,0.7675,0.6907,0.7373,277812051.0,0.761,1144.0,204830825.2023,152067476.36535,-0.0923784494086727,0.6628733997155043,0.4376675,True,2024-03-15,0.7373,0.7452,0.6301,0.6842,-0.0720195307201951,True,71455.5,39791.3185,True,151.0,,,,,,,,,,0.0
candidate_event,2024-12-05,SAND,0.93571,0.97066,0.84833,0.89396,1299134886.0,0.93596,1410.0,1161374622.68856,102317351.70502,-0.0936257959741869,0.5207120849024302,0.33158075,True,2024-12-06,0.89386,0.95205,0.86617,0.91686,0.0257310988297942,True,97001.5,67658.52649999999,True,190.0,,,,,,,,,,0.0
candidate_event,2025-01-27,SAND,0.53393,0.53509,0.48337,0.52086,215794360.0,0.53394,1463.0,112398650.3496,109641281.438055,-0.0947110162190507,0.7413486256673919,0.3986243,True,2025-01-28,0.52085,0.53413,0.48392,0.49008,-0.0590765095516944,True,102021.3,76666.3335,True,153.0,,,,,,,,,,0.0
candidate_event,2024-03-03,SEI,0.8492,0.8726,0.7661,0.8206,246892031.0,0.8492,199.0,202599600.6386,244702988.07395,-0.0978568064060291,0.6558363417569196,0.357748,True,2024-03-04,0.8207,0.8642,0.7701,0.7914,-0.0357012306567564,True,63178.5,37436.2145,True,132.0,,,,,,,,,,0.0
candidate_event,2024-03-08,SEI,0.9305,0.9512,0.843,0.9266,554517291.0,0.9304,204.0,513815721.8406,281430048.6151,-0.0939380911435942,0.9565217391304344,0.374534,True,2024-03-09,0.9265,0.9782,0.8883,0.9019,-0.0265515380464111,True,68180.2,38447.168,True,143.0,,,,,,,,,,0.0
candidate_event,2024-03-11,SEI,0.8679,0.93,0.803,0.898,313835051.0,0.8679,207.0,281823875.798,294167854.41615003,-0.0747782002534853,1.4637904468412948,0.3856015,True,2024-03-12,0.8981,0.9476,0.832,0.9024,0.0047878855361318,True,72153.8,39101.605500000005,True,147.0,,,,,,,,,,0.0
candidate_event,2024-03-12,SEI,0.8981,0.9476,0.832,0.9024,437725085.0,0.898,208.0,395003116.704,294167854.41615003,-0.0734966592427617,1.066666666666666,0.3894185,True,2024-03-13,0.9024,0.9621,0.8772,0.9013,-0.0012189716312056,True,71503.2,39328.863000000005,True,149.0,,,,,,,,,,0.0
candidate_event,2024-03-15,SEI,0.866,1.0758,0.791,1.0547,1155035782.0,0.8659,211.0,1218216239.2754,284043530.27695,-0.0864995957962813,3.520694259012017,0.4015645,True,2024-03-16,1.0547,1.147,0.8628,0.9053,-0.1416516544989096,True,69552.2,40008.547,True,152.0,1.0,2024-03-15,2024-03-16,-0.1416516544989096,-0.1426516544989096,-0.1819474732151322,0.0875130368825258,liquidity,development,1.0
candidate_event,2024-03-17,SEI,0.9053,0.9169,0.8271,0.9048,455250491.0,0.9053,213.0,411910644.2568,284043530.27695,-0.0863802054567547,0.9936061381074176,0.4091349999999999,True,2024-03-18,0.9049,0.905,0.8132,0.8346,-0.0776881423361697,True,68447.9,40402.589,True,154.0,2.0,2024-03-17,2024-03-18,-0.0776881423361697,-0.0786881423361697,-0.10133716432755,0.0001105094485578,liquidity,development,1.0
candidate_event,2024-04-10,SEI,0.6853,0.6935,0.637,0.6724,142041768.0,0.6853,237.0,95508884.8032,135540172.093,-0.0704800817160368,0.7329192546583847,0.488251,True,2024-04-11,0.6724,0.6809,0.6576,0.6634,-0.0133848899464604,True,70681.7,45441.989,True,154.0,,,,,,,,,,0.0
candidate_event,2024-04-19,SEI,0.5199,0.5777,0.4745,0.5569,296765117.0,0.5199,246.0,165268493.6573,121176180.2407,-0.0873244854779766,1.8149779735682796,0.5070450000000001,True,2024-04-20,0.5569,0.6032,0.5435,0.6012,0.0795474950619501,True,63787.4,47146.931,True,153.0,,,,,,,,,,0.0
candidate_event,2024-11-26,SEI,0.6547,0.7047,0.6014,0.6944,1321392351.0,0.6551,467.0,917574848.5344,184701301.4161,-0.0819722179819874,1.731843575418995,0.393458,True,2024-11-27,0.6945,0.7145,0.6506,0.6744,-0.0289416846652268,True,92021.4,66197.9955,True,164.0,,,,,,,,,,0.0
candidate_event,2024-12-02,SEI,0.6539,0.6576,0.5916,0.6438,465068476.0,0.6539,473.0,299411084.8488,201697211.5925,-0.0952745068053219,0.8378812199036919,0.398294,True,2024-12-03,0.6438,0.6993,0.6184,0.6945,0.0787511649580614,True,95890.5,67201.125,True,182.0,,,,,,,,,,0.0
candidate_event,2024-12-05,SEI,0.6905,0.7366,0.6408,0.7013,624533866.0,0.6905,476.0,437985600.2258,244548077.7328,-0.071976828385228,1.2173038229376263,0.40057,True,2024-12-06,0.7013,0.7174,0.6616,0.707,0.0081277627263651,True,97001.5,67658.52649999999,True,190.0,,,,,,,,,,0.0
candidate_event,2025-07-24,SEI,0.3288,0.3335,0.3033,0.319,524062697.0,0.3287,707.0,167176000.343,224453654.0327,-0.0772741101308183,0.6181102362204727,0.2449725,True,2025-07-25,0.3191,0.3343,0.3083,0.3333,0.0445001566906926,True,118294.3,98215.6505,True,135.0,,,,,,,,,,0.0
candidate_event,2025-07-30,SEI,0.3192,0.3204,0.2944,0.3125,411009757.0,0.3192,713.0,128440549.0625,169100103.74815,-0.0776942355889723,0.7298387096774199,0.242698,True,2025-07-31,0.3125,0.3224,0.2913,0.293,-0.0624,True,117771.0,98879.3845,True,150.0,,,,,,,,,,0.0
candidate_event,2021-12-08,SFP,1.8271,1.8386,1.6807,1.8382,32533820.0,1.8273,287.0,59803667.924,69297119.66715,-0.0802276582936571,1.074351978171897,1.2563155,True,2021-12-09,1.8383,2.085,1.8198,1.828,-0.0056030027743023,True,50455.61,46512.5604,True,73.0,,,,,,,,,,0.0
candidate_event,2021-12-11,SFP,2.2238,2.2926,2.0226,2.2354,126062576.0,2.224,290.0,281800282.3904,99974929.29605,-0.0905575539568345,1.056603773584904,1.2732505,True,2021-12-12,2.2354,2.2926,2.0315,2.0428,-0.0861590766753152,True,49381.15,46674.05619999999,True,74.0,1.0,2021-12-11,2021-12-12,-0.0861590766753152,-0.0871590766753152,-0.0912141003847186,0.0255882616086609,liquidity,development,1.0
candidate_event,2021-12-15,SFP,1.7892,1.8408,1.6266,1.7888,45985243.0,1.7895,294.0,82258402.6784,117962199.1715,-0.0910310142497904,0.9957028852056468,1.2885205,True,2021-12-16,1.7894,1.8167,1.63,1.6378,-0.0847211355761708,True,48870.48,46903.54095,True,74.0,,,,,,,,,,0.0
candidate_event,2023-01-14,SFP,0.4506,0.4818,0.4178,0.4512,76465238.0,0.4507,689.0,34501115.3856,11434587.0584,-0.0729975593521189,1.0151975683890575,0.3991735,True,2023-01-15,0.4511,0.4729,0.4385,0.4642,0.0290401241409887,True,20962.8,19508.5375,True,67.0,,,,,,,,,,0.0
candidate_event,2023-07-14,SFP,0.4746,0.4837,0.4403,0.46,57413620.0,0.4745,870.0,26410265.200000003,24808758.626250003,-0.0720758693361431,0.5760233918128661,0.4523914999999999,True,2023-07-15,0.4601,0.467,0.4529,0.463,0.0063029776135623,True,30293.3,25577.492,True,102.0,,,,,,,,,,0.0
candidate_event,2021-09-06,SKL,0.41408,0.46799,0.38153,0.4587,296745914.0,0.41414,248.0,136117350.7518,49773738.642755,-0.0787414883855701,2.3664520085863217,0.4195951,True,2021-09-07,0.45868,0.49999,0.28,0.34633,-0.2449420074997819,True,52683.97,46105.71445,True,69.0,,,,,,,,,,0.0
candidate_event,2023-02-22,SKL,0.05639,0.05748,0.05176,0.05446,585339029.0,0.0564,782.0,31877563.51934,26172834.145755,-0.0822695035460993,0.5818965517241383,0.0373557,True,2023-02-23,0.05447,0.05565,0.05113,0.05234,-0.0391040939966954,True,24171.3,19743.7235,True,99.0,,,,,,,,,,0.0
candidate_event,2023-04-17,SKL,0.05062,0.05066,0.04558,0.04814,1172680935.0,0.05062,836.0,56452860.2109,14809572.92064,-0.0995653891742394,0.5079365079365084,0.03531965,True,2023-04-18,0.04816,0.04894,0.04681,0.04836,0.0041528239202657,True,29420.0,21153.4375,True,97.0,1.0,2023-04-17,2023-04-18,0.0041528239202657,0.0031528239202657,-0.028031561461794,0.0161960132890364,liquidity,development,1.0
candidate_event,2023-04-26,SKL,0.0401,0.04194,0.03729,0.03933,812900873.0,0.0401,845.0,31971391.33509,11811909.366535,-0.070074812967581,0.7259786476868328,0.03541715,True,2023-04-27,0.03932,0.04088,0.03879,0.04011,0.0200915564598169,True,28395.9,21540.7145,True,98.0,,,,,,,,,,0.0
candidate_event,2023-12-18,SKL,0.04302,0.04339,0.03897,0.043,396619849.0,0.04301,1081.0,17054653.507,30700482.56349,-0.0939316438037666,0.9975247524752467,0.02833675,True,2023-12-19,0.04301,0.04841,0.04274,0.04745,0.1032318065566146,True,42671.7,30843.7285,True,122.0,,,,,,,,,,0.0
candidate_event,2023-12-31,SKL,0.07009,0.0726,0.06514,0.06819,448500627.0,0.07009,1094.0,30583257.75513,29578207.27062,-0.0706234840918818,0.616161616161616,0.030499,True,2024-01-01,0.0682,0.07204,0.06664,0.07042,0.0325513196480937,True,42314.0,31929.516,True,127.0,,,,,,,,,,0.0
candidate_event,2024-01-03,SKL,0.08512,0.10448,0.07728,0.09466,3077122292.0,0.0851,1097.0,291280396.16072,32584410.37648,-0.0918918918918918,2.2225063938618934,0.03137875,True,2024-01-04,0.09465,0.09866,0.08663,0.09764,0.0315900686740624,True,42849.5,32197.6585,True,127.0,2.0,2024-01-03,2024-01-04,0.0315900686740624,0.0305900686740624,-0.0847332276809297,0.0423666138404648,liquidity,development,1.0
candidate_event,2024-01-04,SKL,0.09465,0.09866,0.08663,0.09764,1143952856.0,0.09466,1098.0,111695556.85984,32584410.37648,-0.0848299175998309,1.371108343711085,0.0317441,True,2024-01-05,0.09764,0.10229,0.08149,0.08674,-0.1116345759934454,True,44143.8,32286.729,True,127.0,2.0,2024-01-04,2024-01-05,-0.1116345759934454,-0.1126345759934454,-0.1654035231462515,0.047623924621057,liquidity,development,1.0
candidate_event,2024-01-08,SKL,0.07465,0.082,0.06904,0.07917,618584571.0,0.07466,1102.0,48973340.48607,35441917.342140004,-0.0752745780873291,1.802491103202847,0.0328344,True,2024-01-09,0.07917,0.07975,0.07028,0.07678,-0.0301882026019957,True,46972.7,32606.7745,True,126.0,,,,,,,,,,0.0
candidate_event,2024-01-12,SKL,0.09125,0.09906,0.08385,0.08864,781140345.0,0.09126,1106.0,69240280.18079999,40107074.64552,-0.0811965811965812,0.6464237516869099,0.0340585,True,2024-01-13,0.08864,0.09126,0.08571,0.08974,0.0124097472924187,True,42788.9,32906.71400000001,True,126.0,,,,,,,,,,0.0
candidate_event,2024-01-19,SKL,0.07852,0.07868,0.07227,0.0772,250037043.0,0.07852,1113.0,19302859.7196,40107074.64552,-0.0795975547631177,0.7888,0.0360182999999999,True,2024-01-20,0.0772,0.07721,0.07398,0.07536,-0.0238341968911918,True,41662.2,33316.779500000004,True,125.0,,,,,,,,,,0.0
candidate_event,2024-01-23,SKL,0.06843,0.07025,0.06304,0.06786,248572704.0,0.06844,1117.0,16868143.69344,35537589.69228,-0.0789012273524255,0.8925925925925932,0.03689005,True,2024-01-24,0.06787,0.08188,0.06619,0.0795,0.1713570060409606,True,39890.0,33523.1895,True,124.0,,,,,,,,,,0.0
candidate_event,2024-02-20,SKL,0.09302,0.09394,0.08391,0.08947,194278407.0,0.09304,1145.0,17382089.07429,13444708.242535,-0.0981298366294066,0.608981380065717,0.04407615,True,2024-02-21,0.0895,0.09009,0.08206,0.08595,-0.0396648044692736,True,52297.4,35792.735,True,106.0,,,,,,,,,,0.0
candidate_event,2024-02-21,SKL,0.0895,0.09009,0.08206,0.08595,158459842.0,0.08947,1146.0,13619623.4199,13932714.76531,-0.0828210573376551,0.5249662618083677,0.0443734,True,2024-02-22,0.08594,0.08813,0.08372,0.08511,-0.0096579008610658,True,51877.8,35906.8355,True,107.0,,,,,,,,,,0.0
candidate_event,2024-02-28,SKL,0.09285,0.09813,0.08554,0.09491,284522645.0,0.09283,1153.0,27004044.23695,12675482.699335,-0.078530647420015,1.2853223593964336,0.0465219,True,2024-02-29,0.09492,0.11364,0.09353,0.09716,0.0235988200589969,True,62487.9,36775.033,True,124.0,,,,,,,,,,0.0
candidate_event,2024-03-03,SKL,0.10931,0.11227,0.09883,0.11173,243213052.0,0.10931,1157.0,27174194.29996,14373882.058575,-0.0958741194767176,1.2309160305343505,0.04813745,True,2024-03-04,0.11167,0.12443,0.10989,0.11375,0.0186263096623982,True,63178.5,37436.2145,True,132.0,,,,,,,,,,0.0
candidate_event,2024-03-08,SKL,0.10464,0.10566,0.09494,0.10027,211824464.0,0.10463,1162.0,21239639.00528,18507193.737335,-0.0926120615502246,0.5500515995872032,0.0502023999999999,True,2024-03-09,0.10027,0.10397,0.09961,0.10191,0.0163558392340681,True,68180.2,38447.168,True,143.0,,,,,,,,,,0.0
candidate_event,2024-04-10,SKL,0.12119,0.12322,0.11098,0.11708,181716639.0,0.1212,1195.0,21275384.09412,29003239.066225,-0.0843234323432343,0.5968688845401178,0.06461895,True,2024-04-11,0.11708,0.12243,0.1135,0.11458,-0.0213529210796037,True,70681.7,45441.989,True,154.0,,,,,,,,,,0.0
candidate_event,2024-04-17,SKL,0.09547,0.09819,0.08599,0.09377,408872724.0,0.09546,1202.0,38339995.32948,23825649.894465,-0.0992038550178086,0.8215417106652592,0.0672323,True,2024-04-18,0.09373,0.09631,0.08774,0.09132,-0.0257121519257441,True,61254.5,46788.06399999999,True,155.0,,,,,,,,,,0.0
candidate_event,2024-04-19,SKL,0.09134,0.09704,0.08279,0.0918,208564304.0,0.09132,1204.0,19146203.1072,23825649.894465,-0.0934077967586508,1.056271981242674,0.06792045,True,2024-04-20,0.09179,0.09874,0.0901,0.09774,0.064821876021353,True,63787.4,47146.931,True,153.0,,,,,,,,,,0.0
candidate_event,2024-12-02,SKL,0.07921,0.07964,0.07158,0.07649,455394459.0,0.07922,1431.0,34833122.168910004,16095948.10378,-0.0964402928553395,0.6426701570680631,0.04715065,True,2024-12-03,0.07646,0.08017,0.0715,0.07907,0.0341354956840178,True,95890.5,67201.125,True,182.0,,,,,,,,,,0.0
candidate_event,2021-09-16,SNX,15.029,15.865,13.86,14.631,11789809.7,15.032,258.0,172496705.7207,66912886.78659999,-0.0779670037253859,0.6578498293515361,13.927925,True,2021-09-17,14.627,14.969,12.45,12.781,-0.1262049634238052,True,47745.55,45888.3452,True,70.0,,,,,,,,,,0.0
candidate_event,2023-02-22,SNX,2.612,2.634,2.391,2.505,13678995.3,2.612,782.0,34265883.2265,45395154.97975001,-0.0846094946401225,0.5158371040723975,2.330585,True,2023-02-23,2.505,2.804,2.441,2.619,0.0455089820359282,True,24171.3,19743.7235,True,99.0,,,,,,,,,,0.0
candidate_event,2023-03-14,SNX,3.148,3.302,2.88,3.143,95349151.2,3.147,802.0,299682382.2216,73119493.75345,-0.084842707340324,0.9850187265917604,2.258555,True,2023-03-15,3.143,3.391,2.525,2.649,-0.1571746738784599,True,24682.5,19731.529,True,95.0,1.0,2023-03-14,2023-03-15,-0.1571746738784599,-0.1581746738784599,-0.1966274260260897,0.0789055042952593,liquidity,development,1.0
candidate_event,2023-04-26,SNX,2.482,2.607,2.256,2.409,27659698.8,2.482,845.0,66632214.4092,46414812.28119999,-0.0910556003223208,0.6769911504424767,2.26135,True,2023-04-27,2.408,2.495,2.372,2.451,0.017857142857143,True,28395.9,21540.7145,True,98.0,,,,,,,,,,0.0
candidate_event,2023-08-01,SNX,2.565,2.572,2.366,2.492,45258906.2,2.565,942.0,112785194.2504,73253609.4916,-0.0775828460038985,0.6331658291457286,2.4567,True,2023-08-02,2.491,2.613,2.419,2.471,-0.0080289040545965,True,29701.2,26701.1815,True,95.0,2.0,2023-08-01,2023-08-02,-0.0080289040545965,-0.0090289040545965,-0.0289040545965475,0.0489763147330388,liquidity,development,1.0
candidate_event,2023-11-18,SNX,2.974,2.983,2.733,2.98,20185396.1,2.975,1051.0,60152480.378000006,32947576.06985,-0.081344537815126,1.020661157024793,2.258475,True,2023-11-19,2.979,3.46,2.856,3.432,0.1520644511581066,True,36580.9,28908.5435,True,119.0,,,,,,,,,,0.0
candidate_event,2023-12-04,SNX,3.821,3.932,3.508,3.744,18489639.9,3.822,1067.0,69225211.78559999,54428207.98095001,-0.0821559392987965,0.7515923566878986,2.3563600000000005,True,2023-12-05,3.744,4.165,3.517,4.055,0.0830662393162391,True,41993.1,29736.681,True,117.0,,,,,,,,,,0.0
candidate_event,2023-12-13,SNX,4.234,4.528,3.933,4.377,33950724.6,4.234,1076.0,148602321.5742,74204974.89954999,-0.0710911667453945,1.4750830564784043,2.4324250000000003,True,2023-12-14,4.377,4.403,4.033,4.327,-0.0114233493260224,True,42875.0,30474.2695,True,119.0,,,,,,,,,,0.0
candidate_event,2023-12-14,SNX,4.377,4.403,4.033,4.327,22873206.5,4.377,1077.0,98972364.5255,77625273.89515,-0.0785926433630339,0.854651162790698,2.441605,True,2023-12-15,4.327,4.339,4.006,4.021,-0.0707187427779061,True,43032.4,30549.153,True,119.0,,,,,,,,,,0.0
candidate_event,2023-12-18,SNX,3.774,3.817,3.415,3.706,20850302.9,3.774,1081.0,77271222.5474,70617722.89859998,-0.0951245363010069,0.8105849582172701,2.472155,True,2023-12-19,3.705,3.818,3.553,3.602,-0.027800269905533,True,42671.7,30843.7285,True,122.0,,,,,,,,,,0.0
candidate_event,2024-01-12,SNX,3.937,4.059,3.561,3.75,16103575.2,3.937,1106.0,60388407.0,56585607.0256,-0.095504191008382,0.5026595744680854,2.69742,True,2024-01-13,3.75,3.803,3.618,3.762,0.0032,True,42788.9,32906.71400000001,True,126.0,,,,,,,,,,0.0
candidate_event,2024-01-23,SNX,3.201,3.244,2.963,3.111,12112815.2,3.201,1117.0,37682968.0872,48649205.7178,-0.0743517650734145,0.6218487394957989,2.766105,True,2024-01-24,3.11,3.219,3.063,3.203,0.029903536977492,True,39890.0,33523.1895,True,124.0,,,,,,,,,,0.0
candidate_event,2024-02-20,SNX,3.822,3.859,3.528,3.701,10706284.8,3.822,1145.0,39623960.044800006,20224582.0594,-0.0769230769230769,0.58843537414966,2.8772150000000005,True,2024-02-21,3.701,3.715,3.392,3.536,-0.0445825452580384,True,52297.4,35792.735,True,106.0,,,,,,,,,,0.0
candidate_event,2024-04-10,SNX,3.997,4.03,3.696,3.925,9993971.2,3.998,1195.0,39226336.95999999,52446323.1872,-0.0755377688844421,0.758278145695363,3.39828,True,2024-04-11,3.924,4.034,3.791,3.867,-0.014525993883792,True,70681.7,45441.989,True,154.0,,,,,,,,,,0.0
candidate_event,2024-11-26,SNX,2.231,2.331,2.072,2.215,12644747.0,2.231,1425.0,28008114.605,17329020.2913,-0.0712684894666068,0.8993710691823897,1.77553,True,2024-11-27,2.215,2.554,2.17,2.42,0.09255079006772,True,92021.4,66197.9955,True,164.0,,,,,,,,,,0.0
candidate_event,2024-12-05,SNX,3.034,3.116,2.81,2.935,16702575.2,3.035,1434.0,49022058.212,26544247.90845,-0.0741350906095552,0.5555555555555554,1.7812199999999998,True,2024-12-06,2.935,3.369,2.931,3.254,0.1086882453151618,True,97001.5,67658.52649999999,True,190.0,,,,,,,,,,0.0
candidate_event,2025-01-08,SNX,1.927,1.957,1.738,1.853,12528187.1,1.928,1468.0,23214730.6963,24275607.3058,-0.0985477178423236,0.605263157894737,1.758015,True,2025-01-09,1.852,1.882,1.734,1.781,-0.0383369330453564,True,95014.1,72801.88,True,176.0,,,,,,,,,,0.0
candidate_event,2021-08-26,SOL,72.026,78.18,66.207,74.875,26381412.0,72.028,237.0,1975308223.5,352728308.322,-0.0808157938579442,1.4890912214396133,31.328037,True,2021-08-27,74.89,88.888,72.509,87.954,0.174442515689678,True,46853.06,46038.2441,True,69.0,1.0,2021-08-26,2021-08-27,0.174442515689678,0.173442515689678,-0.0317932968353584,0.1869141407397516,liquidity,development,1.0
candidate_event,2021-12-05,SOL,200.586,204.39,181.205,196.317,8812597.0,200.583,338.0,1730062605.249,1434083813.3515,-0.0966083865531973,0.7798534420476833,109.777375,True,2021-12-06,196.318,197.486,176.2,193.518,-0.0142625739871026,True,49376.6,46330.99225,True,73.0,1.0,2021-12-05,2021-12-06,-0.0142625739871026,-0.0152625739871026,-0.102476594097332,0.0059495308631911,liquidity,development,1.0
candidate_event,2023-04-26,SOL,21.923,22.977,20.291,21.256,34306233.0,21.924,845.0,729213288.648,392309085.6585,-0.0744845831052727,0.5909369259032458,20.59198,True,2023-04-27,21.256,22.541,21.155,22.326,0.0503387278885962,True,28395.9,21540.7145,True,98.0,,,,,,,,,,0.0
candidate_event,2023-12-13,SOL,68.635,72.666,63.64,70.668,31564908.0,68.644,1076.0,2230628918.544,2127795207.791,-0.0728978497756541,1.404476418864908,29.40234,True,2023-12-14,70.669,76.315,67.0,75.751,0.0719127198630236,True,42875.0,30474.2695,True,119.0,1.0,2023-12-13,2023-12-14,0.0719127198630236,0.0709127198630236,-0.0519180970439654,0.0798935884192504,liquidity,development,1.0
candidate_event,2024-01-10,SOL,99.347,105.58,92.122,102.063,39490104.0,99.347,1104.0,4030478484.552,3256743475.358,-0.0727248935549135,1.3759169550173025,40.350375,True,2024-01-11,102.067,107.341,97.6,99.928,-0.0209568224793517,True,46662.9,32764.671,True,126.0,1.0,2024-01-10,2024-01-11,-0.0209568224793517,-0.0219568224793517,-0.0437653698061077,0.0516719409799446,liquidity,development,1.0
candidate_event,2024-01-19,SOL,94.389,95.5,87.005,93.596,31636549.0,94.389,1113.0,2961054440.204,3605004912.663,-0.0782294547034082,0.892605633802818,43.86966,True,2024-01-20,93.596,94.294,90.176,92.9,-0.0074362152228727,True,41662.2,33316.779500000004,True,125.0,1.0,2024-01-19,2024-01-20,-0.0074362152228727,-0.0084362152228727,-0.0365400230779093,0.0074575836574211,liquidity,development,1.0
candidate_event,2024-02-20,SOL,111.657,112.242,102.625,108.418,26511474.0,111.658,1145.0,2874320988.132,2360305897.082,-0.0808988160275125,0.6413151776818339,56.205335000000005,True,2024-02-21,108.417,108.5,100.255,105.113,-0.0304749255190607,True,52297.4,35792.735,True,106.0,1.0,2024-02-20,2024-02-21,-0.0304749255190607,-0.0314749255190607,-0.0752833965153066,0.0007655625962716,liquidity,development,1.0
candidate_event,2024-02-21,SOL,108.417,108.5,100.255,105.113,23820780.0,108.418,1146.0,2503873648.14,2457706865.5955,-0.0752919256949954,0.5951243415410998,56.617695000000005,True,2024-02-22,105.117,107.164,101.555,101.805,-0.0315077485088044,True,51877.8,35906.8355,True,107.0,1.0,2024-02-21,2024-02-22,-0.0315077485088044,-0.0325077485088044,-0.03388605078151,0.0194735390089138,liquidity,development,1.0
candidate_event,2024-04-16,SOL,138.442,140.512,126.392,136.183,31626915.0,138.442,1201.0,4307048165.445,3756376805.117,-0.0870400600973694,0.8125311203319492,94.653625,True,2024-04-17,136.184,142.622,126.812,131.781,-0.0323312577101567,True,63765.0,46616.546,True,153.0,1.0,2024-04-16,2024-04-17,-0.0323312577101567,-0.0333312577101567,-0.0688186571109674,0.0472742759795572,liquidity,development,1.0
candidate_event,2024-04-19,SOL,141.958,147.491,128.401,142.444,34094940.0,141.957,1204.0,4856619633.36,3756376805.117,-0.0954937058405008,1.0359250516376508,96.3916,True,2024-04-20,142.445,152.398,139.601,151.155,0.0611464073853067,True,63787.4,47146.931,True,153.0,1.0,2024-04-19,2024-04-20,0.0611464073853067,0.0601464073853067,-0.0199656007581873,0.0698725824002246,liquidity,development,1.0
candidate_event,2024-05-23,SOL,177.02,181.365,164.6,176.182,20134858.0,177.03,1238.0,3547399552.156,2658872620.9960003,-0.0702140880076823,0.9317779565567166,117.319715,True,2024-05-24,176.181,176.181,162.432,167.657,-0.0483820616298011,True,67999.9,52849.096,True,129.0,1.0,2024-05-23,2024-05-24,-0.0483820616298011,-0.0493820616298011,-0.0780390621009077,0.0,liquidity,development,1.0
candidate_event,2024-07-25,SOL,177.983,179.5,165.304,171.759,22892041.0,177.983,1301.0,3931914070.119,2125224404.16,-0.0712371406257901,0.5091095512264361,142.30784000000003,True,2024-07-26,171.76,184.0,171.582,182.991,0.0653877503493247,True,65773.0,60451.092,True,109.0,1.0,2024-07-25,2024-07-26,0.0653877503493247,0.0643877503493247,-0.0010363297624592,0.0712622263623661,liquidity,development,1.0
candidate_event,2024-08-01,SOL,171.632,172.859,157.828,167.294,23771384.0,171.632,1308.0,3976809914.896,2487232676.87,-0.0804278922345483,0.6857432628223709,145.16359500000002,True,2024-08-02,167.3,169.357,149.735,152.711,-0.0872026300059772,True,65328.9,61217.863000000005,True,112.0,1.0,2024-08-01,2024-08-02,-0.0872026300059772,-0.0882026300059772,-0.104991034070532,0.0122952779438134,liquidity,development,1.0
candidate_event,2024-12-20,SOL,193.71,199.61,175.2,194.28,37082041.0,193.71,1449.0,7204298925.4800005,4152710178.045,-0.0955552113984823,1.030794165316045,167.20180499999998,True,2024-12-21,194.28,201.94,178.31,181.37,-0.0664504838377598,True,97764.4,70055.22200000001,True,199.0,1.0,2024-12-20,2024-12-21,-0.0664504838377598,-0.0674504838377598,-0.082200947086679,0.0394276302244183,liquidity,development,1.0
candidate_event,2025-01-19,SOL,261.91,295.6,237.69,252.52,73470822.0,261.9,1479.0,18552851971.44,2673807652.205,-0.0924398625429552,0.6125567947129296,175.219205,True,2025-01-20,252.49,273.0,229.27,241.89,-0.0419818606677493,True,101311.5,74803.5695,True,160.0,1.0,2025-01-19,2025-01-20,-0.0419818606677493,-0.0429818606677493,-0.0919640381797298,0.0812309398392014,liquidity,development,1.0
candidate_event,2025-01-20,SOL,252.49,273.0,229.27,241.89,51782047.0,252.52,1480.0,12525559348.83,2673807652.205,-0.092071915095834,0.5427956989247301,175.78985500000002,True,2025-01-21,241.88,259.89,230.3,250.26,0.0346452786505704,True,102247.6,75029.578,True,160.0,1.0,2025-01-20,2025-01-21,0.0346452786505704,0.0336452786505704,-0.0478749793285926,0.0744584091284934,liquidity,development,1.0
candidate_event,2025-01-27,SOL,240.32,242.53,220.76,234.77,34871094.0,240.32,1487.0,8186686738.38,3131954223.315,-0.0813914780292942,0.7162576687116573,179.67792999999998,True,2025-01-28,234.79,243.77,225.0,226.91,-0.0335619063844285,True,102021.3,76666.3335,True,153.0,1.0,2025-01-27,2025-01-28,-0.0335619063844285,-0.0345619063844285,-0.0416968354699944,0.0382469440776864,liquidity,development,1.0
candidate_event,2025-02-02,SOL,212.88,218.71,191.85,203.42,32839924.0,212.89,1493.0,6680297340.08,3518581069.6,-0.0988303818873596,0.5499049429657793,181.86234,True,2025-02-03,203.42,218.42,173.33,216.2,0.0628256808573395,True,97664.5,77860.06450000001,True,152.0,1.0,2025-02-02,2025-02-03,0.0628256808573395,0.0618256808573395,-0.1479205584504963,0.0737390620391309,liquidity,development,1.0
candidate_event,2025-10-14,SOL,208.58,211.29,190.95,202.34,53686484.62,208.57,1747.0,10862923298.0108,5778196032.085501,-0.0844800306851416,0.6464245175936443,172.92555000000002,True,2025-10-15,202.35,208.85,191.91,193.73,-0.0425994563874475,True,112983.8,107061.60850000002,True,143.0,1.0,2025-10-14,2025-10-15,-0.0425994563874475,-0.0435994563874475,-0.0515937731653076,0.0321225599209291,liquidity,development,1.0
candidate_event,2024-03-11,SPELL,0.0013391,0.0013899,0.0012428,0.0013707,25745008749.0,0.0013388,552.0,35288683.4922543,58829666.0355766,-0.0717060053779503,1.3322916666666675,0.000591168,True,2024-03-12,0.0013708,0.0017988,0.0013248,0.0014876,0.0852057192880071,True,72153.8,39101.605500000005,True,147.0,,,,,,,,,,0.0
candidate_event,2024-03-14,SPELL,0.0014551,0.0014551,0.0013102,0.0014105,37509786474.0,0.001455,555.0,52907553.821577005,59786651.45578469,-0.0995189003436425,0.6926795580110505,0.000607051,True,2024-03-15,0.0014106,0.0014334,0.0011789,0.0013407,-0.0495533815397702,True,71455.5,39791.3185,True,151.0,,,,,,,,,,0.0
candidate_event,2024-04-10,SPELL,0.00115,0.0011634,0.0010694,0.0011475,14411768777.0,0.0011501,582.0,16537504.671607502,21704616.89918415,-0.0701678114946525,0.9677819083023548,0.0007089765,True,2024-04-11,0.0011476,0.0012481,0.0011443,0.0011811,0.0291913558731267,True,70681.7,45441.989,True,154.0,,,,,,,,,,0.0
candidate_event,2024-04-19,SPELL,0.0008486,0.0009106,0.0007744,0.0008702,15588170876.0,0.0008487,591.0,13564826.2962952,17648633.356877603,-0.0875456580652763,1.2893674293405115,0.000726581,True,2024-04-20,0.0008703,0.0009669,0.0008571,0.0009622,0.1055957715730209,True,63787.4,47146.931,True,153.0,,,,,,,,,,0.0
candidate_event,2024-05-01,SPELL,0.0008143,0.0008419,0.000755,0.0008203,13926259086.0,0.0008146,603.0,11423710.3282458,13654188.0859399,-0.0731647434323593,1.095637583892619,0.0007531295,True,2024-05-02,0.0008205,0.0008436,0.0007935,0.0008331,0.0153564899451552,True,58307.6,49327.81800000001,True,153.0,,,,,,,,,,0.0
candidate_event,2024-12-02,SPELL,0.0009879,0.0010035,0.0009086,0.0009763,21932579146.0,0.0009881,818.0,21412777.0202398,17085542.1913674,-0.0804574435785852,0.8515723270440257,0.000671531,True,2024-12-03,0.0009762,0.0010949,0.000936,0.0010738,0.0999795123950009,True,95890.5,67201.125,True,182.0,,,,,,,,,,0.0
candidate_event,2023-12-13,SSV,24.12,24.36,21.78,23.95,1674783.32,24.12,292.0,40111060.514,45756476.63870001,-0.0970149253731342,0.9273504273504266,17.65305,True,2023-12-14,23.96,24.46,22.58,23.83,-0.0054257095158598,True,42875.0,30474.2695,True,119.0,,,,,,,,,,0.0
candidate_event,2023-12-18,SSV,21.47,21.74,19.68,21.36,1195077.39,21.46,297.0,25526853.0504,45756476.63870001,-0.0829450139794968,0.9438202247191004,17.6024,True,2023-12-19,21.36,22.34,20.67,21.16,-0.0093632958801497,True,42671.7,30843.7285,True,122.0,,,,,,,,,,0.0
candidate_event,2023-12-28,SSV,26.66,28.35,24.12,26.45,4950782.64,26.65,307.0,130948200.828,40160820.4224,-0.094934333958724,0.9209486166007907,17.78965,True,2023-12-29,26.46,27.41,24.92,26.94,0.018140589569161,True,42600.1,31681.243,True,127.0,1.0,2023-12-28,2023-12-29,0.018140589569161,0.017140589569161,-0.0582010582010581,0.0359032501889644,liquidity,development,1.0
candidate_event,2024-01-12,SSV,37.19,40.47,33.6,36.75,2501332.46,37.18,322.0,91923967.905,58491755.186100006,-0.0962883270575577,0.8798882681564246,18.80955,True,2024-01-13,36.75,37.78,34.34,36.12,-0.0171428571428572,True,42788.9,32906.71400000001,True,126.0,,,,,,,,,,0.0
candidate_event,2024-01-19,SSV,31.75,32.2,29.18,31.3,895926.73,31.74,329.0,28042506.649,67154423.4993,-0.0806553245116571,0.8281250000000008,19.3519,True,2024-01-20,31.3,31.38,29.92,30.58,-0.023003194888179,True,41662.2,33316.779500000004,True,125.0,,,,,,,,,,0.0
candidate_event,2024-02-21,SSV,33.42,33.76,30.22,31.94,860994.51,33.41,362.0,27500164.649400003,19382989.0119,-0.09548039509129,0.5391849529780576,21.41505,True,2024-02-22,31.94,33.37,30.63,31.72,-0.0068879148403256,True,51877.8,35906.8355,True,107.0,,,,,,,,,,0.0
candidate_event,2024-03-03,SSV,33.7,37.97,30.88,34.83,1596263.12,33.69,373.0,55597844.4696,22431146.867450003,-0.0834075393291777,1.4056939501779364,22.2806,True,2024-03-04,34.84,36.6,33.37,34.35,-0.0140642939150402,True,63178.5,37436.2145,True,132.0,,,,,,,,,,0.0
candidate_event,2024-03-11,SSV,37.61,37.78,34.79,36.8,775854.72,37.61,381.0,28551453.696,24423426.1818,-0.0749800584950811,0.7127659574468077,23.1492,True,2024-03-12,36.81,41.97,36.61,40.56,0.1018744906275468,True,72153.8,39101.605500000005,True,147.0,,,,,,,,,,0.0
candidate_event,2024-03-20,SSV,48.33,57.78,44.08,55.63,3666377.41,48.33,390.0,203960575.3183,38348858.84965,-0.0879370991102834,2.7176470588235304,24.68425,True,2024-03-21,55.64,62.33,53.93,60.25,0.0828540618260245,True,67876.4,41002.2445,True,154.0,,,,,,,,,,0.0
candidate_event,2024-04-19,SSV,36.373,38.518,33.162,37.66,682970.25,36.373,420.0,25720659.615,45561400.70734,-0.0882797679597503,1.4008097165991902,29.8808,True,2024-04-20,37.66,41.647,36.966,41.338,0.0976633032395115,True,63787.4,47146.931,True,153.0,,,,,,,,,,0.0
candidate_event,2024-12-03,SSV,31.927,32.818,29.308,32.354,2696728.85,31.932,648.0,87249965.2129,29952988.78571,-0.0821746210697732,1.1608231707317076,27.692705,True,2024-12-04,32.355,36.033,31.662,33.156,0.0247566063977746,True,95913.3,67345.7915,True,183.0,,,,,,,,,,0.0
candidate_event,2025-01-06,STEEM,0.313,0.33079,0.28702,0.30687,477265260.0,0.31296,425.0,146458390.3362,25660527.723615,-0.0828859918200409,0.7652274479568221,0.19782515,True,2025-01-07,0.30684,0.31075,0.27653,0.27858,-0.0921001173249902,True,102180.4,72484.02799999999,True,180.0,1.0,2025-01-06,2025-01-07,-0.0921001173249902,-0.0931001173249902,-0.0987811237126841,0.0127427975492113,liquidity,development,1.0
candidate_event,2023-03-13,STG,0.7205,0.7784,0.6683,0.7502,157755855.0,0.7204,200.0,118348442.421,94216324.27335,-0.0723209328151027,1.5719769673704398,0.568703,True,2023-03-14,0.7502,0.8308,0.709,0.7965,0.0617168754998667,True,24119.5,19709.26,True,95.0,1.0,2023-03-13,2023-03-14,0.0617168754998667,0.0607168754998667,-0.0549186883497734,0.1074380165289257,liquidity,development,1.0
candidate_event,2023-03-27,STG,0.6571,0.6579,0.6051,0.6355,32450047.0,0.6574,214.0,20622004.8685,65105584.9539,-0.0795558259811378,0.5812619502868064,0.5686105,True,2023-03-28,0.6356,0.6496,0.6094,0.646,0.0163624921334171,True,27112.0,20211.827,True,95.0,1.0,2023-03-27,2023-03-28,0.0163624921334171,0.0153624921334171,-0.0412208936438011,0.0220264317180616,liquidity,development,1.0
candidate_event,2023-12-04,STG,0.5834,0.6101,0.5269,0.5673,72867720.0,0.5834,466.0,41337857.556,22524264.3053,-0.096846074734316,0.7150442477876106,0.5495805,True,2023-12-05,0.5673,0.581,0.5553,0.5755,0.0144544332804512,True,41993.1,29736.681,True,117.0,,,,,,,,,,0.0
candidate_event,2024-02-28,STG,0.681,0.7088,0.6272,0.6564,36195205.0,0.6812,552.0,23758532.562,10315077.44735,-0.0792718731650029,0.5407407407407403,0.532938,True,2024-02-29,0.6564,0.705,0.6528,0.6764,0.0304692260816574,True,62487.9,36775.033,True,124.0,,,,,,,,,,0.0
candidate_event,2024-03-14,STG,0.8455,0.8549,0.7818,0.8302,41461169.0,0.8454,567.0,34421062.503800005,18213870.5428,-0.0752306600425833,0.7610062893081762,0.5464355,True,2024-03-15,0.8303,0.8474,0.75,0.8058,-0.0295074069613393,True,71455.5,39791.3185,True,151.0,,,,,,,,,,0.0
candidate_event,2024-03-15,STG,0.8303,0.8474,0.75,0.8058,53920996.0,0.8302,568.0,43449538.5768,18838340.7546,-0.0966032281377982,0.6957605985037397,0.5477155,True,2024-03-16,0.8061,0.8407,0.7443,0.7619,-0.0548319067113262,True,69552.2,40008.547,True,152.0,,,,,,,,,,0.0
candidate_event,2024-12-03,STG,0.4095,0.4178,0.3694,0.4097,100146464.0,0.4096,831.0,41030006.3008,18270245.1721,-0.09814453125,1.0024875621890543,0.3647799999999999,True,2024-12-04,0.4099,0.4494,0.3994,0.4299,0.0487923883874115,True,95913.3,67345.7915,True,183.0,,,,,,,,,,0.0
candidate_event,2021-08-15,STORJ,1.3466,1.3495,1.2423,1.3481,38915634.0,1.3467,226.0,52462166.1954,31940813.9898,-0.0775228335932279,1.0134099616858243,1.230075,True,2021-08-16,1.3477,1.4407,1.3102,1.3202,-0.0204051346738887,True,47006.02,45401.0728,True,69.0,,,,,,,,,,0.0
candidate_event,2021-09-06,STORJ,1.7208,1.8174,1.5799,1.8134,38143846.0,1.7201,248.0,69170050.3364,44659534.6287,-0.0815068891343525,1.6654778887303854,1.3237879999999995,True,2021-09-07,1.8133,2.0386,1.1273,1.437,-0.2075221970992112,True,52683.97,46105.71445,True,69.0,,,,,,,,,,0.0
candidate_event,2021-11-22,STORJ,1.9635,2.1852,1.8172,1.9646,81674745.0,1.9635,325.0,160458204.02699998,101902386.9384,-0.0745098039215687,1.0075187969924804,1.2469495,True,2021-11-23,1.9645,2.0681,1.8902,2.0287,0.032680071264953,True,56268.31,45993.4832,True,72.0,1.0,2021-11-22,2021-11-23,0.032680071264953,0.031680071264953,-0.0378213285823363,0.0527360651565282,liquidity,development,1.0
candidate_event,2021-11-25,STORJ,2.2265,2.3658,2.0633,2.2076,71910872.0,2.2261,328.0,158750441.02719998,106937449.9914,-0.0731323839899377,0.886363636363634,1.246114,True,2021-11-26,2.2076,3.284,2.1622,2.7413,0.2417557528537779,True,58988.21,45989.27885,True,73.0,2.0,2021-11-25,2021-11-26,0.2417557528537779,0.2407557528537779,-0.0205653198043123,0.4875883312194238,liquidity,development,1.0
candidate_event,2021-12-15,STORJ,1.4579,1.5625,1.3442,1.5557,37939286.0,1.4579,348.0,59022147.2302,114716861.14110002,-0.0779888881267576,1.860158311345648,1.3166065,True,2021-12-16,1.5557,1.748,1.5401,1.6062,0.0324612714533649,True,48870.48,46903.54095,True,74.0,,,,,,,,,,0.0
candidate_event,2023-11-13,STORJ,0.7561,0.7595,0.6833,0.7204,144695525.0,0.7561,1046.0,104238656.21,79276040.16225001,-0.0962835603756117,0.5096153846153851,0.337459,True,2023-11-14,0.7205,0.837,0.654,0.6799,-0.0563497571131159,True,36486.2,28716.6595,True,112.0,1.0,2023-11-13,2023-11-14,-0.0563497571131159,-0.0573497571131159,-0.0922970159611381,0.1616932685634975,liquidity,development,1.0
candidate_event,2023-11-28,STORJ,0.7701,0.7845,0.7061,0.7671,123533055.0,0.7701,1061.0,94762206.4905,92785522.89545,-0.0831060901181665,0.953125,0.367237,True,2023-11-29,0.7671,0.7729,0.7146,0.7272,-0.0520140789988268,True,37812.1,29368.8075,True,120.0,,,,,,,,,,0.0
candidate_event,2023-12-04,STORJ,0.7511,0.7783,0.68,0.7509,80590144.0,0.751,1067.0,60515139.1296,84552169.06920001,-0.0945406125166443,0.9985915492957748,0.380262,True,2023-12-05,0.7509,0.9065,0.7454,0.8002,0.0656545478758823,True,41993.1,29736.681,True,117.0,,,,,,,,,,0.0
candidate_event,2023-12-16,STORJ,0.9523,1.0045,0.8804,0.9275,221967693.0,0.9523,1079.0,205875035.2575,73615294.16315,-0.0755014176204977,0.6550764951321277,0.4086175,True,2023-12-17,0.9274,1.1204,0.9264,1.0613,0.1443821436273451,True,42287.4,30693.419500000004,True,119.0,1.0,2023-12-16,2023-12-17,0.1443821436273451,0.1433821436273451,-0.0010782833728704,0.2081086909639853,liquidity,development,1.0
candidate_event,2023-12-18,STORJ,1.0614,1.116,0.9833,1.0432,269205685.0,1.0613,1081.0,280835370.59199995,73615294.16315,-0.0734947705644021,0.7679487179487178,0.4162,True,2023-12-19,1.0431,1.13,1.0214,1.0501,0.0067107659860032,True,42671.7,30843.7285,True,122.0,,,,,,,,,,0.0
candidate_event,2023-12-27,STORJ,0.793,0.7962,0.7313,0.7672,153428496.0,0.7931,1090.0,117710342.1312,103864665.2018,-0.077922077922078,0.5809061488673138,0.443789,True,2023-12-28,0.7672,0.78,0.7038,0.724,-0.0563086548488008,True,43453.8,31597.792,True,127.0,2.0,2023-12-27,2023-12-28,-0.0563086548488008,-0.0573086548488008,-0.0826381647549531,0.0166840458811261,liquidity,development,1.0
candidate_event,2023-12-31,STORJ,0.7317,0.7354,0.6623,0.7021,82327705.0,0.7317,1094.0,57802281.68049999,106636539.8282,-0.0948476151428181,0.5734870317002873,0.453532,True,2024-01-01,0.702,0.7218,0.679,0.7189,0.0240740740740741,True,42314.0,31929.516,True,127.0,1.0,2023-12-31,2024-01-01,0.0240740740740741,0.0230740740740741,-0.0327635327635326,0.0282051282051283,liquidity,development,1.0
candidate_event,2024-01-05,STORJ,0.6476,0.6831,0.5964,0.6394,131455654.0,0.6476,1099.0,84052745.16759999,106636539.8282,-0.0790611488573191,0.83984375,0.464655,True,2024-01-06,0.6393,0.6635,0.5865,0.6306,-0.0136086344439229,True,44145.4,32373.3135,True,128.0,,,,,,,,,,0.0
candidate_event,2024-01-06,STORJ,0.6393,0.6635,0.5865,0.6306,76269000.0,0.6394,1100.0,48095231.400000006,91888502.9768,-0.0827338129496402,0.8336483931947084,0.4666015,True,2024-01-07,0.6306,0.6399,0.5747,0.5828,-0.0758008246114811,True,43956.7,32451.644,True,127.0,,,,,,,,,,0.0
candidate_event,2024-01-23,STORJ,0.5377,0.5455,0.4881,0.5222,67254449.0,0.5378,1117.0,35120273.2678,50604992.20244999,-0.0924135366307177,0.6861167002012081,0.489813,True,2024-01-24,0.5222,0.5355,0.5117,0.5342,0.0229797012638834,True,39890.0,33523.1895,True,124.0,,,,,,,,,,0.0
candidate_event,2024-03-08,STORJ,0.8147,0.939,0.7465,0.8558,342788981.0,0.8147,1162.0,293358809.9398,71070265.3686,-0.0837117957530378,1.6026392961876843,0.580885,True,2024-03-09,0.8557,0.922,0.8475,0.8727,0.0198667757391608,True,68180.2,38447.168,True,143.0,,,,,,,,,,0.0
candidate_event,2024-10-17,STORJ,0.5973,0.6319,0.5503,0.6177,383523586.0,0.5972,1385.0,236902519.0722,12715393.55405,-0.078533154722036,1.4371002132196182,0.4526225,True,2024-10-18,0.6177,0.6634,0.5881,0.6294,0.0189412336085477,True,67401.5,63303.22349999999,True,120.0,2.0,2024-10-17,2024-10-18,0.0189412336085477,0.0179412336085477,-0.0479197021207706,0.0739841346932166,liquidity,development,1.0
candidate_event,2024-11-13,STORJ,0.4992,0.5125,0.4517,0.4787,76098179.0,0.4992,1412.0,36428198.2873,31647722.71095,-0.0951522435897436,0.5684210526315796,0.435054,True,2024-11-14,0.4786,0.4885,0.4359,0.4453,-0.0695779356456332,True,90413.3,64157.32399999999,True,121.0,,,,,,,,,,0.0
candidate_event,2024-12-02,STORJ,0.6526,0.6751,0.5961,0.6722,68128109.0,0.6525,1431.0,45795714.8698,23795364.9997,-0.0864367816091954,1.3492907801418448,0.4384249999999999,True,2024-12-03,0.6721,0.7147,0.6132,0.7119,0.0592173783663143,True,95890.5,67201.125,True,182.0,,,,,,,,,,0.0
candidate_event,2024-12-03,STORJ,0.6721,0.7147,0.6132,0.7119,103536791.0,0.6722,1432.0,73707841.5129,23795364.9997,-0.0877714965783993,1.672881355932202,0.439255,True,2024-12-04,0.7121,0.7332,0.6802,0.714,0.0026681645836259,True,95913.3,67345.7915,True,183.0,,,,,,,,,,0.0
candidate_event,2024-12-02,STRK,0.7125,0.728,0.6552,0.7122,173701104.6,0.7123,286.0,123709926.69612,69612880.8438,-0.0801628527305911,0.9982486865148864,0.5811930000000001,True,2024-12-03,0.7122,0.7489,0.6372,0.7267,0.0203594495928109,True,95890.5,67201.125,True,182.0,,,,,,,,,,0.0
candidate_event,2023-10-31,STX,0.6323,0.6408,0.5861,0.6258,100506257.0,0.6322,252.0,62896815.630600005,45206832.8613,-0.0729199620373299,0.861171366594361,0.5972225,True,2023-11-01,0.6259,0.6586,0.6006,0.6478,0.0349896149544655,True,34651.4,28254.6855,True,90.0,2.0,2023-10-31,2023-11-01,0.0349896149544655,0.0339896149544655,-0.0404217926186291,0.0522447675347499,liquidity,development,1.0
candidate_event,2023-12-04,STX,0.8296,1.1891,0.7551,1.1822,739544668.0,0.8296,286.0,874289706.5095999,53817447.4131,-0.0898023143683702,5.732885906040266,0.5910544999999999,True,2023-12-05,1.1822,1.2544,1.0909,1.1837,0.0012688208424971,True,41993.1,29736.681,True,117.0,,,,,,,,,,0.0
candidate_event,2023-12-05,STX,1.1822,1.2544,1.0909,1.1837,667723619.0,1.1822,287.0,790384447.8103,57671129.17470001,-0.0772288952799864,1.016429353778752,0.5936505,True,2023-12-06,1.1834,1.1849,1.0108,1.0351,-0.1253168835558561,True,44081.7,29822.739,True,118.0,,,,,,,,,,0.0
candidate_event,2023-12-22,STX,1.4148,1.4387,1.3,1.3979,139818357.0,1.4147,304.0,195452081.2503,145211738.075,-0.081077260196508,0.8535309503051426,0.6352110000000001,True,2023-12-23,1.3974,1.5231,1.3728,1.4782,0.0578216688135106,True,43999.2,31177.743,True,124.0,1.0,2023-12-22,2023-12-23,0.0578216688135106,0.0568216688135106,-0.0176041219407471,0.0899527694289394,liquidity,development,1.0
candidate_event,2023-12-26,STX,1.5173,1.6557,1.372,1.6294,205357256.0,1.5169,308.0,334609112.9264,164097143.88515002,-0.0955237655745269,1.7763975155279517,0.652868,True,2023-12-27,1.6295,1.739,1.5256,1.5628,-0.0409328014728443,True,42538.5,31509.655999999995,True,127.0,,,,,,,,,,0.0
candidate_event,2023-12-29,STX,1.4748,1.5504,1.35,1.4265,140339063.0,1.4748,311.0,200193673.3695,190638022.95445,-0.0846216436126933,0.6129807692307693,0.6671695,True,2023-12-30,1.4264,1.4745,1.3611,1.4185,-0.0055384183959616,True,42095.1,31762.2445,True,127.0,1.0,2023-12-29,2023-12-30,-0.0055384183959616,-0.0065384183959616,-0.045779584969153,0.0337212563095905,liquidity,development,1.0
candidate_event,2024-01-10,STX,1.8272,1.9478,1.653,1.8473,272849267.0,1.8272,323.0,504034450.9291,244293971.95905,-0.0953371278458843,1.1153846153846154,0.7283355,True,2024-01-11,1.8472,1.98,1.7311,1.7774,-0.0377869207449111,True,46662.9,32764.671,True,126.0,,,,,,,,,,0.0
candidate_event,2024-03-03,STX,2.9776,3.1374,2.7601,3.0506,62883699.0,2.9775,376.0,191833012.1694,186206228.07325,-0.0730142737195633,1.3362465501379952,1.0921315,True,2024-03-04,3.051,3.2035,2.9106,3.0377,-0.0043592264831203,True,63178.5,37436.2145,True,132.0,,,,,,,,,,0.0
candidate_event,2024-03-08,STX,2.9087,3.07,2.698,2.8339,55871500.0,2.9079,381.0,158334243.85,223049894.76675,-0.0721826747824891,0.6474511672224859,1.1519415000000002,True,2024-03-09,2.834,2.869,2.7851,2.8105,-0.0082921665490471,True,68180.2,38447.168,True,143.0,,,,,,,,,,0.0
candidate_event,2024-03-12,STX,3.0736,3.1553,2.82,3.0397,62039408.0,3.0736,385.0,188581188.4976,233293570.6338,-0.0825091098386257,0.8663249211356465,1.2018535,True,2024-03-13,3.0398,3.1799,2.9423,3.0923,0.0172708730837554,True,71503.2,39328.863000000005,True,149.0,,,,,,,,,,0.0
candidate_event,2024-03-19,STX,2.659,2.9743,2.4724,2.6948,150343402.0,2.6593,392.0,405145399.7096,180961637.8859,-0.0702816530665965,1.189941144997324,1.2826305,True,2024-03-20,2.695,3.5514,2.6522,3.4234,0.2702782931354361,True,61974.1,40792.1415,True,154.0,1.0,2024-03-19,2024-03-20,0.2702782931354361,0.2692782931354361,-0.0158812615955472,0.3177736549165122,liquidity,development,1.0
candidate_event,2024-04-01,STX,3.6604,3.857,3.3918,3.6199,77754121.0,3.6606,405.0,281462142.6079,164934878.27199998,-0.0734305851499754,0.848586309523809,1.4825095,True,2024-04-02,3.62,3.6244,3.2743,3.2924,-0.0904972375690607,True,69700.0,43555.8975,True,156.0,2.0,2024-04-01,2024-04-02,-0.0904972375690607,-0.0914972375690607,-0.0954972375690607,0.0012154696132595,liquidity,development,1.0
candidate_event,2024-06-11,STX,2.2237,2.243,2.0526,2.187,78103802.0,2.2234,476.0,170813014.97399998,85010358.9178,-0.0768192857785373,0.7868852459016392,2.1217025,True,2024-06-12,2.1869,2.4671,2.1192,2.3857,0.0909049339247336,True,67320.7,55916.9695,True,128.0,1.0,2024-06-11,2024-06-12,0.0909049339247336,0.0899049339247336,-0.0309570625085737,0.12812657185971,liquidity,development,1.0
candidate_event,2024-11-24,STX,2.0704,2.1521,1.8914,2.0638,97366838.0,2.0701,642.0,200945680.2644,95901285.20465,-0.0863243321578668,0.9647453833240068,1.7607665,True,2024-11-25,2.0639,2.4135,2.0333,2.118,0.0262125102960415,True,97960.4,65891.7095,True,149.0,,,,,,,,,,0.0
candidate_event,2023-11-26,SUI,0.6554,0.6694,0.6071,0.6351,277842848.8,0.6554,207.0,176457993.27288002,176525910.46501,-0.0736954531583765,0.5797101449275366,0.625706,True,2023-11-27,0.6352,0.6478,0.5769,0.5931,-0.0662783375314861,True,37437.9,29262.283,True,120.0,1.0,2023-11-26,2023-11-27,-0.0662783375314861,-0.0672783375314861,-0.0917821158690176,0.0198362720403022,liquidity,development,1.0
candidate_event,2023-12-13,SUI,0.6606,0.6669,0.6054,0.6535,287121281.6,0.6606,224.0,187633757.5256,177946611.82492,-0.0835603996366938,0.8713768115942028,0.587309,True,2023-12-14,0.6536,0.6708,0.6224,0.6554,0.0027539779681762,True,42875.0,30474.2695,True,119.0,,,,,,,,,,0.0
candidate_event,2023-12-18,SUI,0.6112,0.6198,0.564,0.6109,190260806.5,0.6112,229.0,116230326.69085,146185634.01628,-0.0772251308900523,0.9936440677966109,0.577851,True,2023-12-19,0.6109,0.7196,0.6057,0.6793,0.1119659518742839,True,42671.7,30843.7285,True,122.0,,,,,,,,,,0.0
candidate_event,2024-01-08,SUI,0.8,0.8848,0.7202,0.8607,364324497.1,0.8,250.0,313574094.65397,188136666.0592,-0.0997500000000001,1.7606516290726806,0.58181,True,2024-01-09,0.8606,0.8746,0.7758,0.7981,-0.0726237508714849,True,46972.7,32606.7745,True,126.0,,,,,,,,,,0.0
candidate_event,2024-02-20,SUI,1.7749,1.7805,1.6037,1.7189,220456446.7,1.775,293.0,378942586.23263,523908826.07495,-0.0965070422535211,0.6725043782837139,0.7467145000000001,True,2024-02-21,1.719,1.7236,1.6176,1.6937,-0.014717859220477,True,52297.4,35792.735,True,106.0,2.0,2024-02-20,2024-02-21,-0.014717859220477,-0.015717859220477,-0.0589877835951134,0.002675974403723,liquidity,development,1.0
candidate_event,2024-03-08,SUI,1.5826,1.6053,1.4405,1.5455,179747396.8,1.5825,310.0,277799601.7544,343640265.38716,-0.0897314375987362,0.7394366197183107,0.834669,True,2024-03-09,1.5455,1.6735,1.5208,1.5865,0.0265286315108379,True,68180.2,38447.168,True,143.0,2.0,2024-03-08,2024-03-09,0.0265286315108379,0.0255286315108379,-0.0159818828857976,0.0828210934972499,liquidity,development,1.0
candidate_event,2024-03-14,SUI,1.6231,1.6629,1.4715,1.5687,210724481.5,1.6231,316.0,330563494.12905,287761646.728515,-0.0934015156182613,0.6411609498680737,0.865037,True,2024-03-15,1.5688,1.5853,1.335,1.4935,-0.0479984701682814,True,71455.5,39791.3185,True,151.0,,,,,,,,,,0.0
candidate_event,2024-03-20,SUI,1.6477,1.7816,1.5024,1.7542,375911194.9,1.6477,322.0,659423418.09358,314975294.857835,-0.0881835285549553,1.732966276668961,0.8979355,True,2024-03-21,1.7543,1.9478,1.7418,1.8278,0.0418970529555948,True,67876.4,41002.2445,True,154.0,2.0,2024-03-20,2024-03-21,0.0418970529555948,0.0408970529555948,-0.0071253491421079,0.1103004047198312,liquidity,development,1.0
candidate_event,2024-04-10,SUI,1.5764,1.5857,1.46,1.5226,148558725.0,1.5764,343.0,226195514.685,353267966.345325,-0.0738391271250952,0.537800687285223,1.0349125,True,2024-04-11,1.5228,1.5612,1.476,1.4915,-0.0205542421854477,True,70681.7,45441.989,True,154.0,,,,,,,,,,0.0
candidate_event,2024-04-19,SUI,1.2541,1.3906,1.1319,1.3322,281582718.1,1.2541,352.0,375124497.05282,298405801.87788,-0.097440395502751,1.6391162029459905,1.070423,True,2024-04-20,1.3323,1.4344,1.3038,1.4263,0.0705546798769045,True,63787.4,47146.931,True,153.0,,,,,,,,,,0.0
candidate_event,2024-10-28,SUI,1.7553,1.7873,1.5991,1.7718,454430357.1,1.7554,544.0,805159706.7097801,945082428.0977248,-0.0890395351486841,1.1049264235444656,1.1262075,True,2024-10-29,1.7715,2.097,1.7631,2.0703,0.1686706181202371,True,69940.0,63251.6545,True,112.0,1.0,2024-10-28,2024-10-29,0.1686706181202371,0.1676706181202371,-0.0047417442845048,0.1837425910245553,liquidity,development,1.0
candidate_event,2024-11-03,SUI,1.907,1.9627,1.772,1.9447,489381671.6,1.9071,550.0,951700536.76052,911436728.22116,-0.0708405432331812,1.2783123612139162,1.1502795,True,2024-11-04,1.9447,1.9662,1.7882,1.8482,-0.0496220496734715,True,68762.5,63441.30850000001,True,109.0,1.0,2024-11-03,2024-11-04,-0.0496220496734715,-0.0506220496734715,-0.0804751375533501,0.0110556898236231,liquidity,development,1.0
candidate_event,2024-11-15,SUI,3.3557,3.681,3.102,3.6124,410993435.5,3.3554,562.0,1484672686.4002,907019258.267075,-0.0755200572211957,2.014206787687451,1.2400605,True,2024-11-16,3.6125,3.936,3.5812,3.7617,0.0413010380622838,True,91074.6,64414.957,True,123.0,1.0,2024-11-15,2024-11-16,0.0413010380622838,0.0403010380622838,-0.0086643598615916,0.0895501730103807,liquidity,development,1.0
candidate_event,2024-11-24,SUI,3.4398,3.5741,3.1381,3.3975,315523634.5,3.4395,571.0,1071991548.21375,1058361018.9198,-0.0876290158453262,0.8606502986065034,1.3532864999999998,True,2024-11-25,3.3976,3.4869,3.1022,3.1938,-0.0599835177772546,True,97960.4,65891.7095,True,149.0,2.0,2024-11-24,2024-11-25,-0.0599835177772546,-0.0609835177772546,-0.0869437249823406,0.0262832587708969,liquidity,development,1.0
candidate_event,2024-12-02,SUI,3.4803,3.4963,3.1742,3.3926,243089137.3,3.4804,579.0,824704207.20398,1030500389.41209,-0.0879783932881278,0.7132593076420637,1.45078,True,2024-12-03,3.3926,3.8806,3.3265,3.699,0.0903142132877439,True,95890.5,67201.125,True,182.0,,,,,,,,,,0.0
candidate_event,2024-12-10,SUI,3.8346,3.8972,3.4623,3.7106,364472562.4,3.8345,587.0,1352411890.0414398,1157921458.15596,-0.0970661103142521,0.6671144545943043,1.5665195,True,2024-12-11,3.7105,4.4066,3.5656,4.3722,0.1783317612181647,True,96602.4,68395.6005,True,194.0,2.0,2024-12-10,2024-12-11,0.1783317612181647,0.1773317612181647,-0.039051340789651,0.1876027489556664,liquidity,development,1.0
candidate_event,2025-01-08,SUI,4.7841,4.9126,4.3882,4.8929,316456108.0,4.7841,616.0,1548388090.8332,1087956154.64406,-0.0827532869296209,1.2748168729477158,2.0791285000000004,True,2025-01-09,4.8928,4.8929,4.4955,4.7471,-0.029778449967299,True,95014.1,72801.88,True,176.0,1.0,2025-01-08,2025-01-09,-0.029778449967299,-0.030778449967299,-0.0812009483322433,2.043819489849774e-05,liquidity,development,1.0
candidate_event,2025-01-09,SUI,4.8928,4.8929,4.4955,4.7471,286615130.9,4.8929,617.0,1360590687.8953898,1087956154.64406,-0.0812197265425412,0.6331152491192745,2.098462,True,2025-01-10,4.747,5.2483,4.73,5.1207,0.0787234042553193,True,92505.9,72948.435,True,176.0,1.0,2025-01-09,2025-01-10,0.0787234042553193,0.0777234042553193,-0.0035812091847481,0.105603539077312,liquidity,development,1.0
candidate_event,2025-01-27,SUI,3.8687,4.014,3.4838,3.9618,395088007.5,3.8683,635.0,1565259668.1135,973062443.350975,-0.0993976682263526,1.243172951885566,2.4399105,True,2025-01-28,3.9618,4.011,3.6068,3.6514,-0.078348225554041,True,102021.3,76666.3335,True,153.0,,,,,,,,,,0.0
candidate_event,2025-02-12,SUI,3.3249,3.67,3.088,3.5805,338191414.4,3.3249,651.0,1210894359.2592,964652882.10339,-0.0712502631658095,2.0789362600253267,2.652436,True,2025-02-13,3.5806,3.655,3.4066,3.4658,-0.0320616656426296,True,97816.3,79390.923,True,148.0,1.0,2025-02-12,2025-02-13,-0.0320616656426296,-0.0330616656426296,-0.0485952075071216,0.020778640451321,liquidity,development,1.0
candidate_event,2025-02-26,SUI,2.9553,3.0938,2.7406,2.8819,353360468.0,2.9551,665.0,1018349532.7292,777274164.941175,-0.0725863760955635,0.6587412587412586,2.830318,True,2025-02-27,2.882,2.9787,2.7564,2.7872,-0.0328938237335184,True,84208.5,81726.99650000001,True,134.0,1.0,2025-02-26,2025-02-27,-0.0328938237335184,-0.0338938237335184,-0.0435808466342817,0.0335530881332406,liquidity,development,1.0
candidate_event,2025-04-30,SUI,3.5295,3.602,3.2711,3.5036,362351248.0,3.5293,728.0,1269533832.4928,773023793.7609899,-0.0731589833678066,0.9004647560030982,3.2250215000000004,True,2025-05-01,3.5034,3.7642,3.451,3.5497,0.0132157332876634,True,94125.1,89661.04849999999,True,115.0,1.0,2025-04-30,2025-05-01,0.0132157332876634,0.0122157332876634,-0.0149568990123879,0.074441970657076,liquidity,development,1.0
candidate_event,2025-05-06,SUI,3.4216,3.4272,3.1157,3.3437,448336658.9,3.4216,734.0,1499103286.36393,855158638.15377,-0.0894026186579378,0.7453416149068323,3.262355,True,2025-05-07,3.3437,3.4464,3.2291,3.329,-0.0043963274217184,True,96798.9,90538.216,True,118.0,1.0,2025-05-06,2025-05-07,-0.0043963274217184,-0.0053963274217184,-0.034273409695846,0.0307144779735024,liquidity,development,1.0
candidate_event,2025-05-15,SUI,3.9144,3.9589,3.64,3.8472,354970905.0,3.914,743.0,1365644065.716,1251786601.90915,-0.0700051098620336,0.7562043795620431,3.351766,True,2025-05-16,3.8473,3.9498,3.7351,3.7785,-0.0178826709640527,True,103714.5,92124.782,True,129.0,1.0,2025-05-15,2025-05-16,-0.0178826709640527,-0.0188826709640527,-0.0291633093338185,0.0266420606659216,liquidity,development,1.0
candidate_event,2025-05-19,SUI,3.9414,3.9712,3.582,3.8361,279906460.0,3.9413,747.0,1073749171.206,1282352432.8309,-0.0911628142998502,0.7072084608961873,3.3890695,True,2025-05-20,3.8361,3.9405,3.7794,3.853,0.0044055160188734,True,105531.6,92790.185,True,133.0,1.0,2025-05-19,2025-05-20,0.0044055160188734,0.0034055160188734,-0.0147806365840307,0.0272151403769453,liquidity,development,1.0
candidate_event,2024-10-28,SUPER,1.2628,1.2719,1.1428,1.2208,38957655.0,1.2626,337.0,47559505.22400001,32063979.5691,-0.0948835735783303,0.651085141903173,0.854449,True,2024-10-29,1.2209,1.4079,1.2146,1.3805,0.1307232369563435,True,69940.0,63251.6545,True,112.0,,,,,,,,,,0.0
candidate_event,2024-11-24,SUPER,1.3129,1.3779,1.2123,1.3528,21250029.0,1.3126,364.0,28747039.2312,24332013.5755,-0.0764132256589974,1.4007976071784645,0.901153,True,2024-11-25,1.3529,1.3923,1.231,1.2633,-0.0662281025944266,True,97960.4,65891.7095,True,149.0,,,,,,,,,,0.0
candidate_event,2021-11-06,SUSHI,12.151,12.236,11.293,11.852,10502388.0,12.15,309.0,124474302.576,135086706.88099998,-0.0705349794238684,0.652275379229872,10.9570205,True,2021-11-07,11.853,12.282,11.563,12.103,0.0210917067409095,True,61511.3,45364.31595,True,70.0,2.0,2021-11-06,2021-11-07,0.0210917067409095,0.0200917067409095,-0.0244663798194548,0.0361933687674007,liquidity,development,1.0
candidate_event,2023-01-16,SUSHI,1.29,1.339,1.187,1.255,82035457.0,1.289,745.0,102954498.535,38338723.4535,-0.0791311093871217,0.666666666666666,1.2531100000000002,True,2023-01-17,1.255,1.298,1.224,1.229,-0.0207171314741034,True,21188.3,19518.7255,True,70.0,,,,,,,,,,0.0
candidate_event,2023-02-08,SUSHI,1.503,1.548,1.374,1.441,45204161.0,1.503,768.0,65139196.001,63327625.934,-0.085828343313373,0.5193798449612408,1.264525,True,2023-02-09,1.442,1.471,1.218,1.26,-0.1262135922330096,True,22955.9,19717.0655,True,97.0,1.0,2023-02-08,2023-02-09,-0.1262135922330096,-0.1272135922330096,-0.1553398058252427,0.0201109570041608,liquidity,development,1.0
candidate_event,2023-02-21,SUSHI,1.504,1.517,1.395,1.454,41960315.0,1.504,781.0,61010298.01,58589902.7735,-0.0724734042553191,0.5412844036697243,1.260205,True,2023-02-22,1.454,1.474,1.337,1.396,-0.0398899587345255,True,24443.4,19737.5835,True,99.0,,,,,,,,,,0.0
candidate_event,2023-02-22,SUSHI,1.454,1.474,1.337,1.396,37889665.0,1.454,782.0,52893972.34,58589902.7735,-0.0804676753782668,0.5042735042735038,1.259665,True,2023-02-23,1.396,1.488,1.382,1.478,0.0587392550143266,True,24171.3,19743.7235,True,99.0,,,,,,,,,,0.0
candidate_event,2023-11-18,SUSHI,1.0258,1.0297,0.9298,0.9935,102435419.0,1.0257,1051.0,101769588.7765,116755980.364,-0.0934971239153749,0.6642335766423361,0.7111065000000001,True,2023-11-19,0.9935,1.0953,0.9693,1.0936,0.1007549068948161,True,36580.9,28908.5435,True,119.0,,,,,,,,,,0.0
candidate_event,2023-12-04,SUSHI,1.3155,1.4458,1.22,1.4117,183343248.0,1.3155,1067.0,258825663.2016,126342077.80290002,-0.0725959711136449,2.007329842931939,0.7323434999999999,True,2023-12-05,1.4117,1.5049,1.3222,1.3678,-0.0310972586243536,True,41993.1,29736.681,True,117.0,,,,,,,,,,0.0
candidate_event,2023-12-14,SUSHI,1.2085,1.2311,1.1155,1.1906,79592115.0,1.2083,1077.0,94762372.119,106790587.3731,-0.076802118679136,0.8092672413793122,0.7524635,True,2023-12-15,1.1906,1.1923,1.1252,1.132,-0.0492188812363515,True,43032.4,30549.153,True,119.0,,,,,,,,,,0.0
candidate_event,2023-12-18,SUSHI,1.1646,1.1758,1.0636,1.1295,49738724.0,1.1648,1081.0,56179888.758,102570656.5277,-0.086881868131868,0.6511857707509869,0.7584829999999999,True,2023-12-19,1.1293,1.1479,1.0921,1.1118,-0.015496325157177,True,42671.7,30843.7285,True,122.0,,,,,,,,,,0.0
candidate_event,2024-01-05,SUSHI,1.1413,1.1597,1.0473,1.0997,36590753.0,1.1405,1099.0,40238851.0741,63767996.20665,-0.0817185444980272,0.5622317596566514,0.8081489999999999,True,2024-01-06,1.0996,1.0996,1.0253,1.067,-0.0296471444161513,True,44145.4,32373.3135,True,128.0,,,,,,,,,,0.0
candidate_event,2024-01-08,SUSHI,1.0199,1.1051,0.9412,1.0992,36278100.0,1.0198,1102.0,39876887.52,54511102.9702,-0.0770739360658953,2.010178117048345,0.8145874999999999,True,2024-01-09,1.0989,1.1097,1.01,1.0805,-0.0167440167440167,True,46972.7,32606.7745,True,126.0,,,,,,,,,,0.0
candidate_event,2024-01-09,SUSHI,1.0989,1.1097,1.01,1.0805,35894448.0,1.0992,1103.0,38783951.064,52199715.17295,-0.0811499272197961,0.7903587443946194,0.8165904999999999,True,2024-01-10,1.0803,1.1969,1.0575,1.1714,0.0843284272887161,True,46114.0,32683.9775,True,125.0,,,,,,,,,,0.0
candidate_event,2024-01-23,SUSHI,1.0783,1.1095,1.0013,1.0578,30434448.0,1.0782,1117.0,32193559.094400004,43505680.50605,-0.0713225746614727,0.7347204161248377,0.8468384999999999,True,2024-01-24,1.0576,1.0856,1.0455,1.0689,0.0106845688350982,True,39890.0,33523.1895,True,124.0,,,,,,,,,,0.0
candidate_event,2024-02-20,SUSHI,1.3016,1.3438,1.18,1.307,55227118.0,1.3015,1145.0,72181843.226,16007394.51855,-0.0933538225124857,1.0452674897119327,0.9117695,True,2024-02-21,1.3071,1.3195,1.2099,1.2593,-0.0365695050110931,True,52297.4,35792.735,True,106.0,,,,,,,,,,0.0
candidate_event,2024-02-21,SUSHI,1.3071,1.3195,1.2099,1.2593,25510701.0,1.307,1146.0,32125625.769300003,16007394.51855,-0.0742922723794949,0.5087538619979416,0.9146839999999998,True,2024-02-22,1.2593,1.4852,1.22,1.3005,0.0327165885809574,True,51877.8,35906.8355,True,107.0,,,,,,,,,,0.0
candidate_event,2024-03-04,SUSHI,1.7622,1.8256,1.611,1.6994,52499303.0,1.7621,1158.0,89217315.5182,41390494.4497,-0.0857499574371488,0.5850430178689612,0.966974,True,2024-03-05,1.6993,1.869,1.4,1.7075,0.0048255163891013,True,68296.4,37644.648,True,133.0,,,,,,,,,,0.0
candidate_event,2024-03-08,SUSHI,2.004,2.0398,1.8262,1.9594,38529604.0,2.0036,1162.0,75494906.0776,69136953.1315,-0.0885406268716311,0.7508455467869222,0.993164,True,2024-03-09,1.9594,2.0165,1.9204,1.9553,-0.0020924772889659,True,68180.2,38447.168,True,143.0,,,,,,,,,,0.0
candidate_event,2024-03-11,SUSHI,2.0094,2.0889,1.8555,2.0799,34718853.0,2.0088,1165.0,72211742.3547,78789928.7564,-0.0763142174432497,1.463796477495107,1.0146445,True,2024-03-12,2.08,2.0865,1.8565,2.0623,-0.0085096153846153,True,72153.8,39101.605500000005,True,147.0,,,,,,,,,,0.0
candidate_event,2024-03-14,SUSHI,2.0672,2.1041,1.9072,2.0364,42157408.0,2.0672,1168.0,85849345.6512,82026929.6888,-0.0773993808049536,0.8074999999999992,1.0366285,True,2024-03-15,2.0366,2.087,1.7711,1.9635,-0.0358931552587645,True,71455.5,39791.3185,True,151.0,,,,,,,,,,0.0
candidate_event,2024-11-26,SUSHI,1.0796,1.1189,0.9731,1.038,49173351.0,1.0798,1425.0,51041938.338,20955481.916150004,-0.0988145952954251,0.6082474226804123,0.7804479999999999,True,2024-11-27,1.038,1.2396,1.0121,1.2099,0.1656069364161849,True,92021.4,66197.9955,True,164.0,,,,,,,,,,0.0
candidate_event,2024-12-02,SUSHI,1.3208,1.4548,1.2171,1.4273,69141347.0,1.3207,1431.0,98685444.5731,31140887.626600005,-0.0784432497917769,2.02895752895753,0.786747,True,2024-12-03,1.4274,1.4756,1.3005,1.459,0.0221381532856943,True,95890.5,67201.125,True,182.0,,,,,,,,,,0.0
candidate_event,2024-12-03,SUSHI,1.4274,1.4756,1.3005,1.459,53478585.0,1.4273,1432.0,78025255.515,32582043.7804,-0.0888390667694247,1.2500000000000004,0.7884365,True,2024-12-04,1.4592,1.5869,1.4086,1.5084,0.0337171052631577,True,95913.3,67345.7915,True,183.0,,,,,,,,,,0.0
candidate_event,2025-07-22,SUSHI,1.0201,1.0324,0.9368,0.9997,87805723.0,1.0199,1663.0,87779381.28310001,21765131.8368,-0.0814785763310128,0.7569193742478943,0.8055269999999999,True,2025-07-23,0.9997,1.0206,0.882,0.9122,-0.0875262578773632,True,119993.7,98013.1785,True,131.0,,,,,,,,,,0.0
candidate_event,2023-11-14,T,0.02537,0.02571,0.02348,0.02443,518471337.0,0.02536,286.0,12666254.76291,16376183.78625,-0.0741324921135646,0.50531914893617,0.0224398499999999,True,2023-11-15,0.02444,0.02539,0.02375,0.02538,0.0384615384615385,True,35559.0,28747.954500000003,True,115.0,,,,,,,,,,0.0
candidate_event,2024-01-19,T,0.03148,0.03207,0.02877,0.03029,1135355153.0,0.03148,352.0,34389907.58437,35314590.12565,-0.0860864040660737,0.5608856088560886,0.0230989,True,2024-01-20,0.03029,0.03043,0.0289,0.02979,-0.0165070980521624,True,41662.2,33316.779500000004,True,125.0,,,,,,,,,,0.0
candidate_event,2024-01-23,T,0.02746,0.02775,0.02494,0.02673,1112390258.0,0.02746,356.0,29734191.59634,36734842.372485,-0.0917698470502548,0.7103174603174609,0.0232038,True,2024-01-24,0.02673,0.02739,0.02594,0.02725,0.0194537972315749,True,39890.0,33523.1895,True,124.0,,,,,,,,,,0.0
candidate_event,2024-03-11,T,0.03695,0.0397,0.03428,0.03876,634487469.0,0.03695,404.0,24592734.29844,15682675.01895,-0.0722598105548038,1.677902621722849,0.0247512,True,2024-03-12,0.03877,0.04237,0.0367,0.03994,0.0301779726592728,True,72153.8,39101.605500000005,True,147.0,,,,,,,,,,0.0
candidate_event,2024-04-10,T,0.05012,0.0506,0.04527,0.04856,1124409732.0,0.05012,434.0,54601336.58592,33476299.46954,-0.0967677573822825,0.6783505154639178,0.02857525,True,2024-04-11,0.04856,0.04908,0.04531,0.04595,-0.0537479406919275,True,70681.7,45441.989,True,154.0,,,,,,,,,,0.0
candidate_event,2024-04-19,T,0.03355,0.03449,0.03051,0.03369,611482851.0,0.03355,443.0,20600857.25019,39012376.24043,-0.0906110283159464,1.0460526315789451,0.0293471,True,2024-04-20,0.03369,0.03693,0.0336,0.03658,0.0857821311962008,True,63787.4,47146.931,True,153.0,,,,,,,,,,0.0
candidate_event,2024-12-20,T,0.02709,0.02881,0.02463,0.02867,819797025.0,0.02709,688.0,23503580.70675,21337998.731335,-0.0908084163898117,1.642276422764228,0.024772,True,2024-12-21,0.02867,0.03015,0.02663,0.02703,-0.0572026508545518,True,97764.4,70055.22200000001,True,199.0,,,,,,,,,,0.0
candidate_event,2024-11-03,TAO,439.45,442.98,407.43,434.27,303461.672,439.43,206.0,131784300.29944,164916382.15308,-0.0728216098127119,0.8387499999999992,379.4825,True,2024-11-04,434.27,441.58,403.35,419.45,-0.0341262348308656,True,68762.5,63441.30850000001,True,109.0,2.0,2024-11-03,2024-11-04,-0.0341262348308656,-0.0351262348308656,-0.0711999447348422,0.0168328459253459,liquidity,development,1.0
candidate_event,2024-11-04,TAO,434.27,441.58,403.35,419.45,220017.104,434.27,207.0,92286174.2728,155076191.38165998,-0.0711999447348422,0.5206985769728327,379.24875,True,2024-11-05,419.51,465.4,415.93,458.05,0.0918690853614931,True,67834.3,63463.255,True,111.0,1.0,2024-11-04,2024-11-05,0.0918690853614931,0.0908690853614931,-0.008533765583657,0.109389525875426,liquidity,development,1.0
candidate_event,2024-11-26,TAO,546.13,574.32,503.78,559.2,606095.205,546.12,229.0,338928438.636,144632590.11278,-0.0775287482604556,1.3089277279168643,388.9657,True,2024-11-27,559.25,594.25,542.54,561.14,0.0033795261510951,True,92021.4,66197.9955,True,164.0,,,,,,,,,,0.0
candidate_event,2025-05-19,TAO,425.22,428.0,387.73,410.52,360692.376,425.22,403.0,148071434.19551998,170073027.74735,-0.0881661257701895,0.6078954387836746,408.44175,True,2025-05-20,410.54,424.27,405.91,415.47,0.0120085740731719,True,105531.6,92790.185,True,133.0,,,,,,,,,,0.0
candidate_event,2025-07-22,TAO,446.79,461.82,414.07,452.2,657238.435,446.79,467.0,297203220.30700004,128721321.54336,-0.0732335101501824,1.1653422982885075,358.94125,True,2025-07-23,452.21,453.03,409.0,424.47,-0.0613431812653412,True,119993.7,98013.1785,True,131.0,,,,,,,,,,0.0
candidate_event,2025-07-30,TAO,383.74,384.83,355.0,372.63,432544.69,383.74,475.0,161179127.8347,134284875.60087,-0.0748944597904831,0.6134307585247039,355.55010000000004,True,2025-07-31,372.62,382.44,351.6,353.02,-0.0526005045354517,True,117771.0,98879.3845,True,150.0,,,,,,,,,,0.0
candidate_event,2025-11-02,TAO,497.28,516.35,461.84,488.31,952697.456,497.29,570.0,465211694.73936,334562992.577775,-0.0712863721369825,0.7466854724964738,370.4573,True,2025-11-03,488.31,503.63,439.53,466.31,-0.0450533472589134,True,110494.9,109678.621,True,129.0,1.0,2025-11-02,2025-11-03,-0.0450533472589134,-0.0460533472589134,-0.0998955581495362,0.0313735127275704,liquidity,development,1.0
candidate_event,2021-11-03,THETA,7.626,7.659,7.058,7.42,21743345.8,7.626,306.0,161335625.836,164695404.74935,-0.0744820351429321,0.6373239436619714,7.2681915,True,2021-11-04,7.421,7.806,7.3,7.721,0.040425818622827,True,62946.45,45285.49515,True,70.0,1.0,2021-11-03,2021-11-04,0.040425818622827,0.039425818622827,-0.0163050801778736,0.0518798005659615,liquidity,development,1.0
candidate_event,2023-02-22,THETA,1.2447,1.2525,1.1336,1.1893,48595627.3,1.2445,782.0,57794779.54789,52412160.18288,-0.0891120932101245,0.5022542831379628,1.0378569999999998,True,2023-02-23,1.1894,1.227,1.167,1.1948,0.0045401042542458,True,24171.3,19743.7235,True,99.0,,,,,,,,,,0.0
candidate_event,2023-04-26,THETA,1.0287,1.0648,0.9449,0.9971,44747550.2,1.0287,845.0,44617782.30442,26608561.219655,-0.0814620394672888,0.6229116945107402,0.992366,True,2023-04-27,0.997,1.0332,0.9906,1.0091,0.0121364092276832,True,28395.9,21540.7145,True,98.0,,,,,,,,,,0.0
candidate_event,2023-11-09,THETA,0.8839,0.94,0.8211,0.9307,86146954.3,0.884,1042.0,80176970.36701,17463077.205310002,-0.0711538461538461,1.7424483306836247,0.7356965,True,2023-11-10,0.9308,1.04,0.9191,1.031,0.1076493339063171,True,36719.5,28544.534,True,102.0,,,,,,,,,,0.0
candidate_event,2023-11-18,THETA,0.9336,0.9341,0.8646,0.9306,22348240.8,0.9337,1051.0,20797272.88848,27499956.60531,-0.0740066402484737,0.955137481910275,0.7339025000000001,True,2023-11-19,0.9305,0.9823,0.9068,0.9704,0.0428801719505642,True,36580.9,28908.5435,True,119.0,,,,,,,,,,0.0
candidate_event,2024-01-05,THETA,1.2114,1.2299,1.0909,1.1529,31910498.8,1.2108,1099.0,36789614.066520005,42994676.86331,-0.0990254377271226,0.5170975813177647,0.8028375,True,2024-01-06,1.1528,1.157,1.0642,1.1084,-0.0385149201943094,True,44145.4,32373.3135,True,128.0,,,,,,,,,,0.0
candidate_event,2024-01-23,THETA,0.9484,0.9639,0.8808,0.9374,25851486.5,0.9484,1117.0,24233183.4451,33845426.941105,-0.0712779417967102,0.8372781065088756,0.8303664999999999,True,2024-01-24,0.9376,0.9699,0.9297,0.9672,0.031569965870307,True,39890.0,33523.1895,True,124.0,,,,,,,,,,0.0
candidate_event,2024-02-28,THETA,1.8606,2.1752,1.7244,1.9467,254822132.6,1.8606,1153.0,496062245.53242,21464191.04032,-0.073202192841019,1.63215859030837,0.896789,True,2024-02-29,1.9468,1.9744,1.7799,1.8445,-0.0525477707006369,True,62487.9,36775.033,True,124.0,,,,,,,,,,0.0
candidate_event,2024-03-04,THETA,2.3916,2.5386,2.2184,2.3568,88075468.8,2.3914,1158.0,207576264.86784,32205564.282805,-0.0723425608430208,0.7999999999999989,0.9333305,True,2024-03-05,2.3568,3.371,2.21,2.773,0.1765953835709437,True,68296.4,37644.648,True,133.0,,,,,,,,,,0.0
candidate_event,2024-03-10,THETA,3.1758,3.3892,2.8842,3.231,54734638.0,3.1766,1164.0,176847615.378,78843521.55231,-0.0920481017440031,1.1860465116279062,1.0049065,True,2024-03-11,3.2311,3.8267,3.06,3.4691,0.0736591253752592,True,69001.8,38871.6595,True,145.0,1.0,2024-03-10,2024-03-11,0.0736591253752592,0.0726591253752592,-0.052954102318096,0.1843335087122033,liquidity,development,1.0
candidate_event,2024-03-14,THETA,3.3741,3.59,3.0995,3.3602,47033980.0,3.374,1168.0,158043579.596,155837791.18617,-0.0813574392412567,0.9497267759562832,1.0604975,True,2024-03-15,3.3604,3.3673,2.81,3.1144,-0.073205570765385,True,71455.5,39791.3185,True,151.0,,,,,,,,,,0.0
candidate_event,2024-04-10,THETA,2.8668,3.0957,2.631,3.0425,39442977.0,2.8666,1195.0,120005257.5225,95340629.92032,-0.0821879578594851,1.746604414261459,1.3637264999999998,True,2024-04-11,3.0425,3.1043,2.8685,2.9032,-0.045784716516023,True,70681.7,45441.989,True,154.0,,,,,,,,,,0.0
candidate_event,2024-04-17,THETA,2.0333,2.063,1.891,1.9898,28206857.8,2.0336,1202.0,56126005.65044,88002902.26104,-0.0701219512195121,0.6928471248246852,1.419,True,2024-04-18,1.9899,2.0998,1.9336,2.076,0.0432685059550732,True,61254.5,46788.06399999999,True,155.0,,,,,,,,,,0.0
candidate_event,2024-04-19,THETA,2.0775,2.1173,1.8798,2.0576,30522992.6,2.076,1204.0,62804109.57376,85145762.83785,-0.0945086705202312,0.906218144750254,1.4331785,True,2024-04-20,2.058,2.331,2.0208,2.3173,0.1259961127308067,True,63787.4,47146.931,True,153.0,,,,,,,,,,0.0
candidate_event,2024-05-01,THETA,2.0129,2.0575,1.8705,2.0346,34811931.3,2.013,1216.0,70828355.42298,77615839.8601,-0.070789865871833,1.1515789473684233,1.5333635,True,2024-05-02,2.0348,2.0894,1.963,2.0411,0.0030961273835266,True,58307.6,49327.81800000001,True,153.0,,,,,,,,,,0.0
candidate_event,2024-11-24,THETA,1.8868,2.0483,1.7269,1.9631,59410004.8,1.8866,1423.0,116627780.42288,28331594.55548,-0.0846496342626947,1.4790231684408268,1.490059,True,2024-11-25,1.9632,1.9658,1.826,1.8666,-0.0492053789731051,True,97960.4,65891.7095,True,149.0,,,,,,,,,,0.0
candidate_event,2023-12-18,TLM,0.0156,0.01579,0.01404,0.01523,539022654.0,0.0156,263.0,8209315.02042,10257850.65467,-0.0999999999999999,0.7628205128205134,0.0116693499999999,True,2023-12-19,0.01523,0.01556,0.01459,0.01476,-0.03086014445174,True,42671.7,30843.7285,True,122.0,,,,,,,,,,0.0
candidate_event,2024-01-05,TLM,0.01689,0.01706,0.01566,0.01653,535531459.0,0.01689,281.0,8852335.01727,10600106.809075,-0.0728241563055061,0.707317073170732,0.0122264,True,2024-01-06,0.01653,0.01654,0.01498,0.01594,-0.0356926799758016,True,44145.4,32373.3135,True,128.0,,,,,,,,,,0.0
candidate_event,2024-01-06,TLM,0.01653,0.01654,0.01498,0.01594,432772525.0,0.01653,282.0,6898394.0485,10327662.958765,-0.0937689050211736,0.6193548387096771,0.0122516,True,2024-01-07,0.01595,0.01656,0.01446,0.01501,-0.0589341692789967,True,43956.7,32451.644,True,127.0,,,,,,,,,,0.0
candidate_event,2024-01-08,TLM,0.01501,0.01622,0.0137,0.01602,773416004.0,0.01501,284.0,12390124.38408,10257850.65467,-0.0872751499000666,1.7709923664122125,0.0122911,True,2024-01-09,0.01603,0.01617,0.01426,0.01505,-0.0611353711790393,True,46972.7,32606.7745,True,126.0,,,,,,,,,,0.0
candidate_event,2024-01-19,TLM,0.0148,0.01487,0.01339,0.01435,576190859.0,0.0148,295.0,8268338.82665,10101241.413065,-0.0952702702702702,0.6808510638297867,0.0125228,True,2024-01-20,0.01434,0.01507,0.01413,0.01503,0.0481171548117154,True,41662.2,33316.779500000004,True,125.0,,,,,,,,,,0.0
candidate_event,2024-03-12,TLM,0.029747,0.033053,0.027538,0.032011,1010389525.0,0.02975,348.0,32343579.084775,16699691.391112,-0.0743529411764705,2.0221518987341773,0.0143029649999999,True,2024-03-13,0.032014,0.032312,0.030029,0.030856,-0.0361716748922346,True,71503.2,39328.863000000005,True,149.0,,,,,,,,,,0.0
candidate_event,2024-04-10,TLM,0.0243,0.024663,0.022352,0.023832,386951083.0,0.024302,377.0,9221818.210056,12034975.7952035,-0.0802403094395523,0.7589743589743582,0.016505545,True,2024-04-11,0.023827,0.024134,0.022825,0.023035,-0.0332396021320351,True,70681.7,45441.989,True,154.0,,,,,,,,,,0.0
candidate_event,2024-12-02,TLM,0.015191,0.015685,0.013818,0.015586,1211847650.0,0.015188,613.0,18887857.4729,11955979.0820255,-0.0902027916776402,1.2905109489051088,0.012157995,True,2024-12-03,0.015586,0.017735,0.01503,0.017478,0.121390991915822,True,95890.5,67201.125,True,182.0,,,,,,,,,,0.0
candidate_event,2024-12-16,TLM,0.017341,0.017854,0.016067,0.01705,785870692.0,0.017341,627.0,13399095.2986,17520600.411277,-0.0734675047575109,0.7715855572998429,0.012166875,True,2024-12-17,0.017053,0.018125,0.0163,0.016485,-0.033307922359702,True,106023.2,69408.12150000001,True,197.0,,,,,,,,,,0.0
candidate_event,2025-01-08,TLM,0.013125,0.013267,0.011912,0.012614,660087567.0,0.01313,650.0,8326344.570138,11093622.40606,-0.0927646610814926,0.576354679802956,0.011915805,True,2025-01-09,0.01261,0.012758,0.011867,0.012235,-0.0297383029341792,True,95014.1,72801.88,True,176.0,,,,,,,,,,0.0
candidate_event,2024-11-18,TNSR,0.5952,0.6083,0.551,0.5861,70009786.3,0.5951,224.0,41032735.75043,54888680.504815005,-0.0741051924046377,0.7959183673469382,0.550993,True,2024-11-19,0.5862,0.5881,0.5532,0.5851,-0.0018764926646197,True,90507.4,64880.2325,True,128.0,1.0,2024-11-18,2024-11-19,-0.0018764926646197,-0.0028764926646197,-0.0562947799385875,0.0032412146025244,liquidity,development,1.0
candidate_event,2024-12-03,TNSR,0.6979,0.7689,0.6304,0.727,73197226.1,0.698,239.0,53214383.3747,41393554.40151499,-0.0968481375358166,1.4289940828402372,0.5332235,True,2024-12-04,0.7271,0.7431,0.6587,0.698,-0.0400220052262412,True,95913.3,67345.7915,True,183.0,,,,,,,,,,0.0
candidate_event,2024-12-04,TNSR,0.7271,0.7431,0.6587,0.698,63004009.5,0.727,240.0,43976798.631,41393554.40151499,-0.0939477303988995,0.5754026354319178,0.532165,True,2024-12-05,0.698,0.7435,0.6557,0.7359,0.0542979942693411,True,98669.8,67504.716,True,187.0,,,,,,,,,,0.0
candidate_event,2021-11-12,TRB,69.36,72.47,63.8,68.36,652497.9,69.38,315.0,44604756.444,39931343.222,-0.080426635918132,0.8172043010752694,55.177505,True,2021-11-13,68.37,80.07,67.55,73.12,0.0694749158987859,True,64156.08,45774.6307,True,71.0,,,,,,,,,,0.0
candidate_event,2021-11-28,TRB,55.24,55.7,49.97,54.79,480251.8,55.23,331.0,26312996.122,35071794.95,-0.0952380952380952,0.916349809885932,51.36605,True,2021-11-29,54.76,56.52,53.32,54.27,-0.0089481373265155,True,57315.73,46007.4503,True,73.0,,,,,,,,,,0.0
candidate_event,2023-02-22,TRB,19.61,21.87,18.22,19.26,5596117.6,19.61,782.0,107781224.976,26578540.8885,-0.0708822029576746,0.7482014388489225,17.6677,True,2023-02-23,19.26,20.48,18.54,19.65,0.0202492211838005,True,24171.3,19743.7235,True,99.0,,,,,,,,,,0.0
candidate_event,2023-11-12,TRB,88.228,91.575,81.933,86.452,5928655.6,88.228,1045.0,512544133.9312,701783555.1903,-0.0713492315364735,0.7178713264495632,29.24882,True,2023-11-13,86.451,88.897,77.469,82.061,-0.0507802107552253,True,37085.5,28681.5235,True,109.0,1.0,2023-11-12,2023-11-13,-0.0507802107552253,-0.0517802107552253,-0.1038970052399624,0.0282934841702238,liquidity,development,1.0
candidate_event,2023-11-21,TRB,87.268,90.97,80.961,84.24,2609715.1,87.268,1054.0,219842400.024,609275079.9784,-0.0722716230462483,0.5198985254479143,32.588225,True,2023-11-22,84.239,94.0,83.904,92.881,0.1025890620733864,True,35737.0,29024.741,True,121.0,1.0,2023-11-21,2023-11-22,0.1025890620733864,0.1015890620733864,-0.0039767803511439,0.1158726955448188,liquidity,development,1.0
candidate_event,2023-12-11,TRB,92.729,109.79,86.2,104.203,6249421.6,92.736,1074.0,651208478.9848,146983895.9691,-0.070479641131815,2.754436964504283,39.79264,True,2023-12-12,104.201,114.173,103.477,110.1,0.0566117407702422,True,41271.0,30319.977000000003,True,120.0,1.0,2023-12-11,2023-12-12,0.0566117407702422,0.0556117407702422,-0.0069481099029758,0.0956996573929234,liquidity,development,1.0
candidate_event,2024-01-08,TRB,124.277,126.745,114.166,125.463,2715566.2,124.287,1102.0,340703082.1506,569412230.0273501,-0.0814324909282548,1.1161940519711475,60.29052000000001,True,2024-01-09,125.465,136.841,115.0,120.692,-0.0380424819670824,True,46972.7,32606.7745,True,126.0,2.0,2024-01-08,2024-01-09,-0.0380424819670824,-0.0390424819670824,-0.0834097158570119,0.0906707049774837,liquidity,development,1.0
candidate_event,2024-01-09,TRB,125.465,136.841,115.0,120.692,4203366.9,125.463,1103.0,507312757.8948,569412230.0273501,-0.0833951045328104,0.5440122335850135,60.84378,True,2024-01-10,120.7,126.449,114.442,123.841,0.026023198011599,True,46114.0,32683.9775,True,125.0,1.0,2024-01-09,2024-01-10,0.026023198011599,0.025023198011599,-0.0518475559237779,0.0476304888152443,liquidity,development,1.0
candidate_event,2024-01-12,TRB,124.49,133.55,115.007,119.99,2418010.9,124.509,1106.0,290137127.891,529868945.0549001,-0.0763157683380317,0.5244159124394856,62.52703,True,2024-01-13,119.993,123.272,116.306,121.345,0.0112673239272291,True,42788.9,32906.71400000001,True,126.0,2.0,2024-01-12,2024-01-13,0.0112673239272291,0.0102673239272291,-0.0307267923962231,0.0273265940513196,liquidity,development,1.0
candidate_event,2024-02-20,TRB,127.518,148.087,115.21,123.324,2689649.9,127.518,1145.0,331698384.2676,128746144.9681,-0.0965197070217538,0.6592460188495287,83.654375,True,2024-02-21,123.321,124.533,114.166,118.486,-0.0392066233650391,True,52297.4,35792.735,True,106.0,,,,,,,,,,0.0
candidate_event,2024-03-11,TRB,105.417,110.0,96.0,104.975,1211092.9,105.417,1165.0,127134477.17749998,102870513.52214998,-0.0893309428270582,0.9530636083678448,93.7398,True,2024-03-12,104.98,117.272,97.0,104.249,-0.0069632310916365,True,72153.8,39101.605500000005,True,147.0,,,,,,,,,,0.0
candidate_event,2024-03-12,TRB,104.98,117.272,97.0,104.249,2040491.1,104.975,1166.0,212719156.6839,112750788.0739,-0.0759704691593236,0.9089655172413792,94.211395,True,2024-03-13,104.249,106.951,102.069,106.482,0.0214198697349614,True,71503.2,39328.863000000005,True,149.0,,,,,,,,,,0.0
candidate_event,2024-03-14,TRB,106.491,108.476,98.8,106.845,1340209.0,106.482,1168.0,143194630.605,112750788.0739,-0.0721436486917976,1.0472533194480604,95.14918000000002,True,2024-03-15,106.857,109.045,90.696,97.449,-0.0880428984530727,True,71455.5,39791.3185,True,151.0,,,,,,,,,,0.0
candidate_event,2024-05-10,TRB,128.302,137.561,116.275,123.635,10711124.8,128.306,1225.0,1324269914.6480002,83817491.5136,-0.0937680233192524,0.6117529714903164,106.298385,True,2024-05-11,123.634,129.644,120.435,125.384,0.0141546823689275,True,60778.1,50810.57600000001,True,145.0,1.0,2024-05-10,2024-05-11,0.0141546823689275,0.0131546823689275,-0.0258747593703997,0.0486112234498601,liquidity,development,1.0
candidate_event,2024-11-11,TRB,84.841,89.599,77.242,82.849,7950655.0,84.846,1410.0,658703816.095,32222700.395650007,-0.0896211960493128,0.7373750657548659,77.05900000000001,True,2024-11-12,82.85,84.23,72.303,76.21,-0.08014484007242,True,88728.9,63901.2465,True,116.0,1.0,2024-11-11,2024-11-12,-0.08014484007242,-0.08114484007242,-0.1273023536511768,0.0166566083283041,liquidity,development,1.0
candidate_event,2024-12-05,TRB,90.68,93.256,83.343,89.121,2215008.5,90.698,1434.0,197403772.5285,123674543.4405,-0.0810932986394407,0.7855880353501019,74.49975500000001,True,2024-12-06,89.109,97.406,87.779,94.628,0.061935382509062,True,97001.5,67658.52649999999,True,190.0,,,,,,,,,,0.0
candidate_event,2025-05-28,TRB,50.734,53.228,45.87,48.621,14689469.3,50.724,1608.0,714216686.8353001,16209103.696,-0.0956943458717766,0.5667490729295437,45.699065,True,2025-05-29,48.622,65.843,47.802,60.316,0.2405084118300358,True,107723.1,94433.131,True,136.0,1.0,2025-05-28,2025-05-29,0.2405084118300358,0.2395084118300358,-0.0168647937147793,0.354181234831969,liquidity,development,1.0
candidate_event,2025-07-22,TRB,46.654,46.695,42.83,45.268,1555815.2,46.651,1663.0,70428642.4736,46531930.1661,-0.0819060684658422,0.6380528657419522,37.37302,True,2025-07-23,45.268,45.792,39.702,41.924,-0.073871167270478,True,119993.7,98013.1785,True,131.0,,,,,,,,,,0.0
candidate_event,2025-07-24,TRB,41.927,42.516,38.464,40.773,1569864.8,41.924,1665.0,64008097.49040001,46531930.1661,-0.0825302929109818,0.6673410404624289,37.11827,True,2025-07-25,40.774,41.844,38.928,41.757,0.0241085005150341,True,118294.3,98215.6505,True,135.0,,,,,,,,,,0.0
candidate_event,2023-12-11,TRX,0.1079,0.10805,0.09886,0.10379,966278982.0,0.10791,1074.0,100290095.54178,57773659.655515,-0.0838661847836159,0.5447513812154684,0.08486865,True,2023-12-12,0.10379,0.10514,0.10269,0.10356,-0.0022160131033818,True,41271.0,30319.977000000003,True,120.0,2.0,2023-12-11,2023-12-12,-0.0022160131033818,-0.0032160131033818,-0.010598323537913,0.0130070334328933,liquidity,development,1.0
candidate_event,2024-12-10,TRX,0.26267,0.27985,0.24367,0.26934,2320112845.0,0.26273,1439.0,624899193.6723001,185021042.37611,-0.0725459597305219,1.3467995802728223,0.1543739,True,2024-12-11,0.26934,0.28744,0.26107,0.28205,0.0471894260043068,True,96602.4,68395.6005,True,194.0,,,,,,,,,,0.0
candidate_event,2025-07-16,TURBO,0.0061991,0.0063378,0.0057017,0.005952,26777691291.0,0.0061988,412.0,159380818.564032,35698324.3346896,-0.0801929405691425,0.5035204184268759,0.004349006,True,2025-07-17,0.005952,0.0060299,0.0054333,0.0056534,-0.050168010752688,True,118590.7,97314.5535,True,116.0,1.0,2025-07-16,2025-07-17,-0.050168010752688,-0.051168010752688,-0.0871471774193547,0.0130880376344086,liquidity,development,1.0
candidate_event,2025-07-18,TURBO,0.0056536,0.0058999,0.0051778,0.0054265,17230393676.0,0.0056534,414.0,93500731.282814,35698324.3346896,-0.0841263664343582,0.5229184188393605,0.0043113295,True,2025-07-19,0.0054265,0.0056007,0.0052593,0.0054913,0.0119413986916061,True,117896.4,97567.622,True,121.0,,,,,,,,,,0.0
candidate_event,2025-07-22,TURBO,0.0056882,0.0057043,0.0051694,0.0056683,14906985378.0,0.0056882,418.0,84497265.2181174,38370589.5628852,-0.0912063570197952,0.961642251349268,0.004232516,True,2025-07-23,0.0056685,0.0056734,0.00484,0.0051383,-0.0935344447384669,True,119993.7,98013.1785,True,131.0,,,,,,,,,,0.0
candidate_event,2025-07-24,TURBO,0.0051371,0.0053468,0.0046931,0.0049665,12131637993.0,0.0051383,420.0,60251780.09223451,40543105.42125805,-0.0866434423836677,0.6141060197663976,0.0041819105,True,2025-07-25,0.004967,0.0053412,0.0048003,0.0052268,0.0523052144151399,True,118294.3,98215.6505,True,135.0,,,,,,,,,,0.0
candidate_event,2025-10-15,TWT,1.4111,1.4379,1.2915,1.3694,20761176.0,1.4113,712.0,28430354.4144,33809402.981199995,-0.0848862750655423,0.6502504173622697,0.857249,True,2025-10-16,1.3693,1.4272,1.2859,1.3275,-0.0305265464105748,True,110699.0,107202.08,True,147.0,1.0,2025-10-15,2025-10-16,-0.0305265464105748,-0.0315265464105748,-0.0609070327904768,0.0422843788797195,liquidity,development,1.0
candidate_event,2023-12-18,UMA,2.154,2.19,1.963,2.133,7515710.0,2.154,222.0,16031009.43,10651327.864999998,-0.0886722376973072,0.8900523560209428,1.59154,True,2023-12-19,2.132,2.323,2.127,2.199,0.0314258911819886,True,42671.7,30843.7285,True,122.0,,,,,,,,,,0.0
candidate_event,2024-01-06,UMA,2.109,2.112,1.935,2.041,3538354.0,2.109,241.0,7221780.513999999,11077971.704,-0.0825035561877667,0.60919540229885,1.64572,True,2024-01-07,2.04,2.083,1.832,1.858,-0.0892156862745098,True,43956.7,32451.644,True,127.0,,,,,,,,,,0.0
candidate_event,2024-01-08,UMA,1.86,1.93,1.719,1.924,3624108.0,1.858,243.0,6972783.791999999,10386648.6505,-0.0748116254036598,1.474820143884891,1.648595,True,2024-01-09,1.924,1.938,1.779,1.866,-0.03014553014553,True,46972.7,32606.7745,True,126.0,,,,,,,,,,0.0
candidate_event,2024-06-07,UMA,3.316,3.892,3.01,3.332,49895324.0,3.317,394.0,166251219.568,50057793.6495,-0.0925535122098282,1.048859934853419,3.3265,True,2024-06-08,3.332,3.358,3.003,3.045,-0.0861344537815126,True,69377.0,55278.2595,True,128.0,2.0,2024-06-07,2024-06-08,-0.0861344537815126,-0.0871344537815126,-0.0987394957983192,0.0078031212484994,liquidity,development,1.0
candidate_event,2024-11-26,UMA,2.878,3.051,2.667,2.96,7433142.0,2.879,566.0,22002100.32,14565513.02,-0.0736366794025703,1.3820754716981127,2.57361,True,2024-11-27,2.959,3.16,2.863,3.156,0.0665765461304495,True,92021.4,66197.9955,True,164.0,,,,,,,,,,0.0
candidate_event,2023-11-14,UNI,5.227,5.312,4.786,5.062,19849319.0,5.226,1047.0,100477252.778,81653064.252,-0.0841944125526216,0.6272727272727283,4.94489,True,2023-11-15,5.062,5.392,5.056,5.389,0.0645989727380482,True,35559.0,28747.954500000003,True,115.0,,,,,,,,,,0.0
candidate_event,2023-12-18,UNI,6.07,6.123,5.595,5.946,19545374.0,6.071,1081.0,116216793.804,104215360.076,-0.0784055345083182,0.7373949579831932,5.08265,True,2023-12-19,5.946,6.044,5.752,5.84,-0.0178271106626303,True,42671.7,30843.7285,True,122.0,,,,,,,,,,0.0
candidate_event,2024-01-09,UNI,6.236,6.278,5.7,6.009,16150111.0,6.237,1103.0,97046016.999,88011774.516,-0.0860990860990861,0.5754189944134082,5.3175300000000005,True,2024-01-10,6.009,6.752,5.93,6.567,0.0928607089365951,True,46114.0,32683.9775,True,125.0,,,,,,,,,,0.0
candidate_event,2024-01-12,UNI,6.82,6.976,6.292,6.582,16019118.0,6.82,1106.0,105437834.676,91721302.983,-0.0774193548387097,0.5492424242424239,5.34028,True,2024-01-13,6.581,6.702,6.391,6.636,0.008357392493542,True,42788.9,32906.71400000001,True,126.0,,,,,,,,,,0.0
candidate_event,2024-01-23,UNI,6.045,6.13,5.532,5.84,12018216.0,6.044,1117.0,70186381.44,81228398.5755,-0.0847121111846458,0.6015625000000002,5.400504999999999,True,2024-01-24,5.84,5.913,5.722,5.866,0.0044520547945205,True,39890.0,33523.1895,True,124.0,,,,,,,,,,0.0
candidate_event,2024-03-14,UNI,14.243,14.497,13.184,13.967,18185304.0,14.243,1168.0,253994140.968,295036932.86599994,-0.0743523134171172,0.739376770538244,6.28945,True,2024-03-15,13.966,14.159,12.135,13.076,-0.0637261921810109,True,71455.5,39791.3185,True,151.0,,,,,,,,,,0.0
candidate_event,2024-04-19,UNI,7.295,7.69,6.708,7.488,19532449.0,7.295,1204.0,146258978.11200002,119275918.1125,-0.0804660726525017,1.3287904599659297,7.441790000000001,True,2024-04-20,7.488,7.917,7.39,7.869,0.0508814102564101,True,63787.4,47146.931,True,153.0,,,,,,,,,,0.0
candidate_event,2024-11-13,UNI,8.948,9.162,8.247,8.636,37099646.0,8.947,1412.0,320392542.85599995,100718689.678,-0.0782385157035877,0.5557142857142854,7.845924999999999,True,2024-11-14,8.637,8.84,8.061,8.183,-0.0525645478754197,True,90413.3,64157.32399999999,True,121.0,,,,,,,,,,0.0
candidate_event,2024-12-05,UNI,15.682,15.963,14.357,15.036,27204866.0,15.683,1434.0,409052365.176,265420105.535,-0.0845501498437799,0.5120663650075414,8.285504999999999,True,2024-12-06,15.035,18.449,15.021,17.579,0.1692051878949119,True,97001.5,67658.52649999999,True,190.0,,,,,,,,,,0.0
candidate_event,2025-01-08,UNI,13.521,13.824,12.486,13.108,16691470.0,13.52,1468.0,218791788.76,250816476.055,-0.0764792899408283,0.6015473887814319,9.09447,True,2025-01-09,13.107,13.354,12.353,12.856,-0.0191500724803539,True,95014.1,72801.88,True,176.0,,,,,,,,,,0.0
candidate_event,2025-07-30,UNI,10.302,10.504,9.506,10.006,36952465.0,10.301,1671.0,369746364.79,368275252.788,-0.0771769731094068,0.628930817610063,7.771445,True,2025-07-31,10.006,10.236,9.296,9.34,-0.066560063961623,True,117771.0,98879.3845,True,150.0,2.0,2025-07-30,2025-07-31,-0.066560063961623,-0.067560063961623,-0.0709574255446733,0.0229862082750349,liquidity,development,1.0
candidate_event,2024-11-24,USTC,0.02502,0.026,0.02302,0.025136,950297425.0,0.025008,363.0,23886676.0748,20379458.641620003,-0.0794945617402431,1.0643863179074444,0.0197009249999999,True,2024-11-25,0.025146,0.026325,0.023608,0.023989,-0.0460112940427901,True,97960.4,65891.7095,True,149.0,,,,,,,,,,0.0
candidate_event,2024-12-02,USTC,0.026135,0.027102,0.024052,0.026566,956082571.0,0.026135,371.0,25399289.581186,20105305.419165,-0.0797015496460684,1.206913106096976,0.01982209,True,2024-12-03,0.02657,0.029015,0.026375,0.028693,0.0799021452766277,True,95890.5,67201.125,True,182.0,,,,,,,,,,0.0
candidate_event,2024-11-24,VANRY,0.11981,0.13219,0.1109,0.13114,285716127.0,0.11979,256.0,37468812.89478,16290674.299849998,-0.0742132064446113,2.2767154105736807,0.11857885,True,2024-11-25,0.13111,0.13205,0.11942,0.12735,-0.0286782091373656,True,97960.4,65891.7095,True,149.0,,,,,,,,,,0.0
candidate_event,2024-11-25,VANRY,0.13111,0.13205,0.11942,0.12735,245016394.0,0.13114,257.0,31202837.7759,16592536.413199998,-0.08937013878298,0.6766211604095552,0.1183126999999999,True,2024-11-26,0.12735,0.14823,0.11526,0.13335,0.0471142520612486,True,93064.0,66041.77900000001,True,156.0,,,,,,,,,,0.0
candidate_event,2024-11-26,VANRY,0.12735,0.14823,0.11526,0.13335,795791670.0,0.12735,258.0,106118819.1945,17517859.8072,-0.0949352179034157,1.4962779156327553,0.11813625,True,2024-11-27,0.13335,0.14341,0.1276,0.14062,0.0545181852268465,True,92021.4,66197.9955,True,164.0,,,,,,,,,,0.0
candidate_event,2024-12-05,VANRY,0.17271,0.18515,0.16019,0.16667,200473814.0,0.1727,267.0,33412970.57938,30205431.493065,-0.072437753329473,0.5179856115107927,0.11700765,True,2024-12-06,0.16673,0.1775,0.165,0.17015,0.0205122053619624,True,97001.5,67658.52649999999,True,190.0,,,,,,,,,,0.0
candidate_event,2021-11-12,VET,0.16519,0.16581,0.15134,0.15881,1376650992.0,0.16531,315.0,218625944.03952,199576383.02305,-0.0845078942592705,0.5347172512526842,0.119088715,True,2021-11-13,0.15882,0.16352,0.15501,0.16047,0.0103891197582168,True,64156.08,45774.6307,True,71.0,,,,,,,,,,0.0
candidate_event,2021-11-28,VET,0.11417,0.11655,0.10394,0.11634,1534459032.0,0.11417,331.0,178518963.78288,180536698.16921,-0.0896032232635543,1.2121212121212128,0.11336715,True,2021-11-29,0.11636,0.12225,0.11411,0.12142,0.0434857339291852,True,57315.73,46007.4503,True,73.0,,,,,,,,,,0.0
candidate_event,2023-02-05,VET,0.02493,0.02504,0.0231,0.02421,935880302.0,0.02493,765.0,22657662.11142,25491949.43917,-0.0734055354993984,0.6065573770491797,0.0224912,True,2023-02-06,0.02422,0.02468,0.02356,0.02395,-0.0111478117258463,True,22929.2,19713.626,True,96.0,,,,,,,,,,0.0
candidate_event,2023-11-14,VET,0.0213,0.02169,0.01957,0.02073,1394611915.0,0.0213,1047.0,28910304.99795,23338866.91419,-0.0812206572769952,0.670520231213872,0.01814635,True,2023-11-15,0.02073,0.02196,0.02068,0.02192,0.0574047274481428,True,35559.0,28747.954500000003,True,115.0,,,,,,,,,,0.0
candidate_event,2023-12-18,VET,0.02916,0.03204,0.02646,0.032,3405460792.0,0.02916,1081.0,108974745.344,32349347.724245,-0.0925925925925925,2.0518518518518536,0.01889385,True,2023-12-19,0.032,0.03361,0.03155,0.03293,0.0290624999999999,True,42671.7,30843.7285,True,122.0,,,,,,,,,,0.0
candidate_event,2024-01-09,VET,0.03113,0.03121,0.02879,0.02997,1655408180.0,0.03113,1103.0,49612583.1546,52704102.907685,-0.0751686476068101,0.5042735042735041,0.02078745,True,2024-01-10,0.02996,0.03356,0.02868,0.03267,0.0904539385847795,True,46114.0,32683.9775,True,125.0,,,,,,,,,,0.0
candidate_event,2024-02-20,VET,0.04482,0.0454,0.0408,0.04429,2816503022.0,0.04482,1145.0,124742918.84438,17497543.77035,-0.0896921017402944,0.8681592039801004,0.02343825,True,2024-02-21,0.04428,0.04492,0.04101,0.04342,-0.0194218608852755,True,52297.4,35792.735,True,106.0,,,,,,,,,,0.0
candidate_event,2024-02-21,VET,0.04428,0.04492,0.04101,0.04342,1447341235.0,0.04429,1146.0,62843556.4237,17965117.61598,-0.0740573492887786,0.7347560975609752,0.0235659999999999,True,2024-02-22,0.04342,0.04692,0.04156,0.04489,0.0338553661906955,True,51877.8,35906.8355,True,107.0,,,,,,,,,,0.0
candidate_event,2024-03-08,VET,0.04841,0.04878,0.04453,0.04737,1258180473.0,0.04841,1162.0,59600009.00601,90185115.544585,-0.080148729601322,0.7319587628865982,0.02598485,True,2024-03-09,0.04738,0.05072,0.04715,0.04942,0.0430561418319965,True,68180.2,38447.168,True,143.0,,,,,,,,,,0.0
candidate_event,2024-03-12,VET,0.05049,0.05151,0.04596,0.04877,1778574257.0,0.05048,1166.0,86741066.51389,90185115.544585,-0.0895404120443739,0.621681415929204,0.0266473,True,2024-03-13,0.04878,0.05019,0.04787,0.04919,0.0084050840508405,True,71503.2,39328.863000000005,True,149.0,,,,,,,,,,0.0
candidate_event,2024-03-14,VET,0.0492,0.04947,0.0448,0.04735,1499254144.0,0.04919,1168.0,70989683.7184,90185115.544585,-0.0892457816629396,0.580865603644648,0.0269709,True,2024-03-15,0.04736,0.04777,0.04105,0.04467,-0.0567989864864864,True,71455.5,39791.3185,True,151.0,,,,,,,,,,0.0
candidate_event,2024-03-18,VET,0.04212,0.04244,0.03901,0.04077,1313761500.0,0.04213,1172.0,53562056.355,86852199.64598,-0.074056491811061,0.5641025641025638,0.02748815,True,2024-03-19,0.04077,0.04115,0.03662,0.03798,-0.0684326710816777,True,67660.0,40611.249,True,154.0,1.0,2024-03-18,2024-03-19,-0.0684326710816777,-0.0694326710816777,-0.1017905322541083,0.0093205788570025,liquidity,development,1.0
candidate_event,2024-04-16,VET,0.041318,0.041418,0.037842,0.039825,1871724918.0,0.041314,1201.0,74541444.85935,42818533.4056,-0.0840393087089121,0.571140552995392,0.031355675,True,2024-04-17,0.039823,0.040827,0.0369,0.037958,-0.0468322326293849,True,63765.0,46616.546,True,153.0,,,,,,,,,,0.0
candidate_event,2024-04-19,VET,0.039616,0.041372,0.036515,0.040475,1588213352.0,0.039604,1204.0,64282935.4222,41940148.80466,-0.077997172002828,1.281968274522498,0.03168726,True,2024-04-20,0.040467,0.042571,0.039839,0.042361,0.0468035683396348,True,63787.4,47146.931,True,153.0,,,,,,,,,,0.0
candidate_event,2024-05-01,VET,0.036008,0.036112,0.032876,0.035178,1183514642.0,0.036015,1216.0,41633678.076276,37598337.982558,-0.0871581285575453,0.7333545715195927,0.03306763,True,2024-05-02,0.03518,0.035543,0.033861,0.03504,-0.0039795338260375,True,58307.6,49327.81800000001,True,153.0,,,,,,,,,,0.0
candidate_event,2024-11-12,VET,0.028471,0.029896,0.025644,0.027067,2239563863.0,0.028472,1411.0,60618275.079821005,10719676.3801085,-0.0993256532733913,0.5031824611032533,0.02678982,True,2024-11-13,0.027062,0.027486,0.024632,0.025904,-0.0427906289261694,True,87972.0,64022.3625,True,117.0,,,,,,,,,,0.0
candidate_event,2024-11-24,VET,0.042626,0.045528,0.039,0.045394,3792504633.0,0.042622,1423.0,172156955.31040198,15675612.0330625,-0.0849795880061939,1.7653230259525114,0.026529325,True,2024-11-25,0.045389,0.045413,0.039999,0.040514,-0.1074048778338363,True,97960.4,65891.7095,True,149.0,,,,,,,,,,0.0
candidate_event,2024-11-26,VET,0.04051,0.042195,0.037532,0.041509,2382172339.0,0.040514,1425.0,98881591.619551,33302863.539277,-0.0736041862072369,1.3336686787391,0.02658824,True,2024-11-27,0.04151,0.043995,0.039922,0.043138,0.0392194651891111,True,92021.4,66197.9955,True,164.0,,,,,,,,,,0.0
candidate_event,2024-12-10,VET,0.05637,0.059489,0.050874,0.055686,3551525224.0,0.056359,1439.0,197770233.623664,80490602.21809,-0.0973225216913004,0.8773017319963536,0.02815815,True,2024-12-11,0.055688,0.060432,0.05269,0.059341,0.06559761528516,True,96602.4,68395.6005,True,194.0,,,,,,,,,,0.0
candidate_event,2025-01-08,VET,0.046774,0.047704,0.042666,0.04491,1394372512.0,0.046771,1468.0,62621269.51392,69361634.01433799,-0.0877680614055718,0.5466504263093782,0.030881635,True,2025-01-09,0.04491,0.046103,0.04309,0.044435,-0.0105767089735024,True,95014.1,72801.88,True,176.0,,,,,,,,,,0.0
candidate_event,2025-01-27,VET,0.0452,0.045487,0.041503,0.044672,1283251586.0,0.0452,1487.0,57325414.849792,52564563.34999751,-0.0817920353982301,0.857181498512309,0.032958885,True,2025-01-28,0.044679,0.045719,0.041842,0.042315,-0.0529107634459142,True,102021.3,76666.3335,True,153.0,,,,,,,,,,0.0
candidate_event,2025-07-15,VIRTUAL,1.6887,1.7002,1.565,1.6854,116620814.6,1.6887,217.0,196552720.92684,171720580.29498,-0.0732516136673181,0.9733225545675014,1.614729,True,2025-07-16,1.6853,1.8541,1.625,1.7795,0.0558950928618051,True,117738.5,97197.8955,True,117.0,1.0,2025-07-15,2025-07-16,0.0558950928618051,0.0548950928618051,-0.0357799798255503,0.1001602088648905,liquidity,development,1.0
candidate_event,2025-07-18,VIRTUAL,1.8063,1.9284,1.6746,1.7422,135756628.2,1.8064,220.0,236515197.65004,180065857.76406,-0.0729627989371124,0.5128983308042483,1.588765,True,2025-07-19,1.7421,1.7949,1.6953,1.7733,0.0179094196659204,True,117896.4,97567.622,True,121.0,1.0,2025-07-18,2025-07-19,0.0179094196659204,0.0169094196659204,-0.0268641294988806,0.0303082486654038,liquidity,development,1.0
candidate_event,2025-07-22,VIRTUAL,1.9202,1.956,1.7791,1.94,137690348.9,1.9201,224.0,267119276.866,180785539.86822,-0.0734336753294099,1.14113475177305,1.53917,True,2025-07-23,1.9402,1.9418,1.6254,1.7091,-0.1191114318111534,True,119993.7,98013.1785,True,131.0,,,,,,,,,,0.0
candidate_event,2024-12-03,W,0.34447,0.37626,0.315,0.36355,318255316.1,0.34446,244.0,115701720.168155,60601075.91155499,-0.0855251698310398,1.6479972844534965,0.31478575,True,2024-12-04,0.36349,0.39204,0.34684,0.37319,0.026685741010757,True,95913.3,67345.7915,True,183.0,,,,,,,,,,0.0
candidate_event,2024-10-17,WIF,2.6335,2.6666,2.4428,2.5448,280205089.0,2.6333,273.0,713065910.4872,837175056.2277498,-0.0723426878821251,0.5354330708661407,2.361983,True,2024-10-18,2.5448,2.7288,2.5347,2.6586,0.0447186419364979,True,67401.5,63303.22349999999,True,120.0,1.0,2024-10-17,2024-10-18,0.0447186419364979,0.0437186419364979,-0.0039688777114115,0.0723043068217541,liquidity,development,1.0
candidate_event,2024-10-28,WIF,2.4908,2.5423,2.2434,2.4669,258608042.0,2.4907,284.0,637960178.8097999,724351436.403105,-0.0992893564058297,0.9037606146380912,2.296772,True,2024-10-29,2.4669,2.6986,2.4423,2.6162,0.0605213020389963,True,69940.0,63251.6545,True,112.0,2.0,2024-10-28,2024-10-29,0.0605213020389963,0.0595213020389963,-0.0099720296728688,0.093923547772508,liquidity,development,1.0
candidate_event,2024-11-08,WIF,2.39,2.5138,2.1974,2.3187,343807281.9,2.39,295.0,797185944.54153,629698378.53572,-0.0805857740585774,0.6298026998961584,2.271416,True,2024-11-09,2.3187,2.5438,2.265,2.4869,0.0725406477767713,True,76482.2,63647.752,True,112.0,1.0,2024-11-08,2024-11-09,0.0725406477767713,0.0715406477767713,-0.0231595290464484,0.0970802604907921,liquidity,development,1.0
candidate_event,2024-11-12,WIF,3.1285,3.38,2.8197,3.2497,592125659.7,3.1285,299.0,1924230756.32709,629698378.53572,-0.0987054498961162,1.3924870466321246,2.2689365,True,2024-11-13,3.2497,4.8524,2.8703,4.1672,0.2823337538849741,True,87972.0,64022.3625,True,117.0,2.0,2024-11-12,2024-11-13,0.2823337538849741,0.2813337538849741,-0.116749238391236,0.4931839862141123,liquidity,development,1.0
candidate_event,2024-11-24,WIF,3.274,3.4764,3.01,3.1722,226543876.4,3.274,311.0,718642484.7160801,785177598.230765,-0.0806353084911424,0.6143939393939402,2.3025095,True,2024-11-25,3.1723,3.6578,3.0627,3.1833,0.0034675156826278,True,97960.4,65891.7095,True,149.0,,,,,,,,,,0.0
candidate_event,2024-12-16,WIF,2.8563,2.928,2.6311,2.7456,192768525.7,2.8562,333.0,529265264.16192,856333429.34699,-0.0788110076325186,0.508662816525989,2.319084,True,2024-12-17,2.7456,2.8733,2.6708,2.7114,-0.0124562937062937,True,106023.2,69408.12150000001,True,197.0,1.0,2024-12-16,2024-12-17,-0.0124562937062937,-0.0134562937062937,-0.0272435897435898,0.0465107808857807,liquidity,development,1.0
candidate_event,2025-07-22,WIF,1.2397,1.3146,1.149,1.2729,629033287.6,1.2396,551.0,800696471.78604,422126738.29856,-0.0730880929332042,1.3675496688741708,0.8378745000000001,True,2025-07-23,1.2728,1.3112,1.0907,1.1638,-0.0856379635449402,True,119993.7,98013.1785,True,131.0,1.0,2025-07-22,2025-07-23,-0.0856379635449402,-0.0866379635449402,-0.1430703959773727,0.0301697045883091,liquidity,development,1.0
candidate_event,2025-07-30,WIF,0.9844,0.9968,0.91,0.9668,450845191.3,0.9844,559.0,435877130.94884,508684206.674765,-0.0755790329134498,0.763440860215053,0.8070155,True,2025-07-31,0.9669,1.0105,0.9119,0.9176,-0.0509876926259178,True,117771.0,98879.3845,True,150.0,1.0,2025-07-30,2025-07-31,-0.0509876926259178,-0.0519876926259178,-0.0568828213879407,0.0450925638638948,liquidity,development,1.0
candidate_event,2024-02-21,WLD,6.7042,7.1987,6.039,7.1269,232387680.0,6.7042,212.0,1656203756.592,66817455.5367,-0.0992213836102742,1.6354479855682496,2.2466495,True,2024-02-22,7.1273,9.096,7.0512,8.1698,0.1462685729518893,True,51877.8,35906.8355,True,107.0,,,,,,,,,,0.0
candidate_event,2024-02-24,WLD,8.2179,8.5,7.6223,8.1607,133973122.0,8.2179,215.0,1093314456.7054,73555723.68255,-0.0724759366748196,0.9039623908663534,2.339284,True,2024-02-25,8.1607,9.477,8.127,8.5543,0.0482311566409743,True,51602.1,36235.102,True,109.0,1.0,2024-02-24,2024-02-25,0.0482311566409743,0.0472311566409743,-0.0041295477103678,0.1612974377198035,liquidity,development,1.0
candidate_event,2024-03-03,WLD,7.6777,8.5539,7.0824,7.9223,146181765.0,7.6777,223.0,1158095796.8595,718490874.5274,-0.077536241322271,1.410885267932135,2.583744,True,2024-03-04,7.9231,8.4512,7.3141,7.3784,-0.0687483434514267,True,63178.5,37436.2145,True,132.0,1.0,2024-03-03,2024-03-04,-0.0687483434514267,-0.0697483434514267,-0.0768638537946005,0.066653203922707,liquidity,development,1.0
candidate_event,2024-03-11,WLD,9.5628,10.3434,8.8,9.8496,137908070.0,9.5623,231.0,1358339326.272,1038015108.753,-0.0797193143908892,1.3768857405221044,2.8607645,True,2024-03-12,9.8492,10.5925,8.9,10.1594,0.0314949437517768,True,72153.8,39101.605500000005,True,147.0,1.0,2024-03-11,2024-03-12,0.0314949437517768,0.0304949437517768,-0.0963733095073711,0.0754680583194573,liquidity,development,1.0
candidate_event,2024-03-12,WLD,9.8492,10.5925,8.9,10.1594,134536577.0,9.8496,232.0,1366810900.3738,1083931780.0601,-0.0964100064977258,1.3262426284751463,2.9052155000000006,True,2024-03-13,10.1595,10.2702,9.2952,9.5551,-0.0594911166888134,True,71503.2,39328.863000000005,True,149.0,1.0,2024-03-12,2024-03-13,-0.0594911166888134,-0.0604911166888134,-0.08507308430533,0.0108962055219254,liquidity,development,1.0
candidate_event,2024-04-10,WLD,6.6671,6.7599,6.2,6.5741,41650287.0,6.6673,261.0,273813151.7667,486267983.9346,-0.0700883416075472,0.8005563877594684,3.8978305,True,2024-04-11,6.5741,6.9057,6.3,6.3801,-0.0295097427784791,True,70681.7,45441.989,True,154.0,2.0,2024-04-10,2024-04-11,-0.0295097427784791,-0.0305097427784791,-0.0416939200803151,0.0504403644605346,liquidity,development,1.0
candidate_event,2024-04-27,WLD,4.7061,4.946,4.3024,4.8746,81906978.0,4.7061,278.0,399263754.9588,330770761.37090003,-0.0857822825694313,1.417389150359177,4.195394,True,2024-04-28,4.8747,5.0313,4.6723,4.7058,-0.0346482860483722,True,63421.0,48634.8435,True,153.0,1.0,2024-04-27,2024-04-28,-0.0346482860483722,-0.0356482860483722,-0.0415205038258764,0.0321250538494677,liquidity,development,1.0
candidate_event,2024-04-30,WLD,4.7312,4.8519,4.26,4.5371,86645460.0,4.7315,281.0,393119116.566,330770761.37090003,-0.0996512733805347,0.5876988335100742,4.242385,True,2024-05-01,4.5371,4.6889,4.1656,4.6481,0.0244649666086267,True,60651.2,49170.4615,True,153.0,1.0,2024-04-30,2024-05-01,0.0244649666086267,0.0234649666086267,-0.0818804963522953,0.0334574948755814,liquidity,development,1.0
candidate_event,2024-05-01,WLD,4.5371,4.6889,4.1656,4.6481,70096612.0,4.5371,282.0,325816062.2372,341014170.76235,-0.0818804963522953,1.2987886944818328,4.258157,True,2024-05-02,4.648,4.7537,4.4153,4.6023,-0.0098321858864027,True,58307.6,49327.81800000001,True,153.0,,,,,,,,,,0.0
candidate_event,2024-12-02,WLD,3.4065,3.409,3.08,3.285,249347095.0,3.4065,497.0,819105207.075,449454970.692,-0.0958461764274181,0.6278713629402762,2.4267785,True,2024-12-03,3.2852,3.4818,2.96,3.2991,0.004231097041276,True,95890.5,67201.125,True,182.0,,,,,,,,,,0.0
candidate_event,2024-12-03,WLD,3.2852,3.4818,2.96,3.2991,303501678.0,3.285,498.0,1001282385.8898,480122586.4658001,-0.0989345509893455,1.0433846153846154,2.4188005,True,2024-12-04,3.2991,3.4966,3.1868,3.3004,0.000394046861265,True,95913.3,67345.7915,True,183.0,2.0,2024-12-03,2024-12-04,0.000394046861265,-0.0006059531387349,-0.0340395865539087,0.0598648116152888,liquidity,development,1.0
candidate_event,2025-01-23,WLD,2.3157,2.3474,2.1019,2.262,362626680.0,2.3158,549.0,820261550.16,289485228.78059995,-0.0923654892477761,0.7484805984104727,2.109316,True,2025-01-24,2.2622,2.3273,2.1174,2.1308,-0.0580850499513748,True,103864.1,75744.53649999999,True,161.0,1.0,2025-01-23,2025-01-24,-0.0580850499513748,-0.0590850499513748,-0.0640084873132349,0.0287772964370967,liquidity,development,1.0
candidate_event,2025-09-10,WLD,1.927,2.0916,1.7594,1.8667,826129017.0,1.927,779.0,1542135036.0339,143764508.33359998,-0.0869745718733783,0.640214797136038,1.00131,True,2025-09-11,1.8667,1.8831,1.587,1.6529,-0.1145336690416242,True,113896.8,101933.988,True,140.0,1.0,2025-09-10,2025-09-11,-0.1145336690416242,-0.1155336690416242,-0.1498366100605346,0.0087855574007607,liquidity,development,1.0
candidate_event,2023-01-14,WOO,0.17876,0.19245,0.1614,0.18839,504067174.0,0.17877,281.0,94961214.90986,13198119.38165,-0.097163953683504,1.5538284398388011,0.15660045,True,2023-01-15,0.18836,0.21245,0.17737,0.2043,0.084625185814398,True,20962.8,19508.5375,True,67.0,,,,,,,,,,0.0
candidate_event,2023-02-22,WOO,0.23887,0.24049,0.22106,0.23153,140486792.0,0.23885,320.0,32526906.95176,38498064.26052,-0.0744818924010886,0.5885328836424961,0.1613421,True,2023-02-23,0.23153,0.23775,0.2232,0.22912,-0.0104090182697708,True,24171.3,19743.7235,True,99.0,,,,,,,,,,0.0
candidate_event,2023-03-10,WOO,0.16109,0.17182,0.148,0.17059,187936370.0,0.1611,336.0,32060065.3583,31535088.79934,-0.0813159528243326,1.7244274809160305,0.1601589,True,2023-03-11,0.17058,0.17476,0.15857,0.16722,-0.0196975026380583,True,20140.3,19698.602,True,95.0,,,,,,,,,,0.0
candidate_event,2023-03-11,WOO,0.17058,0.17476,0.15857,0.16722,138555160.0,0.17059,337.0,23169193.8552,31301668.00261,-0.0704613400551028,0.719633943427622,0.1601448,True,2023-03-12,0.16719,0.1791,0.16109,0.1784,0.0670494646809019,True,20447.3,19693.2475,True,95.0,,,,,,,,,,0.0
candidate_event,2023-04-26,WOO,0.26592,0.28912,0.24721,0.27069,460631885.0,0.26592,383.0,124688444.95065,34794981.90224,-0.0703595066185318,1.2549438802779265,0.1798577999999999,True,2023-04-27,0.27083,0.3042,0.26805,0.2962,0.0936749990769116,True,28395.9,21540.7145,True,98.0,,,,,,,,,,0.0
candidate_event,2023-11-14,WOO,0.24381,0.25448,0.22605,0.24318,96160382.0,0.24374,585.0,23384281.69476,15595143.78629,-0.072577336506113,0.9683436970039568,0.2029634,True,2023-11-15,0.24318,0.26177,0.24034,0.26042,0.0708939879924335,True,35559.0,28747.954500000003,True,115.0,,,,,,,,,,0.0
candidate_event,2023-12-13,WOO,0.27835,0.3199,0.25778,0.31059,313376965.0,0.27832,614.0,97331751.55935,20455390.512425,-0.0737999425122161,2.571080817916259,0.20241775,True,2023-12-14,0.31063,0.39161,0.30804,0.38091,0.2262498792775971,True,42875.0,30474.2695,True,119.0,,,,,,,,,,0.0
candidate_event,2023-12-15,WOO,0.38088,0.455,0.35109,0.4125,600989927.0,0.38091,616.0,247908344.8875,20455390.512425,-0.0782862093407892,2.059356136820924,0.2041081,True,2023-12-16,0.41255,0.43165,0.39162,0.39447,-0.0438249909101926,True,41968.0,30620.383,True,120.0,1.0,2023-12-15,2023-12-16,-0.0438249909101926,-0.0448249909101926,-0.0507332444552174,0.046297418494728,liquidity,development,1.0
candidate_event,2024-01-23,WOO,0.36027,0.36663,0.32514,0.34947,125188089.0,0.36028,655.0,43749481.46283,52360458.600415,-0.0975352503608304,0.6923733636881052,0.24457485,True,2024-01-24,0.34947,0.3597,0.33804,0.34927,-0.0005722951898589,True,39890.0,33523.1895,True,124.0,,,,,,,,,,0.0
candidate_event,2024-02-21,WOO,0.43555,0.4374,0.39448,0.4264,53193806.0,0.4355,684.0,22681838.8784,18613434.072625004,-0.0941905855338691,0.7781569965870307,0.2686731,True,2024-02-22,0.42648,0.48795,0.41047,0.47001,0.1020680922903769,True,51877.8,35906.8355,True,107.0,,,,,,,,,,0.0
candidate_event,2024-02-28,WOO,0.50648,0.54786,0.46,0.52206,120808465.0,0.50659,691.0,63069267.2379,21132539.59614,-0.0919678635583015,1.332045503326894,0.27977655,True,2024-02-29,0.52216,0.57342,0.50647,0.5208,-0.0026045656503752,True,62487.9,36775.033,True,124.0,,,,,,,,,,0.0
candidate_event,2024-03-08,WOO,0.61114,0.62067,0.56261,0.58957,60567997.0,0.61108,700.0,35709073.99129,33802751.93809,-0.0793185834915231,0.5562203424798853,0.29734665,True,2024-03-09,0.58957,0.61158,0.57366,0.57704,-0.0212527774479706,True,68180.2,38447.168,True,143.0,,,,,,,,,,0.0
candidate_event,2024-04-05,WOO,0.4218,0.4236,0.39,0.40666,42478752.0,0.42172,728.0,17274409.28832,27123198.089435,-0.0752157829839703,0.5252206809583866,0.3408807499999999,True,2024-04-06,0.40662,0.42223,0.40391,0.41466,0.0197727608086173,True,67825.7,44362.851,True,154.0,,,,,,,,,,0.0
candidate_event,2024-11-22,WOO,0.23277,0.23709,0.21449,0.23244,68405174.0,0.23276,959.0,15900098.64456,21613188.64403,-0.0784928681904107,0.98248494800219,0.2080844,True,2024-11-23,0.23244,0.25607,0.22914,0.24571,0.0570900017208741,True,98921.4,65530.5495,True,141.0,1.0,2024-11-22,2024-11-23,0.0570900017208741,0.0560900017208741,-0.0141972121837893,0.1016606436069524,liquidity,development,1.0
candidate_event,2024-11-26,WOO,0.25574,0.26276,0.23165,0.25169,138650372.0,0.25574,963.0,34896912.128680006,24062921.137615003,-0.0941972315633066,0.8318804483188048,0.20741695,True,2024-11-27,0.25179,0.27879,0.24804,0.27558,0.0944834981532227,True,92021.4,66197.9955,True,164.0,,,,,,,,,,0.0
candidate_event,2024-12-02,WOO,0.31308,0.33272,0.2844,0.32765,153097815.0,0.31308,969.0,50162499.08475,26926532.052440003,-0.0916059793024148,1.5080195258019509,0.208028,True,2024-12-03,0.32767,0.3449,0.31342,0.34053,0.0392468031861323,True,95890.5,67201.125,True,182.0,,,,,,,,,,0.0
candidate_event,2024-12-10,WOO,0.28291,0.30327,0.25701,0.27865,99888775.0,0.28291,977.0,27834007.15375,28519659.216,-0.0915485490085185,0.8355212355212359,0.2084365,True,2024-12-11,0.27867,0.3017,0.26704,0.29585,0.061649980263394,True,96602.4,68395.6005,True,194.0,,,,,,,,,,0.0
candidate_event,2024-12-03,XAI,0.37596,0.39369,0.34165,0.38493,208123894.0,0.37602,329.0,80113130.51742,49152572.814145,-0.0914047125152918,1.2592377073028795,0.33646375,True,2024-12-04,0.38488,0.42016,0.37454,0.4035,0.0483787154437747,True,95913.3,67345.7915,True,183.0,,,,,,,,,,0.0
candidate_event,2024-12-05,XAI,0.4034,0.43021,0.3736,0.40271,200811273.0,0.4035,331.0,80868707.74983001,56883726.9668,-0.074101610904585,0.9735785953177254,0.3343607999999999,True,2024-12-06,0.40279,0.435,0.39758,0.41886,0.0398967203753817,True,97001.5,67658.52649999999,True,190.0,,,,,,,,,,0.0
candidate_event,2024-12-16,XAI,0.33343,0.34353,0.30868,0.32382,98266305.0,0.33342,342.0,31820594.8851,56883726.9668,-0.0742007078159677,0.6119644300727565,0.31291765,True,2024-12-17,0.32387,0.32455,0.29173,0.29694,-0.0831506468644827,True,106023.2,69408.12150000001,True,197.0,,,,,,,,,,0.0
candidate_event,2021-10-17,XLM,0.39716,0.40379,0.36368,0.38384,816643228.0,0.39715,289.0,313460336.63552004,121418163.76347,-0.0842754626715346,0.6023304451747837,0.37641695,True,2021-10-18,0.38384,0.39656,0.3768,0.37969,-0.0108117965819091,True,61571.45,45091.28444999999,True,70.0,,,,,,,,,,0.0
candidate_event,2023-11-07,XLM,0.13119,0.13121,0.1219,0.12671,417678957.0,0.13117,1040.0,52924100.64146999,44429789.58813501,-0.0706716474803691,0.5188781014023719,0.11106305,True,2023-11-08,0.12671,0.129,0.12553,0.12781,0.0086812406282061,True,35406.5,28459.719,True,98.0,,,,,,,,,,0.0
candidate_event,2023-11-14,XLM,0.12232,0.1227,0.11295,0.11789,483210006.0,0.12231,1047.0,56965627.60734,48603508.40979,-0.0765268579838116,0.5277777777777773,0.11208295,True,2023-11-15,0.1179,0.12184,0.11695,0.12146,0.0301950805767599,True,35559.0,28747.954500000003,True,115.0,,,,,,,,,,0.0
candidate_event,2023-12-26,XLM,0.13121,0.13133,0.11919,0.12615,427325903.0,0.13121,1089.0,53907162.66345,32133041.56285,-0.0916088712750551,0.5790349417637283,0.1189602,True,2023-12-27,0.12615,0.13385,0.12387,0.13094,0.0379706698374948,True,42538.5,31509.655999999995,True,127.0,,,,,,,,,,0.0
candidate_event,2024-02-28,XLM,0.12304,0.12542,0.11217,0.12106,781622617.0,0.12304,1153.0,94623234.01402,26002322.998545,-0.0883452535760727,0.817847286108556,0.1185454,True,2024-02-29,0.12107,0.12856,0.1191,0.12217,0.009085652928058,True,62487.9,36775.033,True,124.0,,,,,,,,,,0.0
candidate_event,2024-03-03,XLM,0.13844,0.14025,0.12745,0.1359,681157630.0,0.13845,1157.0,92569321.917,28767762.917685,-0.0794510653665582,0.7681818181818181,0.1185115,True,2024-03-04,0.1359,0.15932,0.13338,0.14609,0.074981604120677,True,63178.5,37436.2145,True,132.0,,,,,,,,,,0.0
candidate_event,2024-03-14,XLM,0.15096,0.15277,0.13772,0.14472,799929417.0,0.15096,1168.0,115765785.22823998,54526331.256495,-0.0877053524112347,0.5287009063444091,0.11971985,True,2024-03-15,0.14471,0.14578,0.12678,0.13712,-0.0524497270402876,True,71455.5,39791.3185,True,151.0,,,,,,,,,,0.0
candidate_event,2024-11-21,XLM,0.24746,0.265,0.22962,0.2625,2804174935.0,0.24746,1420.0,736095920.4375,23985291.233730003,-0.0720924593873758,1.843049327354259,0.1023826,True,2024-11-22,0.26252,0.3525,0.26252,0.34011,0.2955584336431511,True,98366.8,65351.6565,True,137.0,1.0,2024-11-21,2024-11-22,0.2955584336431511,0.2945584336431511,0.0,0.3427548377266494,liquidity,development,1.0
candidate_event,2024-12-11,XLM,0.43629,0.44594,0.40246,0.43515,1100481987.0,0.43629,1440.0,478874736.64305,889050249.5806301,-0.0775401682367233,0.966302098728938,0.14020275,True,2024-12-12,0.43516,0.45089,0.4185,0.42499,-0.0233707142200569,True,101115.3,68554.605,True,194.0,1.0,2024-12-11,2024-12-12,-0.0233707142200569,-0.0243707142200569,-0.0382847688206636,0.0361476238624873,liquidity,development,1.0
candidate_event,2025-01-13,XLM,0.42197,0.4388,0.39141,0.41928,1162802664.0,0.42197,1473.0,487539900.96192,298018186.481555,-0.0724222101097235,0.9119764397905752,0.18986805,True,2025-01-14,0.41928,0.43668,0.41511,0.43,0.0255676397634039,True,94485.3,73616.58350000001,True,164.0,,,,,,,,,,0.0
candidate_event,2025-01-18,XLM,0.48741,0.49245,0.45116,0.49058,1104566212.0,0.48742,1478.0,541878092.28296,329987208.86906,-0.0743916950473924,1.0871483728626583,0.1994691999999999,True,2025-01-19,0.49058,0.49539,0.41703,0.43301,-0.1173508907823392,True,104524.3,74598.052,True,161.0,,,,,,,,,,0.0
candidate_event,2025-02-25,XLM,0.29755,0.30319,0.2707,0.29527,752807937.0,0.29755,1516.0,222281599.55799,115789838.037855,-0.0902369349689127,0.9150837988826812,0.2500256999999999,True,2025-02-26,0.29527,0.29916,0.27803,0.28628,-0.0304467097910386,True,88639.1,81610.4035,True,130.0,,,,,,,,,,0.0
candidate_event,2025-07-15,XLM,0.46354,0.475,0.42937,0.45133,1798939059.0,0.46361,1656.0,811915165.4984701,56946266.26696999,-0.0738551800004314,0.641355140186916,0.30725465,True,2025-07-16,0.45133,0.48098,0.44718,0.45313,0.0039882126160457,True,117738.5,97197.8955,True,117.0,2.0,2025-07-15,2025-07-16,0.0039882126160457,0.0029882126160457,-0.0091950457536613,0.0656947244809784,liquidity,development,1.0
candidate_event,2025-10-14,XLM,0.35092,0.3528,0.31931,0.33706,456511591.0,0.35091,1747.0,153871796.86246002,112952589.06505,-0.0900515801772534,0.5617088607594948,0.3288367499999999,True,2025-10-15,0.33705,0.34243,0.31953,0.32437,-0.037620531078475,True,112983.8,107061.60850000002,True,143.0,,,,,,,,,,0.0
candidate_event,2023-04-26,XRP,0.4694,0.4829,0.4308,0.4611,2042979413.1,0.4694,845.0,942017807.38041,700585220.60916,-0.0822326374094588,0.7849740932642492,0.4139879999999999,True,2023-04-27,0.4612,0.4698,0.455,0.4662,0.0108412836079792,True,28395.9,21540.7145,True,98.0,1.0,2023-04-26,2023-04-27,0.0108412836079792,0.0098412836079792,-0.0134431916738941,0.0186470078057241,liquidity,development,1.0
candidate_event,2023-05-08,XRP,0.4486,0.4509,0.4067,0.4279,1437290443.2,0.4487,857.0,615016580.64528,518718256.42262,-0.0936037441497659,0.5047619047619049,0.412892,True,2023-05-09,0.4279,0.4303,0.4201,0.4284,0.0011684973124561,True,27659.8,22118.4455,True,95.0,1.0,2023-05-08,2023-05-09,0.0011684973124561,0.0001684973124561,-0.0182285580743164,0.0056087870997896,liquidity,development,1.0
candidate_event,2023-06-28,XRP,0.4837,0.4841,0.4406,0.4645,1119164470.4,0.4836,908.0,519851896.5008001,721751161.1799049,-0.0889164598842018,0.555813953488373,0.4302565,True,2023-06-29,0.4644,0.4769,0.4609,0.4743,0.0213178294573643,True,30066.3,24494.5825,True,98.0,1.0,2023-06-28,2023-06-29,0.0213178294573643,0.0203178294573643,-0.0075366063738157,0.0269164513350559,liquidity,development,1.0
candidate_event,2023-08-15,XRP,0.6338,0.6344,0.571,0.6099,1200392699.2,0.6339,956.0,732119507.24208,1078668021.41702,-0.0992270074144188,0.6184419713831479,0.493127,True,2023-08-16,0.61,0.6168,0.57,0.5887,-0.0349180327868852,True,29188.8,27209.0285,True,89.0,1.0,2023-08-15,2023-08-16,-0.0349180327868852,-0.0359180327868852,-0.0655737704918033,0.0111475409836065,liquidity,development,1.0
candidate_event,2023-11-07,XRP,0.7153,0.716,0.6464,0.6852,2381782418.0,0.7153,1040.0,1631997312.8136,553667703.9779601,-0.0963232210261429,0.5631349782293181,0.5346035,True,2023-11-08,0.6852,0.699,0.6728,0.6876,0.0035026269702276,True,35406.5,28459.719,True,98.0,1.0,2023-11-07,2023-11-08,0.0035026269702276,0.0025026269702276,-0.018096906012843,0.020140105078809,liquidity,development,1.0
candidate_event,2023-12-26,XRP,0.6468,0.6475,0.5932,0.6225,1399485930.8,0.6467,1089.0,871179991.9230001,554263084.74227,-0.0827276944487399,0.5476635514018701,0.5730545,True,2023-12-27,0.6224,0.643,0.6131,0.6349,0.0200835475578406,True,42538.5,31509.655999999995,True,127.0,2.0,2023-12-26,2023-12-27,0.0200835475578406,0.0190835475578406,-0.0149421593830333,0.0330976863753214,liquidity,development,1.0
candidate_event,2024-03-14,XRP,0.6898,0.7085,0.6375,0.6698,2504547255.6,0.6898,1168.0,1677545751.8008797,878806511.504595,-0.0758190779936213,0.617590822179732,0.56849,True,2024-03-15,0.6698,0.6767,0.5945,0.6348,-0.0522544042997908,True,71455.5,39791.3185,True,151.0,1.0,2024-03-14,2024-03-15,-0.0522544042997908,-0.0532544042997908,-0.1124216183935502,0.0103015825619587,liquidity,development,1.0
candidate_event,2024-08-01,XRP,0.6229,0.6301,0.5673,0.5962,1864037805.0,0.623,1308.0,1111339339.3409998,735351887.47492,-0.089406099518459,0.518850987432674,0.5441984999999999,True,2024-08-02,0.5961,0.5967,0.5458,0.5605,-0.0597215232343566,True,65328.9,61217.863000000005,True,112.0,2.0,2024-08-01,2024-08-02,-0.0597215232343566,-0.0607215232343566,-0.0843818151316893,0.0010065425264218,liquidity,development,1.0
candidate_event,2024-11-13,XRP,0.7048,0.7491,0.6408,0.6901,4167165476.3,0.7048,1412.0,2875760895.19463,309372700.07855,-0.0908059023836548,0.7703125000000008,0.5394325,True,2024-11-14,0.6901,0.8478,0.6827,0.7741,0.1217214896391827,True,90413.3,64157.32399999999,True,121.0,2.0,2024-11-13,2024-11-14,0.1217214896391827,0.1207214896391827,-0.0107230836110709,0.228517606144037,liquidity,development,1.0
candidate_event,2024-11-26,XRP,1.415,1.4588,1.2848,1.3993,2914599022.7,1.4151,1425.0,4078398412.46411,1350478714.56352,-0.0920782983534733,0.8787413660782807,0.583681,True,2024-11-27,1.3992,1.5233,1.3527,1.4709,0.0512435677530018,True,92021.4,66197.9955,True,164.0,2.0,2024-11-26,2024-11-27,0.0512435677530018,0.0502435677530018,-0.0332332761578044,0.0886935391652372,liquidity,development,1.0
candidate_event,2025-01-16,XRP,3.1411,3.4043,2.9211,3.2433,3757016808.8,3.1411,1476.0,12185132615.98104,2593178817.285615,-0.0700391582566616,1.4645454545454564,1.0519645,True,2025-01-17,3.2432,3.352,3.1718,3.2911,0.0147693635915147,True,99937.4,74180.254,True,163.0,1.0,2025-01-16,2025-01-17,0.0147693635915147,0.0137693635915147,-0.022015293537247,0.0335471139615195,liquidity,development,1.0
candidate_event,2025-01-18,XRP,3.2911,3.2973,3.0551,3.2695,1546799056.5,3.2911,1478.0,5057259515.226749,2593178817.285615,-0.0717085472942178,0.9084745762711852,1.079957,True,2025-01-19,3.2694,3.293,2.8301,2.9555,-0.0960115005811464,True,104524.3,74598.052,True,161.0,1.0,2025-01-18,2025-01-19,-0.0960115005811464,-0.0970115005811464,-0.1343671621704288,0.0072184498684773,liquidity,development,1.0
candidate_event,2025-02-25,XRP,2.2769,2.3642,2.0631,2.3211,2406923808.4,2.2769,1516.0,5586710851.67724,1951339595.43642,-0.0938996003337871,1.2067352666043032,1.495382,True,2025-02-26,2.321,2.3297,2.1495,2.1971,-0.0533821628608359,True,88639.1,81610.4035,True,130.0,1.0,2025-02-25,2025-02-26,-0.0533821628608359,-0.0543821628608359,-0.0738905644118914,0.0037483843171046,liquidity,development,1.0
candidate_event,2025-03-04,XRP,2.386,2.5376,2.2115,2.4532,2053641805.5,2.386,1523.0,5037994077.2526,2174067927.720845,-0.0731349538977368,1.3851002865329494,1.5580505,True,2025-03-05,2.4532,2.5393,2.4069,2.498,0.0182618620577206,True,87245.9,82572.2745,True,136.0,1.0,2025-03-04,2025-03-05,0.0182618620577206,0.0172618620577206,-0.0188733083319745,0.0350970161421817,liquidity,development,1.0
candidate_event,2025-07-24,XRP,3.1846,3.264,2.9535,3.1442,1741446751.1,3.1845,1665.0,5475456874.80862,2056626028.9947104,-0.0725388601036268,0.8255411255411264,2.426746,True,2025-07-25,3.1443,3.1602,2.9959,3.141,-0.0010495181757465,True,118294.3,98215.6505,True,135.0,1.0,2025-07-24,2025-07-25,-0.0010495181757465,-0.0020495181757465,-0.0471965143275132,0.0050567693922336,liquidity,development,1.0
candidate_event,2021-12-08,XTZ,5.646,6.015,5.119,5.68,267961245.9,5.645,341.0,1522019876.712,126140971.3398,-0.0931798051372896,1.066539923954373,4.669829999999999,True,2021-12-09,5.68,6.187,4.802,4.837,-0.1484154929577464,True,50455.61,46512.5604,True,73.0,,,,,,,,,,0.0
candidate_event,2023-11-14,XTZ,0.888,0.95,0.811,0.851,52507223.4,0.888,1047.0,44683647.1134,26316162.34835,-0.0867117117117116,0.5194805194805188,0.7822550000000001,True,2023-11-15,0.851,0.888,0.839,0.888,0.0434782608695651,True,35559.0,28747.954500000003,True,115.0,,,,,,,,,,0.0
candidate_event,2023-12-18,XTZ,0.911,0.917,0.836,0.892,23581520.6,0.911,1081.0,21034716.375200003,14702220.40725,-0.0823271130625686,0.7466666666666667,0.7736649999999998,True,2023-12-19,0.892,0.913,0.859,0.864,-0.0313901345291479,True,42671.7,30843.7285,True,122.0,,,,,,,,,,0.0
candidate_event,2023-12-26,XTZ,1.043,1.069,0.956,1.05,39687971.9,1.043,1089.0,41672370.495,18592985.0302,-0.0834132310642377,1.080459770114944,0.7774199999999999,True,2023-12-27,1.051,1.137,1.018,1.115,0.0608943862987632,True,42538.5,31509.655999999995,True,127.0,,,,,,,,,,0.0
candidate_event,2024-01-05,XTZ,0.975,0.983,0.901,0.941,24604977.0,0.975,1099.0,23153283.357,24289943.6577,-0.0758974358974358,0.5405405405405399,0.792785,True,2024-01-06,0.941,0.942,0.884,0.922,-0.0201912858660997,True,44145.4,32373.3135,True,128.0,,,,,,,,,,0.0
candidate_event,2024-01-19,XTZ,1.043,1.048,0.967,1.022,29587133.3,1.043,1113.0,30238050.2326,30713327.0981,-0.0728667305848513,0.7236842105263168,0.808605,True,2024-01-20,1.021,1.045,1.008,1.035,0.0137120470127325,True,41662.2,33316.779500000004,True,125.0,,,,,,,,,,0.0
candidate_event,2024-03-12,XTZ,1.527,1.586,1.411,1.56,53619438.1,1.527,1166.0,83646323.436,29037545.25225,-0.0759659462999344,1.284482758620691,0.8957200000000001,True,2024-03-13,1.56,1.61,1.474,1.54,-0.0128205128205128,True,71503.2,39328.863000000005,True,149.0,,,,,,,,,,0.0
candidate_event,2024-03-14,XTZ,1.54,1.543,1.404,1.493,31579314.7,1.54,1168.0,47147916.847100005,31313907.7294,-0.0883116883116883,0.6544117647058831,0.903995,True,2024-03-15,1.493,1.506,1.284,1.398,-0.0636302746148694,True,71455.5,39791.3185,True,151.0,,,,,,,,,,0.0
candidate_event,2024-11-26,XTZ,1.244,1.269,1.134,1.2,97199036.2,1.245,1425.0,116638843.44,19480384.47575,-0.0891566265060243,0.594594594594594,0.7612899999999999,True,2024-11-27,1.2,1.314,1.172,1.27,0.0583333333333333,True,92021.4,66197.9955,True,164.0,,,,,,,,,,0.0
candidate_event,2024-12-01,XTZ,1.672,1.797,1.547,1.666,210842073.2,1.673,1430.0,351262893.95119995,39209769.82285,-0.0753138075313808,0.9444444444444436,0.7752450000000001,True,2024-12-02,1.665,1.752,1.545,1.642,-0.0138138138138138,True,97265.1,67047.761,True,180.0,1.0,2024-12-01,2024-12-02,-0.0138138138138138,-0.0148138138138138,-0.0720720720720721,0.0522522522522521,liquidity,development,1.0
candidate_event,2024-12-02,XTZ,1.665,1.752,1.545,1.642,140087003.7,1.666,1431.0,230022860.0754,40130095.6503,-0.0726290516206482,0.8016528925619832,0.77884,True,2024-12-03,1.641,1.75,1.502,1.718,0.0469226081657525,True,95890.5,67201.125,True,182.0,,,,,,,,,,0.0
candidate_event,2024-12-03,XTZ,1.641,1.75,1.502,1.718,133151311.4,1.642,1432.0,228753952.9852,42576982.5616,-0.0852618757612666,1.5428571428571438,0.782735,True,2024-12-04,1.719,1.857,1.632,1.723,0.002326934264107,True,95913.3,67345.7915,True,183.0,,,,,,,,,,0.0
candidate_event,2024-12-22,XTZ,1.297,1.298,1.203,1.252,51404078.8,1.297,1451.0,64357906.65759999,117107297.86975,-0.0724749421742482,0.5212765957446809,0.8321549999999999,True,2024-12-23,1.253,1.365,1.217,1.355,0.0814046288906624,True,95153.5,70308.732,True,200.0,1.0,2024-12-22,2024-12-23,0.0814046288906624,0.0804046288906624,-0.0287310454908218,0.0893854748603353,liquidity,development,1.0
candidate_event,2025-01-13,XTZ,1.256,1.288,1.161,1.233,51524065.7,1.256,1473.0,63529173.00810001,47197866.930350006,-0.0756369426751591,0.7578947368421062,0.8921399999999999,True,2025-01-14,1.234,1.278,1.224,1.272,0.0307941653160455,True,94485.3,73616.58350000001,True,164.0,,,,,,,,,,0.0
candidate_event,2025-01-27,XTZ,1.116,1.123,1.01,1.1,40494302.7,1.116,1487.0,44543732.970000006,31222249.0224,-0.0949820788530466,0.8490566037735849,0.92609,True,2025-01-28,1.099,1.112,1.036,1.045,-0.0491355777979982,True,102021.3,76666.3335,True,153.0,,,,,,,,,,0.0
candidate_event,2025-07-20,XTZ,1.029,1.216,0.956,1.07,1096812560.7,1.03,1661.0,1173589439.949,15598395.915150002,-0.0718446601941747,1.5405405405405406,0.74441,True,2025-07-21,1.07,1.098,0.99,0.992,-0.0728971962616823,True,117216.0,97802.125,True,126.0,1.0,2025-07-20,2025-07-21,-0.0728971962616823,-0.0738971962616823,-0.0747663551401869,0.0261682242990655,liquidity,development,1.0
candidate_event,2025-07-30,XTZ,0.85,0.862,0.789,0.83,31466201.7,0.851,1671.0,26116947.411,23464192.26965,-0.0728554641598119,0.6612903225806446,0.7212500000000002,True,2025-07-31,0.83,0.84,0.771,0.776,-0.0650602409638553,True,117771.0,98879.3845,True,150.0,,,,,,,,,,0.0
candidate_event,2024-03-10,XVG,0.006292,0.006614,0.005782,0.006211,3194712017.0,0.006293,249.0,19842356.337587003,14431719.375844,-0.0812013348164627,0.8395303326810184,0.003744595,True,2024-03-11,0.006211,0.006763,0.005824,0.006537,0.052487522138142,True,69001.8,38871.6595,True,145.0,,,,,,,,,,0.0
candidate_event,2024-03-14,XVG,0.007061,0.007082,0.006447,0.006958,2328016503.0,0.007061,253.0,16198338.827874,19853889.5898175,-0.0869565217391304,0.8322475570032577,0.00381667,True,2024-03-15,0.006958,0.007124,0.005936,0.006602,-0.05116412762288,True,71455.5,39791.3185,True,151.0,,,,,,,,,,0.0
candidate_event,2024-05-01,XVG,0.004797,0.005002,0.004391,0.004827,3342076673.0,0.004797,301.0,16132204.100571,35462868.19629,-0.0846362309776944,1.073891625615763,0.004615515,True,2024-05-02,0.004829,0.005023,0.004626,0.004941,0.0231932077034582,True,58307.6,49327.81800000001,True,153.0,,,,,,,,,,0.0
candidate_event,2025-01-08,XVG,0.0129081,0.0130646,0.0117769,0.0125272,4277398935.0,0.0129113,553.0,53583831.938532,110488830.79567184,-0.0878610209661304,0.6614069111424543,0.0060537835,True,2025-01-09,0.0125273,0.0126719,0.011229,0.0115874,-0.0750281385454169,True,95014.1,72801.88,True,176.0,,,,,,,,,,0.0
candidate_event,2025-01-13,XVG,0.0114378,0.0118241,0.0103152,0.0114796,4158252270.0,0.0114375,558.0,47735072.758692,83170728.35497485,-0.0981245901639343,1.0375122516261248,0.0062413489999999,True,2025-01-14,0.0114795,0.0126223,0.0113361,0.0121374,0.0573108584868677,True,94485.3,73616.58350000001,True,164.0,,,,,,,,,,0.0
candidate_event,2023-11-06,XVS,7.459,8.74,6.885,8.602,26174418.1,7.459,207.0,225152344.49620005,11871046.45005,-0.07695401528355,2.9912891986062733,4.633945,True,2023-11-07,8.602,8.875,6.729,7.026,-0.1832132062311091,True,35057.4,28418.949,True,93.0,2.0,2023-11-06,2023-11-07,-0.1832132062311091,-0.1842132062311091,-0.2177400604510578,0.0317368053940942,liquidity,development,1.0
candidate_event,2023-11-26,XVS,7.174,7.254,6.642,6.924,1624027.8,7.173,227.0,11244768.4872,24272079.022,-0.0740276035131743,0.5310734463276839,4.731615,True,2023-11-27,6.924,7.196,6.703,7.087,0.0235413056036972,True,37437.9,29262.283,True,120.0,2.0,2023-11-26,2023-11-27,0.0235413056036972,0.0225413056036972,-0.0319179664933564,0.0392836510687462,liquidity,development,1.0
candidate_event,2023-12-08,XVS,10.871,11.068,10.018,10.835,5217564.0,10.871,239.0,56532305.940000005,27428491.142,-0.0784656425351852,0.9577960140679956,4.934685,True,2023-12-09,10.837,11.558,10.502,11.351,0.0474301005813417,True,44209.5,30075.828,True,120.0,1.0,2023-12-08,2023-12-09,0.0474301005813417,0.0464301005813417,-0.0309126141921195,0.0665313278582633,liquidity,development,1.0
candidate_event,2024-01-06,XVS,12.431,12.568,11.504,11.998,1223604.4,12.431,268.0,14680805.591199998,22465806.13625,-0.07457163542756,0.5329018338727076,5.95186,True,2024-01-07,11.997,12.369,11.33,11.512,-0.0404267733600066,True,43956.7,32451.644,True,127.0,,,,,,,,,,0.0
candidate_event,2023-03-03,YFI,10571.0,11200.0,9717.0,10509.0,38005.252,10571.0,791.0,399397193.268,29401756.465,-0.0807870589348216,0.927400468384075,7537.97,True,2023-03-04,10509.0,10827.0,9799.0,10027.0,-0.0458654486630507,True,22342.8,19717.018,True,97.0,,,,,,,,,,0.0
candidate_event,2023-11-09,YFI,6297.0,6907.0,5712.0,6708.0,11349.259,6296.0,1042.0,76130829.372,12519644.847,-0.0927573062261754,1.7054794520547945,6174.215,True,2023-11-10,6709.0,8000.0,6634.0,7842.0,0.1688776270681173,True,36719.5,28544.534,True,102.0,,,,,,,,,,0.0
candidate_event,2023-12-04,YFI,8693.0,8945.0,7968.0,8727.0,7811.667,8693.0,1067.0,68172417.90900001,71244532.617,-0.0834004371333256,1.046896551724138,6388.285,True,2023-12-05,8726.0,8834.0,8372.0,8598.0,-0.0146688058675223,True,41993.1,29736.681,True,117.0,,,,,,,,,,0.0
candidate_event,2023-12-18,YFI,8234.0,8294.0,7620.0,8242.0,4198.363,8234.0,1081.0,34602907.846,46430130.5275,-0.0745688608209861,1.013029315960912,6530.49,True,2023-12-19,8242.0,8471.0,8124.0,8299.0,0.0069157971366173,True,42671.7,30843.7285,True,122.0,,,,,,,,,,0.0
candidate_event,2024-01-05,YFI,7713.0,7763.0,7138.0,7446.0,3011.259,7711.0,1099.0,22421834.514,26385249.824,-0.0743094280897419,0.537521815008726,6741.65,True,2024-01-06,7446.0,8412.0,7010.0,7962.0,0.0692989524576954,True,44145.4,32373.3135,True,128.0,,,,,,,,,,0.0
candidate_event,2024-01-12,YFI,8170.0,8401.0,7512.0,7847.0,3002.675,8166.0,1106.0,23561990.725,25332074.46,-0.0800881704628949,0.5122324159021406,6794.33,True,2024-01-13,7849.0,8202.0,7631.0,8072.0,0.0284112625812205,True,42788.9,32906.71400000001,True,126.0,,,,,,,,,,0.0
candidate_event,2024-01-23,YFI,7006.0,7176.0,6497.0,6879.0,3248.165,7006.0,1117.0,22344127.035,22991912.6195,-0.0726520125606623,0.75049115913556,6840.65,True,2024-01-24,6880.0,7183.0,6814.0,7022.0,0.0206395348837209,True,39890.0,33523.1895,True,124.0,,,,,,,,,,0.0
candidate_event,2024-03-08,YFI,10394.0,10419.0,9600.0,10150.0,4322.568,10393.0,1162.0,43874065.2,18831012.76,-0.0763013566823823,0.6935687263556116,7153.44,True,2024-03-09,10153.0,10560.0,10105.0,10189.0,0.0035457500246232,True,68180.2,38447.168,True,143.0,,,,,,,,,,0.0
candidate_event,2024-03-12,YFI,10460.0,10670.0,9646.0,10270.0,3941.086,10459.0,1166.0,40474953.22,25770157.9555,-0.0777320967587723,0.7675276752767528,7244.78,True,2024-03-13,10271.0,10508.0,9971.0,10333.0,0.0060364132022199,True,71503.2,39328.863000000005,True,149.0,,,,,,,,,,0.0
candidate_event,2024-03-14,YFI,10333.0,10355.0,9497.0,10005.0,3590.908,10333.0,1168.0,35927034.54,26128181.364,-0.0809058356721185,0.6076555023923444,7289.485,True,2024-03-15,10005.0,10113.0,8722.0,9660.0,-0.0344827586206896,True,71455.5,39791.3185,True,151.0,,,,,,,,,,0.0
candidate_event,2024-12-10,YFI,10494.0,11440.0,9631.0,11010.0,11864.849,10494.0,1439.0,130631987.49,33722822.8555,-0.0822374690299219,1.5979142526071843,5914.58,True,2024-12-11,11010.0,12314.0,10359.0,11535.0,0.047683923705722,True,96602.4,68395.6005,True,194.0,,,,,,,,,,0.0
candidate_event,2025-01-13,YFI,7885.0,8077.0,7250.0,7791.0,3295.017,7884.0,1473.0,25671477.447,17988412.482,-0.0804160324708269,0.8533123028391167,6349.96,True,2025-01-14,7791.0,7992.0,7665.0,7953.0,0.0207932229495571,True,94485.3,73616.58350000001,True,164.0,,,,,,,,,,0.0
candidate_event,2024-02-21,YGG,0.5355,0.5391,0.4903,0.5148,28844595.0,0.5355,200.0,14849197.506,16416489.5103,-0.0844070961718019,0.5420353982300894,0.349834,True,2024-02-22,0.5149,0.5252,0.4995,0.5111,-0.007380073800738,True,51877.8,35906.8355,True,107.0,,,,,,,,,,0.0
candidate_event,2024-03-08,YGG,0.6566,0.6732,0.5968,0.6624,56130644.0,0.6566,216.0,37180938.5856,25657284.05495,-0.091075236064575,1.0969899665551843,0.3741155,True,2024-03-09,0.6625,0.9683,0.6568,0.922,0.3916981132075472,True,68180.2,38447.168,True,143.0,,,,,,,,,,0.0
candidate_event,2024-03-10,YGG,0.922,1.2,0.8508,1.0835,803583985.0,0.922,218.0,870683247.7475,32942349.1756,-0.0772234273318872,3.268258426966289,0.3817474999999999,True,2024-03-11,1.0836,1.1243,0.9563,1.0296,-0.0498338870431892,True,69001.8,38871.6595,True,145.0,,,,,,,,,,0.0
candidate_event,2024-03-12,YGG,1.0298,1.0408,0.9314,1.0356,178332886.0,1.0296,220.0,184681536.7416,35762133.48345,-0.0953768453768454,1.0610997963340123,0.3898075,True,2024-03-13,1.0357,1.0382,0.9375,0.9558,-0.0771458916674713,True,71503.2,39328.863000000005,True,149.0,,,,,,,,,,0.0
candidate_event,2024-03-14,YGG,0.9559,0.9659,0.8619,0.929,113870417.0,0.9558,222.0,105785617.393,41530943.807,-0.0982423101067169,0.7145899893503734,0.3970469999999999,True,2024-03-15,0.9289,0.9458,0.7841,0.8792,-0.0535041446872645,True,71455.5,39791.3185,True,151.0,,,,,,,,,,0.0
candidate_event,2024-03-26,YGG,1.2878,1.4,1.1916,1.3696,269443715.0,1.2878,234.0,369030112.064,74426208.4042,-0.0747010405342445,1.8503118503118483,0.439048,True,2024-03-27,1.369,1.37,1.132,1.2048,-0.1199415631848063,True,70044.1,42228.0845,True,156.0,1.0,2024-03-26,2024-03-27,-0.1199415631848063,-0.1209415631848063,-0.1731190650109569,0.0007304601899196,liquidity,development,1.0
candidate_event,2024-04-17,YGG,0.8553,0.867,0.7761,0.8226,117428499.0,0.8553,256.0,96596683.2774,181019546.93875,-0.0925990880392844,0.5871212121212124,0.5481625,True,2024-04-18,0.8226,0.8526,0.7875,0.8409,0.0222465353756382,True,61254.5,46788.06399999999,True,155.0,,,,,,,,,,0.0
candidate_event,2024-04-19,YGG,0.8408,0.8838,0.7653,0.8622,97570394.0,0.8409,258.0,84125193.7068,181019546.93875,-0.0899036746343203,1.2817460317460316,0.55422,True,2024-04-20,0.8621,0.9709,0.847,0.9493,0.1011483586590884,True,63787.4,47146.931,True,153.0,,,,,,,,,,0.0
candidate_event,2024-06-14,YGG,0.7767,0.8096,0.72,0.7501,38011870.0,0.7767,314.0,28512703.687,42561279.43439999,-0.0730011587485515,0.5308641975308648,0.7196735000000001,True,2024-06-15,0.75,0.7662,0.7375,0.7468,-0.0042666666666666,True,66039.7,56360.26,True,128.0,,,,,,,,,,0.0
candidate_event,2024-12-02,YGG,0.6903,0.7231,0.6241,0.7186,94411676.0,0.6903,485.0,67844230.3736,34016605.215900004,-0.0959003331884688,1.427492447129909,0.5448015,True,2024-12-03,0.7186,0.7833,0.6506,0.7649,0.0644308377400502,True,95890.5,67201.125,True,182.0,,,,,,,,,,0.0
candidate_event,2024-12-03,YGG,0.7186,0.7833,0.6506,0.7649,94759990.0,0.7186,486.0,72481916.351,34650728.7325,-0.0946284441970498,1.680882352941176,0.5442085,True,2024-12-04,0.7651,0.8592,0.7551,0.8057,0.0530649588289111,True,95913.3,67345.7915,True,183.0,,,,,,,,,,0.0
candidate_event,2021-11-17,ZEC,165.76,167.93,152.97,159.39,790685.773,165.76,320.0,126027405.35847,95383674.964975,-0.0771597490347489,0.5019546520719306,147.93965,True,2021-11-18,159.4,162.34,141.24,148.2,-0.0702634880803012,True,60366.96,45950.50845,True,71.0,2.0,2021-11-17,2021-11-18,-0.0702634880803012,-0.0712634880803012,-0.113927227101631,0.0184441656210789,liquidity,development,1.0
candidate_event,2021-12-02,ZEC,229.94,230.2,213.25,225.51,691660.89,229.87,335.0,155976447.3039,162716801.53592998,-0.0723017357636925,0.7376654632972315,143.27105,True,2021-12-03,225.51,238.21,197.06,206.27,-0.0853177242694336,True,56513.57,46186.06020000001,True,73.0,,,,,,,,,,0.0
candidate_event,2021-12-05,ZEC,187.68,194.46,169.2,182.54,1434135.813,187.54,338.0,261787151.30502,193596434.67399505,-0.0977924709395329,0.727371864776445,142.96665000000002,True,2021-12-06,182.55,184.76,160.46,179.8,-0.0150643659271432,True,49376.6,46330.99225,True,73.0,2.0,2021-12-05,2021-12-06,-0.0150643659271432,-0.0160643659271432,-0.121007943029307,0.0121062722541769,liquidity,development,1.0
candidate_event,2023-12-18,ZEC,29.8,29.95,27.4,28.96,922226.714,29.79,1081.0,26707685.637440003,15207379.124175,-0.0802282645182947,0.6527196652719673,28.19795,True,2023-12-19,28.96,29.65,27.47,27.91,-0.0362569060773481,True,42671.7,30843.7285,True,122.0,,,,,,,,,,0.0
candidate_event,2024-03-11,ZEC,33.78,35.21,31.3,34.92,1395343.323,33.79,1165.0,48725388.83916,37327214.27268,-0.0736904409588635,1.453815261044178,26.7846,True,2024-03-12,34.92,35.2,31.15,34.22,-0.0200458190148912,True,72153.8,39101.605500000005,True,147.0,,,,,,,,,,0.0
candidate_event,2024-03-14,ZEC,34.91,35.6,31.85,34.13,1264474.206,34.9,1168.0,43156504.65078,42511252.00634,-0.0873925501432664,0.7475409836065584,26.9261,True,2024-03-15,34.14,35.18,29.04,31.53,-0.0764499121265377,True,71455.5,39791.3185,True,151.0,,,,,,,,,,0.0
candidate_event,2024-08-01,ZEC,33.48,33.55,30.53,32.41,2391636.563,33.47,1308.0,77512941.00682999,39072700.05844,-0.0878398565879892,0.6394557823129241,25.3408,True,2024-08-02,32.41,34.44,29.3,32.64,0.0070965751311324,True,65328.9,61217.863000000005,True,112.0,,,,,,,,,,0.0
candidate_event,2024-08-02,ZEC,32.41,34.44,29.3,32.64,4170430.961,32.41,1309.0,136122866.56704,40935738.53847,-0.0959580376427027,1.073954983922831,25.38585,True,2024-08-03,32.64,34.79,31.58,31.76,-0.0269607843137255,True,61483.7,61312.7065,True,113.0,1.0,2024-08-02,2024-08-03,-0.0269607843137255,-0.0279607843137255,-0.0324754901960785,0.0658700980392157,liquidity,development,1.0
candidate_event,2024-10-25,ZEC,37.17,37.94,34.08,35.98,502090.02,37.17,1393.0,18065198.9196,17901036.64694,-0.0831315577078289,0.6148867313915847,28.31145,True,2024-10-26,35.98,36.67,34.46,34.56,-0.0394663702056696,True,66662.8,63276.266,True,115.0,2.0,2024-10-25,2024-10-26,-0.0394663702056696,-0.0404663702056696,-0.0422456920511393,0.0191773207337411,liquidity,development,1.0
candidate_event,2024-11-26,ZEC,47.85,52.88,43.87,51.26,972878.936,47.85,1425.0,49869774.25936,37879760.839674994,-0.0831765935214211,1.8567839195979885,31.3743,True,2024-11-27,51.26,58.65,50.23,56.52,0.1026141240733515,True,92021.4,66197.9955,True,164.0,,,,,,,,,,0.0
candidate_event,2024-12-03,ZEC,74.74,79.43,68.41,73.28,2045259.287,74.72,1432.0,149876600.55136,39984068.56574,-0.084448608137045,0.771790808240888,32.7491,True,2024-12-04,73.3,76.96,68.57,69.67,-0.0495225102319235,True,95913.3,67345.7915,True,183.0,,,,,,,,,,0.0
candidate_event,2024-12-10,ZEC,58.5,60.38,53.52,58.73,1079185.045,58.51,1439.0,63380537.69284999,49558406.207805,-0.085284566740728,1.0440881763527052,34.24294999999999,True,2024-12-11,58.73,64.77,56.4,63.68,0.0842840115784098,True,96602.4,68395.6005,True,194.0,,,,,,,,,,0.0
candidate_event,2025-01-08,ZEC,52.22,53.38,47.34,50.21,611827.868,52.22,1468.0,30719877.25228,42232138.07303,-0.0934507851397931,0.5881147540983607,39.3021,True,2025-01-09,50.21,50.95,43.26,46.97,-0.0645289782911771,True,95014.1,72801.88,True,176.0,,,,,,,,,,0.0
candidate_event,2025-01-13,ZEC,47.99,49.21,43.86,48.4,491560.376,47.99,1473.0,23791522.1984,34643467.182845,-0.0860595957491144,1.099273607748183,40.00125,True,2025-01-14,48.4,51.56,48.15,51.09,0.0555785123966943,True,94485.3,73616.58350000001,True,164.0,,,,,,,,,,0.0
candidate_event,2025-01-27,ZEC,44.78,45.29,40.65,43.14,381083.934,44.77,1487.0,16439960.91276,23509324.2191,-0.0920259102077284,0.6043689320388348,41.99345,True,2025-01-28,43.13,44.85,41.27,41.69,-0.0333874333410619,True,102021.3,76666.3335,True,153.0,,,,,,,,,,0.0
candidate_event,2025-10-05,ZEC,156.83,175.5,143.63,165.26,3282489.327,156.82,1738.0,542464186.18002,13753735.2615,-0.0841091697487564,1.6398786959818044,44.5099,True,2025-10-06,165.26,177.64,154.45,155.94,-0.0563959820888296,True,123426.7,105633.339,True,132.0,1.0,2025-10-05,2025-10-06,-0.0563959820888296,-0.0573959820888296,-0.065412077937795,0.074912259469926,liquidity,development,1.0
candidate_event,2025-10-09,ZEC,177.68,217.99,162.83,212.63,4943582.935,177.64,1742.0,1051154039.46905,18631535.8798,-0.0833708624183741,3.3625928426738736,47.24385,True,2025-10-10,212.65,280.26,147.34,225.33,0.0596284975311545,True,121579.3,106396.583,True,135.0,2.0,2025-10-09,2025-10-10,0.0596284975311545,0.0586284975311545,-0.3071243827886197,0.3179402774512108,liquidity,development,1.0
candidate_event,2025-10-11,ZEC,225.33,298.43,207.63,290.6,5341911.337,225.33,1744.0,1552359434.5322,23322448.97293,-0.0785514578618027,4.6875706214689234,49.4795,True,2025-10-12,290.6,296.25,245.5,260.38,-0.1039917412250517,True,110579.1,106638.887,True,138.0,1.0,2025-10-11,2025-10-12,-0.1039917412250517,-0.1049917412250517,-0.1551961459050241,0.0194425326909841,liquidity,development,1.0
candidate_event,2025-10-13,ZEC,260.38,288.26,235.2,249.18,2637083.687,260.38,1746.0,657108513.12666,44992477.04491,-0.0967048160380982,0.5552025416997622,51.64655,True,2025-10-14,249.18,264.85,217.62,247.66,-0.0061000080263263,True,115111.9,106918.5935,True,140.0,1.0,2025-10-13,2025-10-14,-0.0061000080263263,-0.0071000080263263,-0.126655429809776,0.0628862669556145,liquidity,development,1.0
candidate_event,2025-10-21,ZEC,268.43,311.36,245.13,262.82,3696108.899,268.48,1754.0,971411340.83518,531539082.60645,-0.0869710965435042,0.7576017130620977,59.54925,True,2025-10-22,262.82,282.0,226.1,238.37,-0.0930294498135605,True,108253.7,107949.161,True,145.0,1.0,2025-10-21,2025-10-22,-0.0930294498135605,-0.0940294498135605,-0.1397153945666235,0.0729777033711285,liquidity,development,1.0
candidate_event,2021-08-24,ZEN,79.854,82.717,74.129,80.03,747101.9,79.834,235.0,59790565.057,33285647.72285,-0.0714607811208256,1.0343558282208585,75.34688499999999,True,2021-08-25,80.04,91.858,79.485,84.524,0.0560219890054971,True,47719.36,45949.5095,True,69.0,1.0,2021-08-24,2021-08-25,0.0560219890054971,0.0550219890054971,-0.0069340329835083,0.1476511744127935,liquidity,development,1.0
candidate_event,2021-11-01,ZEN,88.033,89.971,81.639,86.872,1564211.4,88.033,304.0,135886172.7408,41902999.0113,-0.0726318539638545,0.8184235220519236,84.29856,True,2021-11-02,86.826,91.32,84.87,85.431,-0.0160666159906018,True,60942.87,45262.003500000006,True,70.0,,,,,,,,,,0.0
candidate_event,2021-11-25,ZEN,126.882,133.789,117.383,133.026,950467.4,126.88,328.0,126436876.35240002,70934892.3024,-0.0748502522068096,1.647151732125936,81.412765,True,2021-11-26,133.029,138.366,103.11,104.676,-0.2131339783054822,True,58988.21,45989.27885,True,73.0,,,,,,,,,,0.0
candidate_event,2021-11-28,ZEN,107.187,110.607,96.759,107.359,736004.0,107.187,331.0,79016653.43599999,87297402.69510001,-0.0972879173780402,1.0164940544687378,80.97103999999999,True,2021-11-29,107.346,117.451,105.38,116.96,0.0895608592774763,True,57315.73,46007.4503,True,73.0,,,,,,,,,,0.0
candidate_event,2023-12-18,ZEN,9.802,9.897,8.834,9.446,1728476.2,9.803,1081.0,16327186.185199998,10010898.3005,-0.0988472916454148,0.6315789473684204,8.48522,True,2023-12-19,9.447,9.686,9.015,9.116,-0.0350375780671111,True,42671.7,30843.7285,True,122.0,,,,,,,,,,0.0
candidate_event,2023-12-26,ZEN,10.868,11.551,10.01,11.12,2482899.0,10.865,1089.0,27609836.88,11343882.7494,-0.0786930510814543,1.2982456140350864,8.58943,True,2023-12-27,11.123,11.762,10.48,11.303,0.0161826845275556,True,42538.5,31509.655999999995,True,127.0,,,,,,,,,,0.0
candidate_event,2024-03-08,ZEN,12.411,13.593,11.443,13.197,3290768.2,12.415,1162.0,43428267.9354,22241924.60825,-0.0782923882400321,1.8045267489711936,9.02793,True,2024-03-09,13.196,13.76,12.79,12.929,-0.0202334040618369,True,68180.2,38447.168,True,143.0,,,,,,,,,,0.0
candidate_event,2024-03-11,ZEN,12.624,13.892,11.617,13.571,1934595.6,12.623,1165.0,26254396.8876,23532429.6628,-0.0796957933930125,1.942345924453282,9.11431,True,2024-03-12,13.57,15.564,13.093,15.38,0.1333824613117171,True,72153.8,39101.605500000005,True,147.0,,,,,,,,,,0.0
candidate_event,2024-03-14,ZEN,17.281,17.506,16.01,17.152,3084686.7,17.281,1168.0,52908546.2784,26295317.8737,-0.073548984433771,0.8985051140834004,9.25814,True,2024-03-15,17.154,17.312,14.94,16.292,-0.0502506703975748,True,71455.5,39791.3185,True,151.0,,,,,,,,,,0.0
candidate_event,2024-04-05,ZEN,13.038,13.041,12.111,12.591,1037986.5,13.04,1190.0,13069288.0215,24387136.722950004,-0.0712423312883434,0.5166846071044128,9.994625,True,2024-04-06,12.591,12.961,12.479,12.77,0.0142165038519577,True,67825.7,44362.851,True,154.0,,,,,,,,,,0.0
candidate_event,2024-04-10,ZEN,11.676,11.764,10.846,11.544,1192520.1,11.675,1195.0,13766452.0344,22456261.79665,-0.0710064239828693,0.8419782870928828,10.113655,True,2024-04-11,11.543,11.7,11.158,11.267,-0.0239105951659014,True,70681.7,45441.989,True,154.0,,,,,,,,,,0.0
candidate_event,2024-07-25,ZEN,11.464,11.763,10.433,11.438,5105554.5,11.463,1301.0,58397332.37100001,70100865.8782,-0.0898543138794381,0.9757281553398072,9.81351,True,2024-07-26,11.437,11.81,10.813,11.243,-0.0169624901635043,True,65773.0,60451.092,True,109.0,,,,,,,,,,0.0
candidate_event,2024-11-26,ZEN,12.04,12.623,11.146,11.938,2418984.3,12.045,1425.0,28877834.5734,13211227.5807,-0.0746367787463677,0.8809788654060073,8.542085,True,2024-11-27,11.937,16.27,11.79,16.259,0.3620675211527184,True,92021.4,66197.9955,True,164.0,,,,,,,,,,0.0
candidate_event,2024-12-02,ZEN,17.695,18.896,16.116,17.648,4632943.3,17.703,1431.0,81762183.3584,18918168.28195,-0.0896458227419081,0.9653434152488974,8.782245,True,2024-12-03,17.644,18.641,15.632,17.123,-0.0295284515982768,True,95890.5,67201.125,True,182.0,,,,,,,,,,0.0
candidate_event,2024-12-18,ZEN,14.541,15.571,13.521,14.435,3069212.7,14.542,1447.0,44304085.3245,42755858.1002,-0.0702104249759316,0.8952007835455441,9.28592,True,2024-12-19,14.436,16.789,14.213,15.82,0.0958714325297867,True,100181.1,69762.51449999999,True,198.0,1.0,2024-12-18,2024-12-19,0.0958714325297867,0.0948714325297866,-0.0154474923801607,0.162995289553893,liquidity,development,1.0
candidate_event,2024-12-28,ZEN,29.673,31.482,27.339,30.636,16969830.1,29.669,1457.0,519887714.94360006,55003579.0695,-0.0785331490781624,1.415021459227467,10.387535,True,2024-12-29,30.637,34.498,28.925,29.711,-0.030224891471097,True,95259.1,71118.917,True,198.0,1.0,2024-12-28,2024-12-29,-0.030224891471097,-0.031224891471097,-0.0558801449228058,0.1260240885204164,liquidity,development,1.0
candidate_event,2025-01-08,ZEN,24.03,24.191,21.962,23.144,9253988.2,24.029,1468.0,214174302.9008,173196428.50685,-0.0860210578883848,0.5718432510885334,11.549235,True,2025-01-09,23.151,24.384,22.058,23.717,0.0244481879832403,True,95014.1,72801.88,True,176.0,,,,,,,,,,0.0
candidate_event,2025-01-20,ZEN,22.846,24.495,21.084,22.289,7035355.4,22.857,1480.0,156811036.51060003,214031891.0416,-0.0775692348077174,0.6796390298928382,12.640465,True,2025-01-21,22.285,23.319,20.9,22.436,0.0067758582005832,True,102247.6,75029.578,True,160.0,2.0,2025-01-20,2025-01-21,0.0067758582005832,0.0057758582005832,-0.0621494278662778,0.0463989230424051,liquidity,development,1.0
candidate_event,2025-01-27,ZEN,18.511,19.164,17.054,18.904,5144273.9,18.514,1487.0,97247353.8056,162513210.75599998,-0.0788592416549638,1.267123287671233,13.02464,True,2025-01-28,18.905,19.25,17.225,17.34,-0.0827823327162127,True,102021.3,76666.3335,True,153.0,,,,,,,,,,0.0
candidate_event,2025-10-21,ZEN,12.419,13.729,11.414,12.018,11846568.9,12.419,1754.0,142372065.04020002,68134776.454,-0.0809243900475079,0.6009950248756224,8.66991,True,2025-10-22,12.018,12.452,10.759,10.958,-0.0882010317856548,True,108253.7,107949.161,True,145.0,2.0,2025-10-21,2025-10-22,-0.0882010317856548,-0.0892010317856548,-0.1047595273756032,0.0361124979197868,liquidity,development,1.0
candidate_event,2021-09-06,ZIL,0.13289,0.13508,0.12223,0.13096,528281420.0,0.1329,248.0,69183734.7632,49017009.152045,-0.0802859292701277,0.8181818181818182,0.1302326,True,2021-09-07,0.13094,0.13124,0.08439,0.10187,-0.2220100809531082,True,52683.97,46105.71445,True,69.0,,,,,,,,,,0.0
candidate_event,2021-11-01,ZIL,0.11253,0.11303,0.104,0.11266,577546093.0,0.11249,304.0,65066342.83738,45159510.633645,-0.0754733754111477,1.0200235571260294,0.1123792,True,2021-11-02,0.11264,0.11684,0.11001,0.11472,0.0184659090909091,True,60942.87,45262.003500000006,True,70.0,,,,,,,,,,0.0
candidate_event,2023-02-22,ZIL,0.03508,0.03635,0.03258,0.03529,3797547989.0,0.03508,782.0,134015468.53181,63983450.174265,-0.0712656784492589,1.0840000000000007,0.0287915999999999,True,2023-02-23,0.03529,0.03695,0.03452,0.03538,0.0025502975347124,True,24171.3,19743.7235,True,99.0,,,,,,,,,,0.0
candidate_event,2023-04-26,ZIL,0.03018,0.03126,0.02732,0.02902,5093416503.0,0.03018,845.0,147810946.91706002,29864727.65932,-0.0947647448641484,0.5944055944055948,0.02650625,True,2023-04-27,0.02901,0.0298,0.02842,0.0292,0.0065494657014821,True,28395.9,21540.7145,True,98.0,,,,,,,,,,0.0
candidate_event,2023-11-14,ZIL,0.02181,0.02197,0.02,0.02099,1175919551.0,0.02181,1047.0,24682551.37549,16650522.571795,-0.0829894543787252,0.5469613259668518,0.0198108,True,2023-11-15,0.02098,0.02216,0.02071,0.02206,0.0514775977121069,True,35559.0,28747.954500000003,True,115.0,,,,,,,,,,0.0
candidate_event,2023-12-18,ZIL,0.0231,0.02322,0.02129,0.02259,1379015720.0,0.02311,1081.0,31151965.1148,23873651.7331,-0.078753786239723,0.7142857142857143,0.0194387,True,2023-12-19,0.02259,0.02345,0.02238,0.02249,-0.0044267374944665,True,42671.7,30843.7285,True,122.0,,,,,,,,,,0.0
candidate_event,2023-12-26,ZIL,0.02671,0.02761,0.02456,0.02748,1759183842.0,0.02672,1089.0,48342371.97816,26298874.81669,-0.0808383233532934,1.3518518518518516,0.01956505,True,2023-12-27,0.02748,0.02769,0.02625,0.02715,-0.0120087336244542,True,42538.5,31509.655999999995,True,127.0,,,,,,,,,,0.0
candidate_event,2024-01-05,ZIL,0.02375,0.02393,0.02177,0.02289,1021876619.0,0.02375,1099.0,23390755.80891,26962795.161375,-0.0833684210526315,0.5656565656565656,0.0199434,True,2024-01-06,0.02289,0.02291,0.02158,0.02265,-0.0104849279161206,True,44145.4,32373.3135,True,128.0,,,,,,,,,,0.0
candidate_event,2024-01-08,ZIL,0.02114,0.02214,0.01921,0.02205,1660102531.0,0.02113,1102.0,36605260.80855,24071581.022505,-0.0908660672030288,1.4791666666666674,0.01999185,True,2024-01-09,0.02205,0.02209,0.02021,0.02085,-0.0544217687074829,True,46972.7,32606.7745,True,126.0,,,,,,,,,,0.0
candidate_event,2024-02-28,ZIL,0.02624,0.02933,0.02373,0.02735,3539556743.0,0.02624,1153.0,96806876.92105,12438359.5486,-0.0956554878048779,1.4422310756972114,0.02023295,True,2024-02-29,0.02736,0.02945,0.02683,0.02781,0.0164473684210526,True,62487.9,36775.033,True,124.0,,,,,,,,,,0.0
candidate_event,2024-03-07,ZIL,0.03675,0.03685,0.03377,0.03543,2344704377.0,0.03676,1161.0,83072876.07711,24126041.229225,-0.0813384113166485,0.5551839464882949,0.02077915,True,2024-03-08,0.03544,0.03586,0.03278,0.0349,-0.015237020316027,True,66870.0,38236.844,True,143.0,2.0,2024-03-07,2024-03-08,-0.015237020316027,-0.016237020316027,-0.0750564334085779,0.0118510158013545,liquidity,development,1.0
candidate_event,2024-03-08,ZIL,0.03544,0.03586,0.03278,0.0349,2005524117.0,0.03543,1162.0,69992791.6833,25315684.431050003,-0.0747953711543891,0.7999999999999995,0.0208705,True,2024-03-09,0.0349,0.03606,0.03452,0.03522,0.0091690544412608,True,68180.2,38447.168,True,143.0,,,,,,,,,,0.0
candidate_event,2024-03-11,ZIL,0.03609,0.03821,0.03339,0.03788,1940088115.0,0.03608,1165.0,73490537.79619999,35203377.88558,-0.0745565410199555,1.6691449814126385,0.0211645,True,2024-03-12,0.03789,0.03833,0.034,0.03769,-0.0052784375824755,True,72153.8,39101.605500000005,True,147.0,,,,,,,,,,0.0
candidate_event,2024-03-14,ZIL,0.04054,0.0415,0.03671,0.03943,2337047118.0,0.04054,1168.0,92149767.86274,44028293.304285005,-0.0944745929945732,0.7101827676240209,0.0215024,True,2024-03-15,0.03943,0.04106,0.03341,0.03696,-0.0626426578747146,True,71455.5,39791.3185,True,151.0,,,,,,,,,,0.0
candidate_event,2024-03-17,ZIL,0.03293,0.03448,0.03059,0.03398,1466136392.0,0.03293,1171.0,49819314.60016,51617892.922235,-0.0710598238688127,1.4487179487179491,0.02176625,True,2024-03-18,0.03397,0.03441,0.03107,0.03181,-0.0635855166323227,True,68447.9,40402.589,True,154.0,,,,,,,,,,0.0
candidate_event,2024-04-15,ZIL,0.0251,0.02638,0.02323,0.02424,1500999868.0,0.0251,1200.0,36384236.80032,34630970.735055,-0.0745019920318724,0.540106951871658,0.02417285,True,2024-04-16,0.02423,0.02477,0.02297,0.02422,-0.0004127115146513,True,63392.7,46432.1755,True,154.0,,,,,,,,,,0.0
candidate_event,2024-04-19,ZIL,0.0243,0.0254,0.02239,0.02475,1173746189.0,0.0243,1204.0,29050218.177750003,33541474.872175,-0.0786008230452673,1.2356020942408392,0.0243058499999999,True,2024-04-20,0.02476,0.0266,0.02443,0.02635,0.06421647819063,True,63787.4,47146.931,True,153.0,,,,,,,,,,0.0
candidate_event,2024-11-24,ZIL,0.02441,0.02668,0.02261,0.0248,2368657044.0,0.02441,1423.0,58742694.6912,13774825.393125,-0.0737402703809914,1.2166666666666657,0.01690645,True,2024-11-25,0.0248,0.02578,0.02288,0.02346,-0.054032258064516,True,97960.4,65891.7095,True,149.0,,,,,,,,,,0.0
candidate_event,2024-12-04,ZIL,0.03533,0.0361,0.03223,0.03393,2192911729.0,0.03535,1433.0,74405494.96497001,31359793.80123,-0.0882602545968882,0.5448717948717953,0.01714675,True,2024-12-05,0.03393,0.03635,0.03222,0.03527,0.0394930739758325,True,98669.8,67504.716,True,187.0,,,,,,,,,,0.0
candidate_event,2024-12-06,ZIL,0.03527,0.03659,0.03272,0.03597,2001286747.0,0.03527,1435.0,71986284.28959,31887247.425800003,-0.0722994045931387,1.274509803921568,0.01726685,True,2024-12-07,0.03598,0.03748,0.0344,0.03508,-0.0250138966092272,True,99802.5,67800.2065,True,191.0,,,,,,,,,,0.0
candidate_event,2025-01-08,ZIL,0.02137,0.02181,0.01984,0.02093,1250959954.0,0.02136,1468.0,26182591.83722,20964450.766465,-0.0711610486891386,0.7171052631578949,0.0176472,True,2025-01-09,0.02092,0.02171,0.02042,0.02145,0.0253346080305927,True,95014.1,72801.88,True,176.0,,,,,,,,,,0.0
candidate_event,2025-01-27,ZIL,0.01912,0.01928,0.01738,0.01888,1234940479.0,0.01913,1487.0,23315676.243520003,15322382.70378,-0.0914793518034501,0.8571428571428571,0.0180596,True,2025-01-28,0.01887,0.01908,0.01765,0.01779,-0.0572337042925278,True,102021.3,76666.3335,True,153.0,,,,,,,,,,0.0
candidate_event,2021-11-01,ZRX,1.189,1.2961,1.1043,1.2419,109992770.1,1.1889,304.0,136600021.18719,24319925.68549,-0.0711582134746404,1.6264775413711576,1.060473,True,2021-11-02,1.2415,1.448,1.2302,1.3162,0.0601691502215062,True,60942.87,45262.003500000006,True,70.0,,,,,,,,,,0.0
candidate_event,2021-11-04,ZRX,1.2396,1.2715,1.151,1.1957,29613896.1,1.239,307.0,35409335.56677,25167097.746990003,-0.0710250201775626,0.5079545454545445,1.0498265,True,2021-11-05,1.1956,1.2384,1.1615,1.1925,-0.0025928404148545,True,61431.86,45311.9542,True,70.0,2.0,2021-11-04,2021-11-05,-0.0025928404148545,-0.0035928404148545,-0.0285212445633991,0.0357979257276681,liquidity,development,1.0
candidate_event,2023-04-26,ZRX,0.2628,0.274,0.2442,0.2576,101293245.6,0.2628,845.0,26093140.06656,33662969.165275,-0.0707762557077624,0.7204301075268823,0.2258065,True,2023-04-27,0.2577,0.27,0.2563,0.266,0.0322079937912302,True,28395.9,21540.7145,True,98.0,,,,,,,,,,0.0
candidate_event,2023-11-01,ZRX,0.2807,0.2873,0.2601,0.2748,323175495.2,0.2808,1034.0,88808626.08095999,67311933.633565,-0.0737179487179486,0.7101449275362316,0.209976,True,2023-11-02,0.2748,0.2758,0.2512,0.2599,-0.0542212518195049,True,35437.4,28280.470500000003,True,90.0,1.0,2023-11-01,2023-11-02,-0.0542212518195049,-0.0552212518195049,-0.0858806404657933,0.0036390101892285,liquidity,development,1.0
candidate_event,2023-12-18,ZRX,0.3728,0.376,0.3418,0.3686,60210854.5,0.3728,1081.0,22193720.9687,42570386.01633,-0.0831545064377683,0.8645161290322569,0.244885,True,2023-12-19,0.3685,0.3757,0.3608,0.3677,-0.0021709633649931,True,42671.7,30843.7285,True,122.0,,,,,,,,,,0.0
candidate_event,2024-01-06,ZRX,0.3359,0.336,0.3074,0.3298,45445069.1,0.3358,1100.0,14987783.78918,22262909.64316,-0.084574151280524,0.7887323943661968,0.26131,True,2024-01-07,0.3297,0.3371,0.3051,0.3092,-0.062177737336973,True,43956.7,32451.644,True,127.0,,,,,,,,,,0.0
candidate_event,2024-01-08,ZRX,0.3094,0.3245,0.283,0.3237,63153994.6,0.3092,1102.0,20442948.05202,20567824.1742,-0.0847347994825356,1.5534351145038172,0.262549,True,2024-01-09,0.3236,0.3303,0.2965,0.3241,0.0015451174289244,True,46972.7,32606.7745,True,126.0,,,,,,,,,,0.0
candidate_event,2024-01-09,ZRX,0.3236,0.3303,0.2965,0.3241,131987850.0,0.3237,1103.0,42777262.185,20142323.72361,-0.0840284213778189,1.0147058823529416,0.2631605,True,2024-01-10,0.3241,0.3414,0.3028,0.3349,0.0333230484418389,True,46114.0,32683.9775,True,125.0,,,,,,,,,,0.0
candidate_event,2024-01-23,ZRX,0.2996,0.3059,0.2781,0.2947,44134577.2,0.2996,1117.0,13006459.90084,18798479.69139,-0.0717623497997328,0.7720930232558154,0.271341,True,2024-01-24,0.2947,0.3039,0.2894,0.3033,0.029182219205972,True,39890.0,33523.1895,True,124.0,,,,,,,,,,0.0
candidate_event,2024-02-21,ZRX,0.3687,0.3696,0.3336,0.352,80907931.3,0.3686,1146.0,28479591.8176,14716518.27471,-0.0949538795442213,0.5257142857142852,0.288656,True,2024-02-22,0.352,0.363,0.3419,0.3527,0.0019886363636365,True,51877.8,35906.8355,True,107.0,,,,,,,,,,0.0
candidate_event,2024-03-19,ZRX,1.1823,1.2541,1.0923,1.139,259963379.1,1.1823,1173.0,296098288.7949,50316046.544835,-0.0761228114691701,0.5188888888888893,0.355909,True,2024-03-20,1.1389,1.2945,1.1091,1.2055,0.0584774782685046,True,61974.1,40792.1415,True,154.0,,,,,,,,,,0.0
candidate_event,2024-04-10,ZRX,0.6816,0.6855,0.6292,0.6624,84519142.3,0.6815,1195.0,55985479.85952,174697507.85301,-0.0767424798239178,0.6347992351816444,0.427008,True,2024-04-11,0.6624,0.6641,0.6351,0.6396,-0.0344202898550725,True,70681.7,45441.989,True,154.0,,,,,,,,,,0.0
candidate_event,2024-04-15,ZRX,0.5007,0.5279,0.4633,0.4822,129047701.3,0.5007,1200.0,62226801.56686,116569948.461235,-0.0746954264030358,0.5053475935828878,0.435536,True,2024-04-16,0.4823,0.4967,0.4575,0.493,0.0221853618080032,True,63392.7,46432.1755,True,154.0,,,,,,,,,,0.0
candidate_event,2024-04-19,ZRX,0.5052,0.542,0.4652,0.5203,114861143.0,0.5052,1204.0,59762252.7029,96880339.31427,-0.0791765637371337,1.3775000000000002,0.441705,True,2024-04-20,0.5202,0.5552,0.5113,0.5514,0.0599769319492502,True,63787.4,47146.931,True,153.0,,,,,,,,,,0.0
candidate_event,2024-04-27,ZRX,0.5073,0.5164,0.4674,0.5064,48814833.4,0.5072,1212.0,24719831.63376,57873866.28121,-0.0784700315457412,0.9798994974874368,0.455495,True,2024-04-28,0.5064,0.5213,0.4948,0.4991,-0.0144154818325433,True,63421.0,48634.8435,True,153.0,2.0,2024-04-27,2024-04-28,-0.0144154818325433,-0.0154154818325433,-0.022906793048973,0.0294233807266983,liquidity,development,1.0
candidate_event,2024-05-01,ZRX,0.4623,0.4696,0.4238,0.4641,66136496.6,0.4624,1216.0,30693948.07206,49991322.58723,-0.0834775086505189,1.0440414507772031,0.46114,True,2024-05-02,0.4641,0.4768,0.4482,0.4727,0.0185304891187243,True,58307.6,49327.81800000001,True,153.0,,,,,,,,,,0.0
btc_daily,2021-01-01,BTC,28948.19,29668.86,28627.12,29337.16,210716.398,,,,,,,,,,,,,,,,,,,,,,,,,,,,,
btc_daily,2021-01-02,BTC,29337.15,33480.0,28958.24,32199.91,545541.08,,,,,,,,,,,,,,,,,,,,,,,,,,,,,
btc_daily,2021-01-03,BTC,32198.41,34832.25,32000.02,33054.53,487486.989,,,,,,,,,,,,,,,,,,,,,,,,,,,,,
btc_daily,2021-01-04,BTC,33053.93,33653.56,27800.0,32031.07,506128.023,,,,,,,,,,,,,,,,,,,,,,,,,,,,,
btc_daily,2021-01-05,BTC,32029.55,34500.0,29900.0,33999.52,433720.833,,,,,,,,,,,,,,,,,,,,,,,,,,,,,
btc_daily,2021-01-06,BTC,33999.51,37037.51,33356.46,36823.68,444019.83,,,,,,,,,,,,,,,,,,,,,,,,,,,,,
btc_daily,2021-01-07,BTC,36825.77,40565.62,36337.36,39498.92,520147.908,,,,,,,,,,,,,,,,,,,,,,,,,,,,,
btc_daily,2021-01-08,BTC,39498.32,42125.51,36539.77,40637.23,518080.826,,,,,,,,,,,,,,,,,,,,,,,,,,,,,
btc_daily,2021-01-09,BTC,40638.91,41539.88,38733.28,40136.04,260882.805,,,,,,,,,,,,,,,,,,,,,,,,,,,,,
btc_daily,2021-01-10,BTC,40136.05,41412.12,35268.0,38221.67,436759.048,,,,,,,,,,,,,,,,,,,,,,,,,,,,,
btc_daily,2021-01-11,BTC,38200.01,38322.18,30448.0,35408.46,906275.651,,,,,,,,,,,,,,,,,,,,,,,,,,,,,
btc_daily,2021-01-12,BTC,35406.92,36693.44,32600.0,34056.9,449065.693,,,,,,,,,,,,,,,,,,,,,,,,,,,,,
btc_daily,2021-01-13,BTC,34065.53,37880.0,32420.0,37421.07,398188.088,,,,,,,,,,,,,,,,,,,,,,,,,,,,,
btc_daily,2021-01-14,BTC,37416.34,40189.39,36764.33,39163.31,353142.386,,,,,,,,,,,,,,,,,,,,,,,,,,,,,
btc_daily,2021-01-15,BTC,39163.31,39790.0,34478.0,36755.24,437610.113,,,,,,,,,,,,,,,,,,,,,,,,,,,,,
btc_daily,2021-01-16,BTC,36755.25,38000.0,35366.0,36025.66,301102.477,,,,,,,,,,,,,,,,,,,,,,,,,,,,,
btc_daily,2021-01-17,BTC,36025.65,36898.0,33863.5,35869.83,287686.129,,,,,,,,,,,,,,,,,,,,,,,,,,,,,
btc_daily,2021-01-18,BTC,35875.72,37547.94,34808.47,36686.86,253386.703,,,,,,,,,,,,,,,,,,,,,,,,,,,,,
btc_daily,2021-01-19,BTC,36690.0,37961.0,35850.0,35891.03,257889.419,,,,,,,,,,,,,,,,,,,,,,,,,,,,,
btc_daily,2021-01-20,BTC,35891.74,36461.44,33403.0,35500.0,329192.419,,,,,,,,,,,,,,,,,,,,,,,,,,,,,
btc_daily,2021-01-21,BTC,35499.23,35636.17,30069.9,30879.97,550562.277,,,,,,,,,,,,,,,,,,,,,,,,,,,,,
btc_daily,2021-01-22,BTC,30875.77,33831.52,28880.0,32986.34,453568.538,,,,,,,,,,,,,,,,,,,,,,,,,,,,,
btc_daily,2021-01-23,BTC,32990.08,33495.0,31405.0,32086.48,256776.411,,,,,,,,,,,,,,,,,,,,,,,,,,,,,
btc_daily,2021-01-24,BTC,32086.48,33125.75,30914.2,32275.63,212107.044,,,,,,,,,,,,,,,,,,,,,,,,,,,,,
btc_daily,2021-01-25,BTC,32274.88,34880.0,31921.47,32253.68,316687.524,,,,,,,,,,,,,,,,,,,,,,,,,,,,,
btc_daily,2021-01-26,BTC,32253.68,32950.0,30810.0,32474.14,346861.707,,,,,,,,,,,,,,,,,,,,,,,,,,,,,
btc_daily,2021-01-27,BTC,32474.81,32562.2,29240.0,30381.04,431022.839,,,,,,,,,,,,,,,,,,,,,,,,,,,,,
btc_daily,2021-01-28,BTC,30382.96,33778.95,29843.33,33399.75,311528.373,,,,,,,,,,,,,,,,,,,,,,,,,,,,,
btc_daily,2021-01-29,BTC,33399.99,38641.1,31960.0,34269.35,713579.785,,,,,,,,,,,,,,,,,,,,,,,,,,,,,
btc_daily,2021-01-30,BTC,34267.04,34988.88,32849.06,34289.85,267861.872,,,,,,,,,,,,,,,,,,,,,,,,,,,,,
btc_daily,2021-01-31,BTC,34284.76,34393.22,32193.04,33126.21,211293.891,,,,,,,,,,,,,,,,,,,,,,,,,,,,,
btc_daily,2021-02-01,BTC,33125.11,34720.0,32322.47,33546.09,240632.325,,,,,,,,,,,,,,,,,,,,,,,,,,,,,
btc_daily,2021-02-02,BTC,33546.08,36041.0,33450.0,35504.06,239856.23,,,,,,,,,,,,,,,,,,,,,,,,,,,,,
btc_daily,2021-02-03,BTC,35504.07,37700.0,35410.0,37652.51,240308.078,,,,,,,,,,,,,,,,,,,,,,,,,,,,,
btc_daily,2021-02-04,BTC,37651.92,38833.0,36233.0,36976.93,306715.022,,,,,,,,,,,,,,,,,,,,,,,,,,,,,
btc_daily,2021-02-05,BTC,36975.19,38411.82,36586.68,38362.65,196277.444,,,,,,,,,,,,,,,,,,,,,,,,,,,,,
btc_daily,2021-02-06,BTC,38357.17,40992.4,38269.0,39249.54,310826.315,,,,,,,,,,,,,,,,,,,,,,,,,,,,,
btc_daily,2021-02-07,BTC,39249.53,39757.87,37403.27,38849.25,296721.925,,,,,,,,,,,,,,,,,,,,,,,,,,,,,
btc_daily,2021-02-08,BTC,38849.24,47146.0,38037.0,46451.32,440167.093,,,,,,,,,,,,,,,,,,,,,,,,,,,,,
btc_daily,2021-02-09,BTC,46451.32,48266.36,45057.65,46492.54,381477.426,,,,,,,,,,,,,,,,,,,,,,,,,,,,,
btc_daily,2021-02-10,BTC,46492.53,47475.0,43770.0,44850.0,334979.017,,,,,,,,,,,,,,,,,,,,,,,,,,,,,
btc_daily,2021-02-11,BTC,44850.0,48810.0,44038.97,48060.21,330540.045,,,,,,,,,,,,,,,,,,,,,,,,,,,,,
btc_daily,2021-02-12,BTC,48060.21,49278.98,46121.0,47361.03,259186.288,,,,,,,,,,,,,,,,,,,,,,,,,,,,,
btc_daily,2021-02-13,BTC,47364.0,48290.0,46252.1,47221.62,199965.397,,,,,,,,,,,,,,,,,,,,,,,,,,,,,
btc_daily,2021-02-14,BTC,47221.63,49875.16,47093.16,48655.21,241935.666,,,,,,,,,,,,,,,,,,,,,,,,,,,,,
btc_daily,2021-02-15,BTC,48655.21,49100.0,45349.21,47981.58,248960.404,,,,,,,,,,,,,,,,,,,,,,,,,,,,,
btc_daily,2021-02-16,BTC,47981.6,50953.44,47101.02,49197.94,343592.011,,,,,,,,,,,,,,,,,,,,,,,,,,,,,
btc_daily,2021-02-17,BTC,49197.93,52800.0,49029.62,52194.62,312007.458,,,,,,,,,,,,,,,,,,,,,,,,,,,,,
btc_daily,2021-02-18,BTC,52194.62,52640.0,50948.0,51619.7,185489.89,,,,,,,,,,,,,,,,,,,,,,,,,,,,,
btc_daily,2021-02-19,BTC,51612.46,56582.0,50800.0,56004.1,257911.872,,,,,,,,,,,,,,,,,,,,,,,,,,,,,
btc_daily,2021-02-20,BTC,56005.85,57699.0,53905.0,55917.41,240296.308,,,,,,,,,,,,,,,,,,,,,,,,,,,,,
btc_daily,2021-02-21,BTC,55908.45,58472.14,55564.5,57487.43,196820.573,,,,,,,,,,,,,,,,,,,,,,,,,,,,,
btc_daily,2021-02-22,BTC,57475.5,57591.87,47751.42,54121.1,480660.187,,,,,,,,,,,,,,,,,,,,,,,,,,,,,
btc_daily,2021-02-23,BTC,54125.55,54260.12,44893.82,48930.0,748737.462,,,,,,,,,,,,,,,,,,,,,,,,,,,,,
btc_daily,2021-02-24,BTC,48930.01,51435.58,47000.0,49702.03,333415.219,,,,,,,,,,,,,,,,,,,,,,,,,,,,,
btc_daily,2021-02-25,BTC,49702.05,52134.96,46685.43,47089.37,349943.016,,,,,,,,,,,,,,,,,,,,,,,,,,,,,
btc_daily,2021-02-26,BTC,47087.97,48438.01,44100.0,46313.13,440670.32,,,,,,,,,,,,,,,,,,,,,,,,,,,,,
btc_daily,2021-02-27,BTC,46313.12,48476.05,44926.77,46102.63,256027.074,,,,,,,,,,,,,,,,,,,,,,,,,,,,,
btc_daily,2021-02-28,BTC,46097.09,46678.0,43002.05,45163.36,370358.825,,,,,,,,,,,,,,,,,,,,,,,,,,,,,
btc_daily,2021-03-01,BTC,45162.64,49800.0,44972.49,49592.7,315659.931,,,,,,,,,,,,,,,,,,,,,,,,,,,,,
btc_daily,2021-03-02,BTC,49594.99,50221.77,47058.06,48450.57,273100.435,,,,,,,,,,,,,,,,,,,,,,,,,,,,,
btc_daily,2021-03-03,BTC,48454.21,52681.51,48110.66,50373.75,350311.234,,,,,,,,,,,,,,,,,,,,,,,,,,,,,
btc_daily,2021-03-04,BTC,50373.75,51800.0,47500.0,48385.77,387428.957,,,,,,,,,,,,,,,,,,,,,,,,,,,,,
btc_daily,2021-03-05,BTC,48385.77,49470.0,46320.0,48770.57,354602.756,,,,,,,,,,,,,,,,,,,,,,,,,,,,,
btc_daily,2021-03-06,BTC,48772.68,49253.63,47090.0,48908.21,215092.91,,,,,,,,,,,,,,,,,,,,,,,,,,,,,
btc_daily,2021-03-07,BTC,48908.21,51480.0,48908.21,50995.27,248398.116,,,,,,,,,,,,,,,,,,,,,,,,,,,,,
btc_daily,2021-03-08,BTC,50991.35,52450.0,49310.0,52429.43,308339.866,,,,,,,,,,,,,,,,,,,,,,,,,,,,,
btc_daily,2021-03-09,BTC,52429.43,54950.0,51880.0,54917.78,285604.798,,,,,,,,,,,,,,,,,,,,,,,,,,,,,
btc_daily,2021-03-10,BTC,54917.78,57500.92,53061.0,55947.98,401159.493,,,,,,,,,,,,,,,,,,,,,,,,,,,,,
btc_daily,2021-03-11,BTC,55949.3,58283.0,54356.44,57844.52,364681.318,,,,,,,,,,,,,,,,,,,,,,,,,,,,,
btc_daily,2021-03-12,BTC,57842.64,58186.33,55074.3,57291.03,335495.042,,,,,,,,,,,,,,,,,,,,,,,,,,,,,
btc_daily,2021-03-13,BTC,57291.04,61950.0,56136.0,61267.41,320322.173,,,,,,,,,,,,,,,,,,,,,,,,,,,,,
btc_daily,2021-03-14,BTC,61267.41,61798.0,59005.0,59037.12,231991.901,,,,,,,,,,,,,,,,,,,,,,,,,,,,,
btc_daily,2021-03-15,BTC,59037.11,60740.0,54517.28,55646.61,448820.83,,,,,,,,,,,,,,,,,,,,,,,,,,,,,
btc_daily,2021-03-16,BTC,55646.61,56988.0,53335.0,56954.19,339718.202,,,,,,,,,,,,,,,,,,,,,,,,,,,,,
btc_daily,2021-03-17,BTC,56953.23,59078.79,54154.93,58959.0,339397.712,,,,,,,,,,,,,,,,,,,,,,,,,,,,,
btc_daily,2021-03-18,BTC,58959.01,60510.0,57072.0,57700.01,305100.026,,,,,,,,,,,,,,,,,,,,,,,,,,,,,
btc_daily,2021-03-19,BTC,57700.01,59550.0,56301.27,58089.11,259039.479,,,,,,,,,,,,,,,,,,,,,,,,,,,,,
btc_daily,2021-03-20,BTC,58089.11,59948.0,57881.0,58145.61,203680.149,,,,,,,,,,,,,,,,,,,,,,,,,,,,,
btc_daily,2021-03-21,BTC,58144.44,58638.7,55403.55,57415.18,237518.696,,,,,,,,,,,,,,,,,,,,,,,,,,,,,
btc_daily,2021-03-22,BTC,57415.19,58500.0,53635.81,54129.56,293062.947,,,,,,,,,,,,,,,,,,,,,,,,,,,,,
btc_daily,2021-03-23,BTC,54129.56,55890.68,52981.4,54400.0,276199.041,,,,,,,,,,,,,,,,,,,,,,,,,,,,,
btc_daily,2021-03-24,BTC,54400.0,57234.79,51666.0,52311.54,394172.526,,,,,,,,,,,,,,,,,,,,,,,,,,,,,
btc_daily,2021-03-25,BTC,52307.89,53255.2,50452.08,51325.21,416848.091,,,,,,,,,,,,,,,,,,,,,,,,,,,,,
btc_daily,2021-03-26,BTC,51325.21,55123.0,51260.0,55030.0,271957.842,,,,,,,,,,,,,,,,,,,,,,,,,,,,,
btc_daily,2021-03-27,BTC,55030.0,56658.76,54001.0,55828.0,234435.346,,,,,,,,,,,,,,,,,,,,,,,,,,,,,
btc_daily,2021-03-28,BTC,55828.0,56588.31,54694.91,55805.08,200603.768,,,,,,,,,,,,,,,,,,,,,,,,,,,,,
btc_daily,2021-03-29,BTC,55804.16,58490.11,54931.15,57677.64,277215.268,,,,,,,,,,,,,,,,,,,,,,,,,,,,,
btc_daily,2021-03-30,BTC,57676.14,59560.0,57110.0,58794.16,232824.065,,,,,,,,,,,,,,,,,,,,,,,,,,,,,
btc_daily,2021-03-31,BTC,58794.17,59920.0,56812.0,58807.24,337038.349,,,,,,,,,,,,,,,,,,,,,,,,,,,,,
btc_daily,2021-04-01,BTC,58810.99,59592.22,58002.0,58794.01,196332.114,,,,,,,,,,,,,,,,,,,,,,,,,,,,,
btc_daily,2021-04-02,BTC,58797.56,60397.85,58490.03,59031.36,189391.958,,,,,,,,,,,,,,,,,,,,,,,,,,,,,
btc_daily,2021-04-03,BTC,59028.99,59925.0,56900.0,57134.65,198636.171,,,,,,,,,,,,,,,,,,,,,,,,,,,,,
btc_daily,2021-04-04,BTC,57134.65,58553.0,56517.23,58234.61,152454.122,,,,,,,,,,,,,,,,,,,,,,,,,,,,,
btc_daily,2021-04-05,BTC,58234.61,59385.0,56808.94,59243.39,174338.646,,,,,,,,,,,,,,,,,,,,,,,,,,,,,
btc_daily,2021-04-06,BTC,59243.4,59626.18,57500.0,58059.99,165562.029,,,,,,,,,,,,,,,,,,,,,,,,,,,,,
btc_daily,2021-04-07,BTC,58060.0,58720.0,55536.07,56018.18,265271.707,,,,,,,,,,,,,,,,,,,,,,,,,,,,,
btc_daily,2021-04-08,BTC,56018.17,58200.0,55759.13,58122.26,161389.858,,,,,,,,,,,,,,,,,,,,,,,,,,,,,
btc_daily,2021-04-09,BTC,58122.93,58950.0,57700.0,58176.03,141690.144,,,,,,,,,,,,,,,,,,,,,,,,,,,,,
btc_daily,2021-04-10,BTC,58176.04,61800.0,57943.95,59832.43,240907.592,,,,,,,,,,,,,,,,,,,,,,,,,,,,,
btc_daily,2021-04-11,BTC,59832.43,60816.88,59304.02,60090.2,148499.824,,,,,,,,,,,,,,,,,,,,,,,,,,,,,
btc_daily,2021-04-12,BTC,60093.26,61449.91,59500.0,59911.18,196147.561,,,,,,,,,,,,,,,,,,,,,,,,,,,,,
btc_daily,2021-04-13,BTC,59911.19,63850.0,59873.01,63649.71,279389.492,,,,,,,,,,,,,,,,,,,,,,,,,,,,,
btc_daily,2021-04-14,BTC,63645.05,64986.11,61404.0,63019.1,323454.88,,,,,,,,,,,,,,,,,,,,,,,,,,,,,
btc_daily,2021-04-15,BTC,63018.34,63905.83,62157.89,63232.55,178604.198,,,,,,,,,,,,,,,,,,,,,,,,,,,,,
btc_daily,2021-04-16,BTC,63232.56,63600.0,60100.0,61424.67,255765.893,,,,,,,,,,,,,,,,,,,,,,,,,,,,,
btc_daily,2021-04-17,BTC,61424.67,62610.0,59620.0,60090.14,194112.299,,,,,,,,,,,,,,,,,,,,,,,,,,,,,
btc_daily,2021-04-18,BTC,60090.14,60450.0,50050.0,56140.05,522006.276,,,,,,,,,,,,,,,,,,,,,,,,,,,,,
btc_daily,2021-04-19,BTC,56140.05,57532.7,54200.0,55634.39,285041.716,,,,,,,,,,,,,,,,,,,,,,,,,,,,,
btc_daily,2021-04-20,BTC,55634.38,57060.0,53330.82,56410.56,324494.085,,,,,,,,,,,,,,,,,,,,,,,,,,,,,
btc_daily,2021-04-21,BTC,56411.25,56756.78,53610.0,53800.0,252601.972,,,,,,,,,,,,,,,,,,,,,,,,,,,,,
btc_daily,2021-04-22,BTC,53794.72,55470.51,50534.34,51714.61,453489.185,,,,,,,,,,,,,,,,,,,,,,,,,,,,,
btc_daily,2021-04-23,BTC,51714.62,52152.0,47546.16,51122.62,554666.026,,,,,,,,,,,,,,,,,,,,,,,,,,,,,
btc_daily,2021-04-24,BTC,51122.63,51183.51,48690.0,50092.4,299663.131,,,,,,,,,,,,,,,,,,,,,,,,,,,,,
btc_daily,2021-04-25,BTC,50094.27,50577.9,46930.43,49063.94,310306.501,,,,,,,,,,,,,,,,,,,,,,,,,,,,,
btc_daily,2021-04-26,BTC,49063.94,54364.89,48763.0,53984.33,390494.148,,,,,,,,,,,,,,,,,,,,,,,,,,,,,
btc_daily,2021-04-27,BTC,53984.34,55500.0,53225.14,55006.25,225440.361,,,,,,,,,,,,,,,,,,,,,,,,,,,,,
btc_daily,2021-04-28,BTC,55006.25,56574.13,53852.0,54861.77,263170.559,,,,,,,,,,,,,,,,,,,,,,,,,,,,,
btc_daily,2021-04-29,BTC,54861.76,55222.02,52350.0,53558.8,257045.19,,,,,,,,,,,,,,,,,,,,,,,,,,,,,
btc_daily,2021-04-30,BTC,53558.57,57935.0,53043.62,57684.16,294683.751,,,,,,,,,,,,,,,,,,,,,,,,,,,,,
btc_daily,2021-05-01,BTC,57688.29,58488.17,57051.23,57836.34,207854.398,,,,,,,,,,,,,,,,,,,,,,,,,,,,,
btc_daily,2021-05-02,BTC,57836.35,57959.97,56100.0,56630.33,203712.515,,,,,,,,,,,,,,,,,,,,,,,,,,,,,
btc_daily,2021-05-03,BTC,56630.34,59056.59,56500.65,57214.83,271733.972,,,,,,,,,,,,,,,,,,,,,,,,,,,,,
btc_daily,2021-05-04,BTC,57214.84,57253.76,53094.59,53263.32,388988.754,,,,,,,,,,,,,,,,,,,,,,,,,,,,,
btc_daily,2021-05-05,BTC,53263.32,57940.0,52880.38,57497.77,317811.705,,,,,,,,,,,,,,,,,,,,,,,,,,,,,
btc_daily,2021-05-06,BTC,57497.76,58450.0,55297.91,56435.35,275471.204,,,,,,,,,,,,,,,,,,,,,,,,,,,,,
btc_daily,2021-05-07,BTC,56435.35,58800.0,55300.0,57350.88,256159.504,,,,,,,,,,,,,,,,,,,,,,,,,,,,,
btc_daily,2021-05-08,BTC,57350.89,59590.96,56961.25,58924.98,264906.729,,,,,,,,,,,,,,,,,,,,,,,,,,,,,
btc_daily,2021-05-09,BTC,58926.36,59335.19,56316.0,58292.53,245954.014,,,,,,,,,,,,,,,,,,,,,,,,,,,,,
btc_daily,2021-05-10,BTC,58292.53,59654.0,53250.0,55869.67,396237.133,,,,,,,,,,,,,,,,,,,,,,,,,,,,,
btc_daily,2021-05-11,BTC,55869.41,56908.66,54541.33,56710.43,267226.104,,,,,,,,,,,,,,,,,,,,,,,,,,,,,
btc_daily,2021-05-12,BTC,56712.7,58049.99,48503.74,49595.76,472329.152,,,,,,,,,,,,,,,,,,,,,,,,,,,,,
btc_daily,2021-05-13,BTC,49596.75,51358.0,45596.32,49707.9,652476.689,,,,,,,,,,,,,,,,,,,,,,,,,,,,,
btc_daily,2021-05-14,BTC,49706.27,51533.0,48870.41,49873.27,319069.002,,,,,,,,,,,,,,,,,,,,,,,,,,,,,
btc_daily,2021-05-15,BTC,49873.26,50709.43,46584.32,46793.41,442023.496,,,,,,,,,,,,,,,,,,,,,,,,,,,,,
btc_daily,2021-05-16,BTC,46794.62,49829.39,43866.0,46429.28,604537.63,,,,,,,,,,,,,,,,,,,,,,,,,,,,,
btc_daily,2021-05-17,BTC,46429.28,46655.0,42151.0,43566.18,809129.365,,,,,,,,,,,,,,,,,,,,,,,,,,,,,
btc_daily,2021-05-18,BTC,43565.11,45846.61,42268.0,42882.53,590358.592,,,,,,,,,,,,,,,,,,,,,,,,,,,,,
btc_daily,2021-05-19,BTC,42882.54,43615.93,28688.0,36689.14,1373851.849,,,,,,,,,,,,,,,,,,,,,,,,,,,,,
btc_daily,2021-05-20,BTC,36689.14,42460.0,34882.0,40500.3,775185.113,,,,,,,,,,,,,,,,,,,,,,,,,,,,,
btc_daily,2021-05-21,BTC,40500.0,42270.42,33400.0,37211.02,930671.747,,,,,,,,,,,,,,,,,,,,,,,,,,,,,
btc_daily,2021-05-22,BTC,37210.01,38851.34,35201.11,37432.58,588166.784,,,,,,,,,,,,,,,,,,,,,,,,,,,,,
btc_daily,2021-05-23,BTC,37436.0,38261.71,31096.7,34651.6,996815.017,,,,,,,,,,,,,,,,,,,,,,,,,,,,,
btc_daily,2021-05-24,BTC,34656.53,39917.09,34366.0,38779.66,707903.071,,,,,,,,,,,,,,,,,,,,,,,,,,,,,
btc_daily,2021-05-25,BTC,38783.58,39790.05,36439.32,38326.84,598836.411,,,,,,,,,,,,,,,,,,,,,,,,,,,,,
btc_daily,2021-05-26,BTC,38326.84,40900.0,37804.76,39224.2,577032.81,,,,,,,,,,,,,,,,,,,,,,,,,,,,,
btc_daily,2021-05-27,BTC,39224.21,40438.82,37133.22,38527.38,543338.566,,,,,,,,,,,,,,,,,,,,,,,,,,,,,
btc_daily,2021-05-28,BTC,38527.38,38888.35,34689.57,35670.99,832363.425,,,,,,,,,,,,,,,,,,,,,,,,,,,,,
btc_daily,2021-05-29,BTC,35670.99,37375.0,33650.0,34611.94,733902.825,,,,,,,,,,,,,,,,,,,,,,,,,,,,,
btc_daily,2021-05-30,BTC,34611.95,36501.0,33356.0,35651.81,511834.746,,,,,,,,,,,,,,,,,,,,,,,,,,,,,
btc_daily,2021-05-31,BTC,35651.8,37500.0,34150.0,37243.38,635082.121,,,,,,,,,,,,,,,,,,,,,,,,,,,,,
btc_daily,2021-06-01,BTC,37244.36,37893.76,35500.0,36693.41,590822.54,,,,,,,,,,,,,,,,,,,,,,,,,,,,,
btc_daily,2021-06-02,BTC,36694.37,38232.99,35905.0,37569.99,441719.806,,,,,,,,,,,,,,,,,,,,,,,,,,,,,
btc_daily,2021-06-03,BTC,37570.0,39470.0,37150.15,39247.4,507429.005,,,,,,,,,,,,,,,,,,,,,,,,,,,,,
btc_daily,2021-06-04,BTC,39247.4,39297.35,35552.51,36828.03,700625.866,,,,,,,,,,,,,,,,,,,,,,,,,,,,,
btc_daily,2021-06-05,BTC,36828.03,37900.49,34800.0,35498.62,631028.448,,,,,,,,,,,,,,,,,,,,,,,,,,,,,
btc_daily,2021-06-06,BTC,35497.93,36521.16,35201.86,35801.71,443601.064,,,,,,,,,,,,,,,,,,,,,,,,,,,,,
btc_daily,2021-06-07,BTC,35801.71,36820.0,33200.0,33550.96,636735.873,,,,,,,,,,,,,,,,,,,,,,,,,,,,,
btc_daily,2021-06-08,BTC,33550.97,34061.57,30969.0,33372.58,976693.026,,,,,,,,,,,,,,,,,,,,,,,,,,,,,
btc_daily,2021-06-09,BTC,33372.58,37511.31,32390.0,37368.45,1031014.087,,,,,,,,,,,,,,,,,,,,,,,,,,,,,
btc_daily,2021-06-10,BTC,37369.99,38489.0,35750.0,36669.66,803185.699,,,,,,,,,,,,,,,,,,,,,,,,,,,,,
btc_daily,2021-06-11,BTC,36669.65,37679.54,35900.0,37300.42,586122.898,,,,,,,,,,,,,,,,,,,,,,,,,,,,,
btc_daily,2021-06-12,BTC,37300.41,37432.95,34585.9,35537.05,623532.476,,,,,,,,,,,,,,,,,,,,,,,,,,,,,
btc_daily,2021-06-13,BTC,35535.95,39374.18,34739.06,38993.65,647035.314,,,,,,,,,,,,,,,,,,,,,,,,,,,,,
btc_daily,2021-06-14,BTC,38993.66,41000.0,38720.0,40489.1,704979.881,,,,,,,,,,,,,,,,,,,,,,,,,,,,,
btc_daily,2021-06-15,BTC,40489.1,41413.0,39500.0,40132.86,632066.994,,,,,,,,,,,,,,,,,,,,,,,,,,,,,
btc_daily,2021-06-16,BTC,40132.86,40495.0,38105.0,38344.97,673235.496,,,,,,,,,,,,,,,,,,,,,,,,,,,,,
btc_daily,2021-06-17,BTC,38344.97,39565.0,37334.76,38060.71,603849.861,,,,,,,,,,,,,,,,,,,,,,,,,,,,,
btc_daily,2021-06-18,BTC,38060.71,38198.0,35100.0,35811.41,790379.249,,,,,,,,,,,,,,,,,,,,,,,,,,,,,
btc_daily,2021-06-19,BTC,35811.41,36471.8,34704.08,35483.0,642185.382,,,,,,,,,,,,,,,,,,,,,,,,,,,,,
btc_daily,2021-06-20,BTC,35483.01,36155.0,33312.0,35588.64,829896.441,,,,,,,,,,,,,,,,,,,,,,,,,,,,,
btc_daily,2021-06-21,BTC,35588.63,35746.28,31250.51,31606.0,1397330.662,,,,,,,,,,,,,,,,,,,,,,,,,,,,,
btc_daily,2021-06-22,BTC,31606.0,33274.0,28780.01,32496.0,1531824.85,,,,,,,,,,,,,,,,,,,,,,,,,,,,,
btc_daily,2021-06-23,BTC,32496.0,34867.77,31711.5,33649.0,960700.369,,,,,,,,,,,,,,,,,,,,,,,,,,,,,
btc_daily,2021-06-24,BTC,33650.0,35406.74,32300.0,34644.64,774899.165,,,,,,,,,,,,,,,,,,,,,,,,,,,,,
btc_daily,2021-06-25,BTC,34644.65,35500.0,31250.0,31568.07,1093051.375,,,,,,,,,,,,,,,,,,,,,,,,,,,,,
btc_daily,2021-06-26,BTC,31569.18,32720.52,30120.0,32255.56,1091384.749,,,,,,,,,,,,,,,,,,,,,,,,,,,,,
btc_daily,2021-06-27,BTC,32250.15,34762.0,31960.0,34687.71,897147.453,,,,,,,,,,,,,,,,,,,,,,,,,,,,,
btc_daily,2021-06-28,BTC,34687.71,35279.38,33855.0,34487.22,706158.545,,,,,,,,,,,,,,,,,,,,,,,,,,,,,
btc_daily,2021-06-29,BTC,34486.58,36623.0,34206.0,35911.26,806140.329,,,,,,,,,,,,,,,,,,,,,,,,,,,,,
btc_daily,2021-06-30,BTC,35910.64,36089.96,34042.74,35031.39,719742.983,,,,,,,,,,,,,,,,,,,,,,,,,,,,,
btc_daily,2021-07-01,BTC,35031.39,35044.98,32672.04,33489.96,758966.493,,,,,,,,,,,,,,,,,,,,,,,,,,,,,
btc_daily,2021-07-02,BTC,33489.96,33960.0,32684.0,33760.94,664923.202,,,,,,,,,,,,,,,,,,,,,,,,,,,,,
btc_daily,2021-07-03,BTC,33760.94,34948.16,33296.98,34652.94,510614.258,,,,,,,,,,,,,,,,,,,,,,,,,,,,,
btc_daily,2021-07-04,BTC,34653.32,35955.55,34340.75,35280.16,451001.556,,,,,,,,,,,,,,,,,,,,,,,,,,,,,
btc_daily,2021-07-05,BTC,35280.17,35281.55,33032.0,33672.72,736706.409,,,,,,,,,,,,,,,,,,,,,,,,,,,,,
btc_daily,2021-07-06,BTC,33672.72,35120.0,33500.0,34206.01,644229.007,,,,,,,,,,,,,,,,,,,,,,,,,,,,,
btc_daily,2021-07-07,BTC,34206.0,35089.56,33756.48,33845.64,456218.909,,,,,,,,,,,,,,,,,,,,,,,,,,,,,
btc_daily,2021-07-08,BTC,33845.63,33910.0,32066.0,32852.04,650317.664,,,,,,,,,,,,,,,,,,,,,,,,,,,,,
btc_daily,2021-07-09,BTC,32855.0,34100.0,32250.0,33805.01,485662.879,,,,,,,,,,,,,,,,,,,,,,,,,,,,,
btc_daily,2021-07-10,BTC,33805.01,34248.58,33010.0,33497.98,410271.979,,,,,,,,,,,,,,,,,,,,,,,,,,,,,
btc_daily,2021-07-11,BTC,33497.98,34629.62,33306.03,34253.81,343905.35,,,,,,,,,,,,,,,,,,,,,,,,,,,,,
btc_daily,2021-07-12,BTC,34253.88,34662.73,32650.0,33070.87,502747.758,,,,,,,,,,,,,,,,,,,,,,,,,,,,,
btc_daily,2021-07-13,BTC,33070.86,33336.0,32186.99,32709.09,466567.713,,,,,,,,,,,,,,,,,,,,,,,,,,,,,
btc_daily,2021-07-14,BTC,32708.66,33176.47,31556.02,32803.01,521140.41,,,,,,,,,,,,,,,,,,,,,,,,,,,,,
btc_daily,2021-07-15,BTC,32803.0,33170.0,31140.0,31866.43,539111.667,,,,,,,,,,,,,,,,,,,,,,,,,,,,,
btc_daily,2021-07-16,BTC,31865.53,32245.0,31018.59,31382.95,516577.743,,,,,,,,,,,,,,,,,,,,,,,,,,,,,
btc_daily,2021-07-17,BTC,31382.96,31945.0,31150.02,31496.65,422650.418,,,,,,,,,,,,,,,,,,,,,,,,,,,,,
btc_daily,2021-07-18,BTC,31496.65,32435.93,31075.1,31767.0,412189.401,,,,,,,,,,,,,,,,,,,,,,,,,,,,,
btc_daily,2021-07-19,BTC,31765.23,31890.0,30358.77,30823.62,486305.627,,,,,,,,,,,,,,,,,,,,,,,,,,,,,
btc_daily,2021-07-20,BTC,30823.62,31050.0,29242.24,29775.9,602688.19,,,,,,,,,,,,,,,,,,,,,,,,,,,,,
btc_daily,2021-07-21,BTC,29775.89,32883.9,29472.41,32120.0,787077.39,,,,,,,,,,,,,,,,,,,,,,,,,,,,,
btc_daily,2021-07-22,BTC,32120.0,32583.48,31700.0,32268.11,397258.936,,,,,,,,,,,,,,,,,,,,,,,,,,,,,
btc_daily,2021-07-23,BTC,32268.12,33650.0,31970.82,33634.46,404650.016,,,,,,,,,,,,,,,,,,,,,,,,,,,,,
btc_daily,2021-07-24,BTC,33631.74,34471.0,33379.81,34230.0,376046.028,,,,,,,,,,,,,,,,,,,,,,,,,,,,,
btc_daily,2021-07-25,BTC,34230.0,35400.0,33812.0,35370.66,404114.844,,,,,,,,,,,,,,,,,,,,,,,,,,,,,
btc_daily,2021-07-26,BTC,35370.67,48168.6,35185.49,37218.09,1162332.857,,,,,,,,,,,,,,,,,,,,,,,,,,,,,
btc_daily,2021-07-27,BTC,37218.09,39546.34,36384.31,39442.33,675104.157,,,,,,,,,,,,,,,,,,,,,,,,,,,,,
btc_daily,2021-07-28,BTC,39448.06,40894.0,38753.0,40003.08,736196.234,,,,,,,,,,,,,,,,,,,,,,,,,,,,,
btc_daily,2021-07-29,BTC,40003.08,40665.0,39203.83,40012.9,463917.872,,,,,,,,,,,,,,,,,,,,,,,,,,,,,
btc_daily,2021-07-30,BTC,40012.89,42316.6,38320.0,42203.25,561474.309,,,,,,,,,,,,,,,,,,,,,,,,,,,,,
btc_daily,2021-07-31,BTC,42202.6,42494.0,41030.19,41448.11,381521.899,,,,,,,,,,,,,,,,,,,,,,,,,,,,,
btc_daily,2021-08-01,BTC,41448.1,42614.98,39350.4,39846.78,487529.044,,,,,,,,,,,,,,,,,,,,,,,,,,,,,
btc_daily,2021-08-02,BTC,39846.78,40450.0,38658.0,39147.48,451872.128,,,,,,,,,,,,,,,,,,,,,,,,,,,,,
btc_daily,2021-08-03,BTC,39147.47,39774.93,37600.0,38203.26,517219.517,,,,,,,,,,,,,,,,,,,,,,,,,,,,,
btc_daily,2021-08-04,BTC,38201.33,39975.32,37500.0,39731.31,479560.473,,,,,,,,,,,,,,,,,,,,,,,,,,,,,
btc_daily,2021-08-05,BTC,39731.31,41350.0,37291.0,40882.4,746249.712,,,,,,,,,,,,,,,,,,,,,,,,,,,,,
btc_daily,2021-08-06,BTC,40882.39,43400.0,39849.82,42825.43,653451.154,,,,,,,,,,,,,,,,,,,,,,,,,,,,,
btc_daily,2021-08-07,BTC,42825.43,44753.01,42395.2,44601.11,583750.891,,,,,,,,,,,,,,,,,,,,,,,,,,,,,
btc_daily,2021-08-08,BTC,44601.11,45350.0,43265.0,43787.71,553684.698,,,,,,,,,,,,,,,,,,,,,,,,,,,,,
btc_daily,2021-08-09,BTC,43787.71,46483.0,42785.0,46259.7,626220.503,,,,,,,,,,,,,,,,,,,,,,,,,,,,,
btc_daily,2021-08-10,BTC,46259.7,46800.0,44670.05,45589.99,460478.861,,,,,,,,,,,,,,,,,,,,,,,,,,,,,
btc_daily,2021-08-11,BTC,45589.99,46754.27,45354.0,45522.12,390660.571,,,,,,,,,,,,,,,,,,,,,,,,,,,,,
btc_daily,2021-08-12,BTC,45522.13,46226.67,43800.0,44385.09,468276.056,,,,,,,,,,,,,,,,,,,,,,,,,,,,,
btc_daily,2021-08-13,BTC,44385.09,47980.69,44208.88,47792.52,438025.46,,,,,,,,,,,,,,,,,,,,,,,,,,,,,
btc_daily,2021-08-14,BTC,47792.52,48300.0,46000.0,47083.74,374368.796,,,,,,,,,,,,,,,,,,,,,,,,,,,,,
btc_daily,2021-08-15,BTC,47083.75,47388.75,45480.0,47006.02,370950.807,,,,,,,,,,,,,,,,,,,,,,,,,,,,,
btc_daily,2021-08-16,BTC,47006.02,48074.23,45682.03,45926.23,412537.605,,,,,,,,,,,,,,,,,,,,,,,,,,,,,
btc_daily,2021-08-17,BTC,45926.23,47194.0,44412.01,44704.84,474316.4,,,,,,,,,,,,,,,,,,,,,,,,,,,,,
btc_daily,2021-08-18,BTC,44704.85,46050.0,44227.32,44714.09,395836.158,,,,,,,,,,,,,,,,,,,,,,,,,,,,,
btc_daily,2021-08-19,BTC,44714.09,47100.0,43938.38,46772.0,439402.162,,,,,,,,,,,,,,,,,,,,,,,,,,,,,
btc_daily,2021-08-20,BTC,46772.0,49500.0,46650.0,49332.74,401499.081,,,,,,,,,,,,,,,,,,,,,,,,,,,,,
btc_daily,2021-08-21,BTC,49332.99,49833.0,48250.0,48848.29,347594.451,,,,,,,,,,,,,,,,,,,,,,,,,,,,,
btc_daily,2021-08-22,BTC,48846.11,49556.2,48075.81,49273.28,294672.223,,,,,,,,,,,,,,,,,,,,,,,,,,,,,
btc_daily,2021-08-23,BTC,49273.28,50600.0,49075.01,49523.91,355733.496,,,,,,,,,,,,,,,,,,,,,,,,,,,,,
btc_daily,2021-08-24,BTC,49523.23,49888.88,47600.0,47719.36,398682.002,,,,,,,,,,,,,,,,,,,,,,,,,,,,,
btc_daily,2021-08-25,BTC,47719.37,49297.8,47130.57,48992.65,389100.384,,,,,,,,,,,,,,,,,,,,,,,,,,,,,
btc_daily,2021-08-26,BTC,48992.65,49380.0,46280.0,46853.06,475183.123,,,,,,,,,,,,,,,,,,,,,,,,,,,,,
btc_daily,2021-08-27,BTC,46854.22,49220.0,46359.97,49083.98,403667.012,,,,,,,,,,,,,,,,,,,,,,,,,,,,,
btc_daily,2021-08-28,BTC,49082.13,49333.0,48395.65,48931.99,222793.024,,,,,,,,,,,,,,,,,,,,,,,,,,,,,
btc_daily,2021-08-29,BTC,48931.99,49769.2,47741.31,48795.41,315105.499,,,,,,,,,,,,,,,,,,,,,,,,,,,,,
btc_daily,2021-08-30,BTC,48795.42,48916.25,46876.49,47024.7,351830.754,,,,,,,,,,,,,,,,,,,,,,,,,,,,,
btc_daily,2021-08-31,BTC,47024.69,48298.0,46731.03,47150.32,365548.209,,,,,,,,,,,,,,,,,,,,,,,,,,,,,
btc_daily,2021-09-01,BTC,47150.32,49160.79,46550.99,48842.94,350108.374,,,,,,,,,,,,,,,,,,,,,,,,,,,,,
btc_daily,2021-09-02,BTC,48842.93,50420.0,48631.2,49299.14,361863.055,,,,,,,,,,,,,,,,,,,,,,,,,,,,,
btc_daily,2021-09-03,BTC,49299.14,51111.0,48333.0,50027.08,430326.386,,,,,,,,,,,,,,,,,,,,,,,,,,,,,
btc_daily,2021-09-04,BTC,50027.09,50582.08,49360.0,49940.74,274956.842,,,,,,,,,,,,,,,,,,,,,,,,,,,,,
btc_daily,2021-09-05,BTC,49942.2,51950.0,49462.59,51799.57,288984.124,,,,,,,,,,,,,,,,,,,,,,,,,,,,,
btc_daily,2021-09-06,BTC,51799.56,52830.0,51040.0,52683.97,297734.284,,,,,,,,,,,,,,,,,,,,,,,,,,,,,
btc_daily,2021-09-07,BTC,52683.98,52950.0,42088.0,46864.39,764140.139,,,,,,,,,,,,,,,,,,,,,,,,,,,,,
btc_daily,2021-09-08,BTC,46864.38,47347.0,44431.0,46062.29,435803.011,,,,,,,,,,,,,,,,,,,,,,,,,,,,,
btc_daily,2021-09-09,BTC,46060.02,47400.0,45500.0,46413.88,309015.75,,,,,,,,,,,,,,,,,,,,,,,,,,,,,
btc_daily,2021-09-10,BTC,46413.88,47037.5,44120.0,44860.83,343533.069,,,,,,,,,,,,,,,,,,,,,,,,,,,,,
btc_daily,2021-09-11,BTC,44860.83,45999.0,44737.4,45193.78,194144.115,,,,,,,,,,,,,,,,,,,,,,,,,,,,,
btc_daily,2021-09-12,BTC,45194.19,46512.2,44746.51,46046.73,223534.63,,,,,,,,,,,,,,,,,,,,,,,,,,,,,
btc_daily,2021-09-13,BTC,46048.02,46933.89,43323.93,44975.96,448942.068,,,,,,,,,,,,,,,,,,,,,,,,,,,,,
btc_daily,2021-09-14,BTC,44975.96,47272.98,44692.9,47087.18,277925.721,,,,,,,,,,,,,,,,,,,,,,,,,,,,,
btc_daily,2021-09-15,BTC,47087.18,48440.93,46675.0,48106.12,244226.37,,,,,,,,,,,,,,,,,,,,,,,,,,,,,
btc_daily,2021-09-16,BTC,48106.13,48488.0,47038.21,47745.55,260044.727,,,,,,,,,,,,,,,,,,,,,,,,,,,,,
btc_daily,2021-09-17,BTC,47745.55,48150.0,46750.0,47303.11,226193.34,,,,,,,,,,,,,,,,,,,,,,,,,,,,,
btc_daily,2021-09-18,BTC,47303.11,48850.0,47044.32,48285.15,207900.413,,,,,,,,,,,,,,,,,,,,,,,,,,,,,
btc_daily,2021-09-19,BTC,48284.61,48364.64,46840.0,47256.91,212631.933,,,,,,,,,,,,,,,,,,,,,,,,,,,,,
btc_daily,2021-09-20,BTC,47256.92,47345.0,42467.86,43026.6,600764.629,,,,,,,,,,,,,,,,,,,,,,,,,,,,,
btc_daily,2021-09-21,BTC,43026.61,43629.6,39503.58,40726.1,683242.002,,,,,,,,,,,,,,,,,,,,,,,,,,,,,
btc_daily,2021-09-22,BTC,40727.83,43989.98,40551.49,43520.0,400849.752,,,,,,,,,,,,,,,,,,,,,,,,,,,,,
btc_daily,2021-09-23,BTC,43520.0,44976.48,43056.0,44828.29,330253.525,,,,,,,,,,,,,,,,,,,,,,,,,,,,,
btc_daily,2021-09-24,BTC,44828.29,45134.33,40650.0,42798.49,608595.52,,,,,,,,,,,,,,,,,,,,,,,,,,,,,
btc_daily,2021-09-25,BTC,42798.49,42950.0,41630.26,42651.58,277084.795,,,,,,,,,,,,,,,,,,,,,,,,,,,,,
btc_daily,2021-09-26,BTC,42646.84,43940.0,40725.01,43150.0,354393.916,,,,,,,,,,,,,,,,,,,,,,,,,,,,,
btc_daily,2021-09-27,BTC,43150.01,44350.0,42059.13,42122.69,285311.606,,,,,,,,,,,,,,,,,,,,,,,,,,,,,
btc_daily,2021-09-28,BTC,42122.69,42749.0,40854.0,41006.32,359745.538,,,,,,,,,,,,,,,,,,,,,,,,,,,,,
btc_daily,2021-09-29,BTC,41002.96,42576.8,40708.73,41499.71,293307.589,,,,,,,,,,,,,,,,,,,,,,,,,,,,,
btc_daily,2021-09-30,BTC,41499.7,44100.0,41387.78,43796.57,389185.646,,,,,,,,,,,,,,,,,,,,,,,,,,,,,
btc_daily,2021-10-01,BTC,43799.49,48450.0,43260.01,48123.94,449491.768,,,,,,,,,,,,,,,,,,,,,,,,,,,,,
btc_daily,2021-10-02,BTC,48123.93,48338.68,47410.0,47626.61,182565.988,,,,,,,,,,,,,,,,,,,,,,,,,,,,,
btc_daily,2021-10-03,BTC,47626.62,49304.12,47071.26,48187.3,212410.375,,,,,,,,,,,,,,,,,,,,,,,,,,,,,
btc_daily,2021-10-04,BTC,48187.99,49544.48,46885.29,49198.22,324424.837,,,,,,,,,,,,,,,,,,,,,,,,,,,,,
btc_daily,2021-10-05,BTC,49199.78,51888.0,49009.21,51455.12,314043.813,,,,,,,,,,,,,,,,,,,,,,,,,,,,,
btc_daily,2021-10-06,BTC,51460.22,56416.02,50410.0,55321.6,418731.748,,,,,,,,,,,,,,,,,,,,,,,,,,,,,
btc_daily,2021-10-07,BTC,55327.45,55337.8,53374.34,53814.99,262974.545,,,,,,,,,,,,,,,,,,,,,,,,,,,,,
btc_daily,2021-10-08,BTC,53814.99,56208.73,53647.3,53975.0,255210.035,,,,,,,,,,,,,,,,,,,,,,,,,,,,,
btc_daily,2021-10-09,BTC,53974.99,55589.0,53656.66,54960.77,167495.393,,,,,,,,,,,,,,,,,,,,,,,,,,,,,
btc_daily,2021-10-10,BTC,54960.79,56789.0,54101.0,54700.0,289072.818,,,,,,,,,,,,,,,,,,,,,,,,,,,,,
btc_daily,2021-10-11,BTC,54700.0,57880.0,54458.0,57500.01,314868.05,,,,,,,,,,,,,,,,,,,,,,,,,,,,,
btc_daily,2021-10-12,BTC,57500.01,57756.52,53750.0,56011.84,349147.775,,,,,,,,,,,,,,,,,,,,,,,,,,,,,
btc_daily,2021-10-13,BTC,56011.83,57822.38,54271.24,57393.65,327714.318,,,,,,,,,,,,,,,,,,,,,,,,,,,,,
btc_daily,2021-10-14,BTC,57393.65,58586.67,56800.0,57378.19,254719.751,,,,,,,,,,,,,,,,,,,,,,,,,,,,,
btc_daily,2021-10-15,BTC,57377.12,63997.61,56900.0,61702.33,493366.513,,,,,,,,,,,,,,,,,,,,,,,,,,,,,
btc_daily,2021-10-16,BTC,61702.33,62444.23,60220.0,60925.56,213251.899,,,,,,,,,,,,,,,,,,,,,,,,,,,,,
btc_daily,2021-10-17,BTC,60925.56,61796.47,58850.0,61571.45,240132.514,,,,,,,,,,,,,,,,,,,,,,,,,,,,,
btc_daily,2021-10-18,BTC,61571.45,62800.0,59897.61,62037.92,333278.481,,,,,,,,,,,,,,,,,,,,,,,,,,,,,
btc_daily,2021-10-19,BTC,62037.92,64500.0,61300.0,64316.7,379243.718,,,,,,,,,,,,,,,,,,,,,,,,,,,,,
btc_daily,2021-10-20,BTC,64314.75,67150.0,63518.81,66064.24,324737.868,,,,,,,,,,,,,,,,,,,,,,,,,,,,,
btc_daily,2021-10-21,BTC,66064.25,66750.0,62000.0,62260.33,478610.458,,,,,,,,,,,,,,,,,,,,,,,,,,,,,
btc_daily,2021-10-22,BTC,62260.33,63796.2,60011.9,60734.27,350359.527,,,,,,,,,,,,,,,,,,,,,,,,,,,,,
btc_daily,2021-10-23,BTC,60734.28,61780.0,59622.0,61325.11,222553.478,,,,,,,,,,,,,,,,,,,,,,,,,,,,,
btc_daily,2021-10-24,BTC,61325.09,61550.0,59504.46,60902.82,245816.821,,,,,,,,,,,,,,,,,,,,,,,,,,,,,
btc_daily,2021-10-25,BTC,60902.82,63795.98,60701.0,63127.04,234201.1,,,,,,,,,,,,,,,,,,,,,,,,,,,,,
btc_daily,2021-10-26,BTC,63129.25,63362.06,59838.05,60358.75,252256.924,,,,,,,,,,,,,,,,,,,,,,,,,,,,,
btc_daily,2021-10-27,BTC,60358.74,61550.0,57865.0,58449.36,329112.396,,,,,,,,,,,,,,,,,,,,,,,,,,,,,
btc_daily,2021-10-28,BTC,58449.36,62641.26,57550.0,60622.03,333323.116,,,,,,,,,,,,,,,,,,,,,,,,,,,,,
btc_daily,2021-10-29,BTC,60622.02,63069.71,60222.0,62308.22,218355.773,,,,,,,,,,,,,,,,,,,,,,,,,,,,,
btc_daily,2021-10-30,BTC,62308.21,62415.85,60631.23,61895.19,156041.523,,,,,,,,,,,,,,,,,,,,,,,,,,,,,
btc_daily,2021-10-31,BTC,61895.19,62462.99,60008.0,61348.61,183599.524,,,,,,,,,,,,,,,,,,,,,,,,,,,,,
btc_daily,2021-11-01,BTC,61347.14,62543.58,59400.0,60942.87,246158.361,,,,,,,,,,,,,,,,,,,,,,,,,,,,,
btc_daily,2021-11-02,BTC,60942.87,64349.55,60659.58,63266.69,217592.062,,,,,,,,,,,,,,,,,,,,,,,,,,,,,
btc_daily,2021-11-03,BTC,63266.69,63613.0,60300.0,62946.45,211190.183,,,,,,,,,,,,,,,,,,,,,,,,,,,,,
btc_daily,2021-11-04,BTC,62946.45,63149.0,60703.0,61431.86,184677.079,,,,,,,,,,,,,,,,,,,,,,,,,,,,,
btc_daily,2021-11-05,BTC,61433.9,62671.48,60762.0,61006.0,157569.637,,,,,,,,,,,,,,,,,,,,,,,,,,,,,
btc_daily,2021-11-06,BTC,61006.0,61645.75,60100.0,61511.3,154919.118,,,,,,,,,,,,,,,,,,,,,,,,,,,,,
btc_daily,2021-11-07,BTC,61511.3,63377.58,61368.26,63316.4,142878.208,,,,,,,,,,,,,,,,,,,,,,,,,,,,,
btc_daily,2021-11-08,BTC,63316.4,67932.89,63308.7,67606.96,274932.146,,,,,,,,,,,,,,,,,,,,,,,,,,,,,
btc_daily,2021-11-09,BTC,67606.96,68675.16,66300.0,67009.98,231843.834,,,,,,,,,,,,,,,,,,,,,,,,,,,,,
btc_daily,2021-11-10,BTC,67010.65,69198.7,62400.51,64920.13,347835.573,,,,,,,,,,,,,,,,,,,,,,,,,,,,,
btc_daily,2021-11-11,BTC,64920.13,65646.98,64147.12,64831.3,178279.275,,,,,,,,,,,,,,,,,,,,,,,,,,,,,
btc_daily,2021-11-12,BTC,64831.2,65500.0,62313.0,64156.08,264576.325,,,,,,,,,,,,,,,,,,,,,,,,,,,,,
btc_daily,2021-11-13,BTC,64156.08,65073.24,63430.01,64427.0,124466.493,,,,,,,,,,,,,,,,,,,,,,,,,,,,,
btc_daily,2021-11-14,BTC,64426.99,65569.99,63640.0,65568.39,146424.701,,,,,,,,,,,,,,,,,,,,,,,,,,,,,
btc_daily,2021-11-15,BTC,65568.38,66395.05,63351.58,63654.49,210026.602,,,,,,,,,,,,,,,,,,,,,,,,,,,,,
btc_daily,2021-11-16,BTC,63654.49,63655.77,58397.14,60106.03,475025.706,,,,,,,,,,,,,,,,,,,,,,,,,,,,,
btc_daily,2021-11-17,BTC,60106.03,60848.85,58336.68,60366.96,287388.873,,,,,,,,,,,,,,,,,,,,,,,,,,,,,
btc_daily,2021-11-18,BTC,60366.97,60999.0,56505.48,56921.05,412021.672,,,,,,,,,,,,,,,,,,,,,,,,,,,,,
btc_daily,2021-11-19,BTC,56921.04,58333.0,55604.0,58069.51,245356.121,,,,,,,,,,,,,,,,,,,,,,,,,,,,,
btc_daily,2021-11-20,BTC,58069.52,59873.84,57372.0,59716.29,173697.342,,,,,,,,,,,,,,,,,,,,,,,,,,,,,
btc_daily,2021-11-21,BTC,59716.28,60052.82,58518.88,58661.39,143887.271,,,,,,,,,,,,,,,,,,,,,,,,,,,,,
btc_daily,2021-11-22,BTC,58648.87,59624.56,55600.0,56268.31,326184.881,,,,,,,,,,,,,,,,,,,,,,,,,,,,,
btc_daily,2021-11-23,BTC,56268.31,57888.0,55250.0,57574.23,267790.325,,,,,,,,,,,,,,,,,,,,,,,,,,,,,
btc_daily,2021-11-24,BTC,57574.24,57775.27,55900.0,57165.08,194683.757,,,,,,,,,,,,,,,,,,,,,,,,,,,,,
btc_daily,2021-11-25,BTC,57165.09,59449.62,57029.0,58988.21,191912.653,,,,,,,,,,,,,,,,,,,,,,,,,,,,,
btc_daily,2021-11-26,BTC,58988.36,59186.41,53500.0,53755.65,378650.919,,,,,,,,,,,,,,,,,,,,,,,,,,,,,
btc_daily,2021-11-27,BTC,53755.66,55300.0,53640.69,54738.77,155119.117,,,,,,,,,,,,,,,,,,,,,,,,,,,,,
btc_daily,2021-11-28,BTC,54738.77,57474.76,53245.0,57315.73,213600.615,,,,,,,,,,,,,,,,,,,,,,,,,,,,,
btc_daily,2021-11-29,BTC,57315.72,58924.21,56715.0,57827.98,215111.466,,,,,,,,,,,,,,,,,,,,,,,,,,,,,
btc_daily,2021-11-30,BTC,57827.97,59224.99,55900.0,56975.0,337624.148,,,,,,,,,,,,,,,,,,,,,,,,,,,,,
btc_daily,2021-12-01,BTC,56978.06,59100.0,56500.0,57209.29,273959.104,,,,,,,,,,,,,,,,,,,,,,,,,,,,,
btc_daily,2021-12-02,BTC,57209.28,57428.49,55800.0,56513.57,249985.255,,,,,,,,,,,,,,,,,,,,,,,,,,,,,
btc_daily,2021-12-03,BTC,56513.56,57670.0,50604.0,53612.0,374132.016,,,,,,,,,,,,,,,,,,,,,,,,,,,,,
btc_daily,2021-12-04,BTC,53611.86,53889.69,40888.89,49135.66,598774.989,,,,,,,,,,,,,,,,,,,,,,,,,,,,,
btc_daily,2021-12-05,BTC,49135.66,49699.49,47755.0,49376.6,286434.382,,,,,,,,,,,,,,,,,,,,,,,,,,,,,
btc_daily,2021-12-06,BTC,49373.83,50888.0,47000.0,50424.72,357711.029,,,,,,,,,,,,,,,,,,,,,,,,,,,,,
btc_daily,2021-12-07,BTC,50424.72,51929.0,50012.0,50577.2,224670.618,,,,,,,,,,,,,,,,,,,,,,,,,,,,,
btc_daily,2021-12-08,BTC,50577.2,51210.6,48533.33,50455.61,238229.884,,,,,,,,,,,,,,,,,,,,,,,,,,,,,
btc_daily,2021-12-09,BTC,50459.61,50773.03,47312.89,47539.76,273086.086,,,,,,,,,,,,,,,,,,,,,,,,,,,,,
btc_daily,2021-12-10,BTC,47539.34,50188.42,46828.23,47136.35,302974.429,,,,,,,,,,,,,,,,,,,,,,,,,,,,,
btc_daily,2021-12-11,BTC,47132.31,49499.05,46724.35,49381.15,210959.992,,,,,,,,,,,,,,,,,,,,,,,,,,,,,
btc_daily,2021-12-12,BTC,49379.51,50768.0,48616.16,50057.01,183434.285,,,,,,,,,,,,,,,,,,,,,,,,,,,,,
btc_daily,2021-12-13,BTC,50057.02,50180.0,45600.0,46679.93,348551.322,,,,,,,,,,,,,,,,,,,,,,,,,,,,,
btc_daily,2021-12-14,BTC,46679.93,48657.92,46255.6,48324.04,266213.627,,,,,,,,,,,,,,,,,,,,,,,,,,,,,
btc_daily,2021-12-15,BTC,48324.0,49479.75,46518.73,48870.48,345239.891,,,,,,,,,,,,,,,,,,,,,,,,,,,,,
btc_daily,2021-12-16,BTC,48870.48,49439.79,47500.0,47624.5,215874.187,,,,,,,,,,,,,,,,,,,,,,,,,,,,,
btc_daily,2021-12-17,BTC,47629.1,47988.27,45373.11,46125.33,326458.135,,,,,,,,,,,,,,,,,,,,,,,,,,,,,
btc_daily,2021-12-18,BTC,46125.33,47336.99,45438.43,46815.99,191006.415,,,,,,,,,,,,,,,,,,,,,,,,,,,,,
btc_daily,2021-12-19,BTC,46815.99,48461.17,46399.37,46668.63,241698.541,,,,,,,,,,,,,,,,,,,,,,,,,,,,,
btc_daily,2021-12-20,BTC,46668.65,47533.42,45530.67,46898.14,273804.259,,,,,,,,,,,,,,,,,,,,,,,,,,,,,
btc_daily,2021-12-21,BTC,46896.82,49298.78,46650.0,48875.15,260008.358,,,,,,,,,,,,,,,,,,,,,,,,,,,,,
btc_daily,2021-12-22,BTC,48875.88,49599.0,48420.02,48569.69,208463.689,,,,,,,,,,,,,,,,,,,,,,,,,,,,,
btc_daily,2021-12-23,BTC,48569.69,51377.74,48020.0,50817.92,255885.48,,,,,,,,,,,,,,,,,,,,,,,,,,,,,
btc_daily,2021-12-24,BTC,50817.94,51805.0,50379.25,50808.55,220208.725,,,,,,,,,,,,,,,,,,,,,,,,,,,,,
btc_daily,2021-12-25,BTC,50809.37,51190.0,50105.0,50403.64,147662.438,,,,,,,,,,,,,,,,,,,,,,,,,,,,,
btc_daily,2021-12-26,BTC,50403.64,51300.0,49350.0,50765.73,184800.616,,,,,,,,,,,,,,,,,,,,,,,,,,,,,
btc_daily,2021-12-27,BTC,50765.73,52134.0,50450.0,50707.72,216225.263,,,,,,,,,,,,,,,,,,,,,,,,,,,,,
btc_daily,2021-12-28,BTC,50707.72,50713.56,47290.0,47522.03,336083.34,,,,,,,,,,,,,,,,,,,,,,,,,,,,,
btc_daily,2021-12-29,BTC,47522.02,48125.97,46000.0,46436.54,274795.378,,,,,,,,,,,,,,,,,,,,,,,,,,,,,
btc_daily,2021-12-30,BTC,46436.53,47911.68,45880.0,47095.02,229931.288,,,,,,,,,,,,,,,,,,,,,,,,,,,,,
btc_daily,2021-12-31,BTC,47095.02,48575.0,45650.0,46210.56,287186.003,,,,,,,,,,,,,,,,,,,,,,,,,,,,,
btc_daily,2022-01-01,BTC,46210.57,47943.77,46210.55,47704.35,179433.584,,,,,,,,,,,,,,,,,,,,,,,,,,,,,
btc_daily,2022-01-02,BTC,47704.35,48000.0,46605.68,47280.0,184795.093,,,,,,,,,,,,,,,,,,,,,,,,,,,,,
btc_daily,2022-01-03,BTC,47280.01,47575.22,45665.4,46445.81,244781.793,,,,,,,,,,,,,,,,,,,,,,,,,,,,,
btc_daily,2022-01-04,BTC,46445.8,47524.36,45445.57,45833.42,292149.75,,,,,,,,,,,,,,,,,,,,,,,,,,,,,
btc_daily,2022-01-05,BTC,45833.41,47075.29,42270.0,43421.69,485477.569,,,,,,,,,,,,,,,,,,,,,,,,,,,,,
btc_daily,2022-01-06,BTC,43421.7,43766.0,42385.83,43080.01,299509.851,,,,,,,,,,,,,,,,,,,,,,,,,,,,,
btc_daily,2022-01-07,BTC,43080.01,43135.0,40456.56,41553.86,473214.849,,,,,,,,,,,,,,,,,,,,,,,,,,,,,
btc_daily,2022-01-08,BTC,41553.87,42335.0,40500.0,41688.05,283737.224,,,,,,,,,,,,,,,,,,,,,,,,,,,,,
btc_daily,2022-01-09,BTC,41688.05,42773.85,41170.0,41851.22,223134.952,,,,,,,,,,,,,,,,,,,,,,,,,,,,,
btc_daily,2022-01-10,BTC,41851.22,42219.84,39610.0,41801.55,453644.116,,,,,,,,,,,,,,,,,,,,,,,,,,,,,
btc_daily,2022-01-11,BTC,41801.55,43118.0,41255.0,42700.68,323760.691,,,,,,,,,,,,,,,,,,,,,,,,,,,,,
btc_daily,2022-01-12,BTC,42700.69,44300.0,42415.0,43880.72,281339.294,,,,,,,,,,,,,,,,,,,,,,,,,,,,,
btc_daily,2022-01-13,BTC,43880.72,44396.68,42301.16,42534.32,289289.18,,,,,,,,,,,,,,,,,,,,,,,,,,,,,
btc_daily,2022-01-14,BTC,42538.72,43450.0,41666.0,43042.4,272517.077,,,,,,,,,,,,,,,,,,,,,,,,,,,,,
btc_daily,2022-01-15,BTC,43042.4,43800.0,42530.64,43070.51,184649.157,,,,,,,,,,,,,,,,,,,,,,,,,,,,,
btc_daily,2022-01-16,BTC,43070.51,43464.71,42531.69,43060.66,177450.475,,,,,,,,,,,,,,,,,,,,,,,,,,,,,
btc_daily,2022-01-17,BTC,43060.66,43159.32,41523.68,42176.34,232748.345,,,,,,,,,,,,,,,,,,,,,,,,,,,,,
btc_daily,2022-01-18,BTC,42176.34,42680.0,41260.0,42337.58,267472.465,,,,,,,,,,,,,,,,,,,,,,,,,,,,,
btc_daily,2022-01-19,BTC,42337.58,42545.0,41115.64,41657.89,333952.095,,,,,,,,,,,,,,,,,,,,,,,,,,,,,
btc_daily,2022-01-20,BTC,41656.9,43495.0,40550.0,40661.69,399818.052,,,,,,,,,,,,,,,,,,,,,,,,,,,,,
btc_daily,2022-01-21,BTC,40662.06,41095.76,35380.92,36425.98,790320.909,,,,,,,,,,,,,,,,,,,,,,,,,,,,,
btc_daily,2022-01-22,BTC,36426.46,36817.74,33950.0,35043.73,676272.904,,,,,,,,,,,,,,,,,,,,,,,,,,,,,
btc_daily,2022-01-23,BTC,35043.73,36496.92,34588.8,36230.01,369372.903,,,,,,,,,,,,,,,,,,,,,,,,,,,,,
btc_daily,2022-01-24,BTC,36230.0,37528.0,32853.83,36648.31,823000.702,,,,,,,,,,,,,,,,,,,,,,,,,,,,,
btc_daily,2022-01-25,BTC,36648.3,37561.03,35693.0,36934.26,409535.517,,,,,,,,,,,,,,,,,,,,,,,,,,,,,
btc_daily,2022-01-26,BTC,36934.26,38886.58,36232.42,36787.43,554457.384,,,,,,,,,,,,,,,,,,,,,,,,,,,,,
btc_daily,2022-01-27,BTC,36787.42,37200.0,35471.53,37131.0,422006.922,,,,,,,,,,,,,,,,,,,,,,,,,,,,,
btc_daily,2022-01-28,BTC,37131.0,38000.0,36149.02,37696.21,367509.143,,,,,,,,,,,,,,,,,,,,,,,,,,,,,
btc_daily,2022-01-29,BTC,37696.22,38750.94,37252.0,38150.01,238657.764,,,,,,,,,,,,,,,,,,,,,,,,,,,,,
btc_daily,2022-01-30,BTC,38150.0,38420.3,37334.83,37870.01,195029.125,,,,,,,,,,,,,,,,,,,,,,,,,,,,,
btc_daily,2022-01-31,BTC,37870.0,38741.73,36620.0,38439.04,318440.392,,,,,,,,,,,,,,,,,,,,,,,,,,,,,
btc_daily,2022-02-01,BTC,38439.04,39260.26,37969.0,38680.51,353354.121,,,,,,,,,,,,,,,,,,,,,,,,,,,,,
btc_daily,2022-02-02,BTC,38680.51,38834.18,36529.81,36892.03,337570.934,,,,,,,,,,,,,,,,,,,,,,,,,,,,,
btc_daily,2022-02-03,BTC,36892.05,37395.0,36204.3,37289.86,318656.228,,,,,,,,,,,,,,,,,,,,,,,,,,,,,
btc_daily,2022-02-04,BTC,37287.33,41741.76,37011.0,41550.0,520105.77,,,,,,,,,,,,,,,,,,,,,,,,,,,,,
btc_daily,2022-02-05,BTC,41550.0,41922.0,40920.0,41374.69,242184.07,,,,,,,,,,,,,,,,,,,,,,,,,,,,,
btc_daily,2022-02-06,BTC,41374.68,42656.8,41100.0,42361.35,215323.95,,,,,,,,,,,,,,,,,,,,,,,,,,,,,
btc_daily,2022-02-07,BTC,42361.34,44541.16,41609.76,43829.99,418053.774,,,,,,,,,,,,,,,,,,,,,,,,,,,,,
btc_daily,2022-02-08,BTC,43829.99,45600.0,42641.0,44021.57,468015.421,,,,,,,,,,,,,,,,,,,,,,,,,,,,,
btc_daily,2022-02-09,BTC,44021.58,44826.0,43089.08,44358.08,300270.062,,,,,,,,,,,,,,,,,,,,,,,,,,,,,
btc_daily,2022-02-10,BTC,44358.09,45847.5,43136.96,43471.29,563922.075,,,,,,,,,,,,,,,,,,,,,,,,,,,,,
btc_daily,2022-02-11,BTC,43471.3,43900.0,41914.23,42366.0,414646.193,,,,,,,,,,,,,,,,,,,,,,,,,,,,,
btc_daily,2022-02-12,BTC,42365.99,42980.0,41540.0,42199.87,256269.325,,,,,,,,,,,,,,,,,,,,,,,,,,,,,
btc_daily,2022-02-13,BTC,42199.88,42755.97,41850.0,42041.13,192068.012,,,,,,,,,,,,,,,,,,,,,,,,,,,,,
btc_daily,2022-02-14,BTC,42041.12,42888.0,41526.0,42525.14,303990.933,,,,,,,,,,,,,,,,,,,,,,,,,,,,,
btc_daily,2022-02-15,BTC,42525.14,44777.0,42406.23,44529.6,276735.421,,,,,,,,,,,,,,,,,,,,,,,,,,,,,
btc_daily,2022-02-16,BTC,44529.7,44536.8,43277.8,43860.7,255790.287,,,,,,,,,,,,,,,,,,,,,,,,,,,,,
btc_daily,2022-02-17,BTC,43860.8,44150.0,40020.1,40491.7,433958.984,,,,,,,,,,,,,,,,,,,,,,,,,,,,,
btc_daily,2022-02-18,BTC,40491.8,40944.1,39422.0,39966.8,377679.782,,,,,,,,,,,,,,,,,,,,,,,,,,,,,
btc_daily,2022-02-19,BTC,39966.8,40438.7,39610.3,40052.6,185624.675,,,,,,,,,,,,,,,,,,,,,,,,,,,,,
btc_daily,2022-02-20,BTC,40052.6,40100.1,37905.0,38368.1,329740.444,,,,,,,,,,,,,,,,,,,,,,,,,,,,,
btc_daily,2022-02-21,BTC,38367.9,39510.0,36762.0,36986.4,646391.815,,,,,,,,,,,,,,,,,,,,,,,,,,,,,
btc_daily,2022-02-22,BTC,36986.4,38450.0,36310.1,38212.0,465313.497,,,,,,,,,,,,,,,,,,,,,,,,,,,,,
btc_daily,2022-02-23,BTC,38212.1,39250.0,36963.2,37227.8,408056.255,,,,,,,,,,,,,,,,,,,,,,,,,,,,,
btc_daily,2022-02-24,BTC,37227.9,40376.1,34303.7,38315.1,919820.907,,,,,,,,,,,,,,,,,,,,,,,,,,,,,
btc_daily,2022-02-25,BTC,38316.2,39750.0,37999.2,39205.4,416316.366,,,,,,,,,,,,,,,,,,,,,,,,,,,,,
btc_daily,2022-02-26,BTC,39205.4,40441.1,38561.7,39099.3,251892.201,,,,,,,,,,,,,,,,,,,,,,,,,,,,,
btc_daily,2022-02-27,BTC,39099.3,39868.6,36934.6,37672.0,423197.247,,,,,,,,,,,,,,,,,,,,,,,,,,,,,
btc_daily,2022-02-28,BTC,37672.1,44341.0,37414.4,43155.0,615391.161,,,,,,,,,,,,,,,,,,,,,,,,,,,,,
btc_daily,2022-03-01,BTC,43155.0,44935.0,42765.4,44394.1,448483.646,,,,,,,,,,,,,,,,,,,,,,,,,,,,,
btc_daily,2022-03-02,BTC,44393.6,45350.0,43321.0,43885.7,407603.721,,,,,,,,,,,,,,,,,,,,,,,,,,,,,
btc_daily,2022-03-03,BTC,43885.8,44080.0,41831.0,42449.5,365565.832,,,,,,,,,,,,,,,,,,,,,,,,,,,,,
btc_daily,2022-03-04,BTC,42449.6,42525.3,38521.0,39127.7,469138.374,,,,,,,,,,,,,,,,,,,,,,,,,,,,,
btc_daily,2022-03-05,BTC,39127.7,39580.0,38547.6,39375.1,198747.893,,,,,,,,,,,,,,,,,,,,,,,,,,,,,
btc_daily,2022-03-06,BTC,39375.0,39690.0,38056.0,38401.1,311705.26,,,,,,,,,,,,,,,,,,,,,,,,,,,,,
btc_daily,2022-03-07,BTC,38401.1,39550.0,37134.0,37963.8,490254.516,,,,,,,,,,,,,,,,,,,,,,,,,,,,,
btc_daily,2022-03-08,BTC,37963.7,39340.5,37853.0,38709.9,421462.367,,,,,,,,,,,,,,,,,,,,,,,,,,,,,
btc_daily,2022-03-09,BTC,38709.9,42647.5,38638.7,41937.5,462059.811,,,,,,,,,,,,,,,,,,,,,,,,,,,,,
btc_daily,2022-03-10,BTC,41939.5,42034.3,38512.0,39407.2,520645.186,,,,,,,,,,,,,,,,,,,,,,,,,,,,,
btc_daily,2022-03-11,BTC,39407.1,40242.0,38200.1,38713.0,467078.892,,,,,,,,,,,,,,,,,,,,,,,,,,,,,
btc_daily,2022-03-12,BTC,38713.1,39578.4,38630.0,38792.6,172494.825,,,,,,,,,,,,,,,,,,,,,,,,,,,,,
btc_daily,2022-03-13,BTC,38792.7,39300.0,37500.0,37743.7,236623.694,,,,,,,,,,,,,,,,,,,,,,,,,,,,,
btc_daily,2022-03-14,BTC,37743.0,39989.0,37522.1,39653.8,360058.358,,,,,,,,,,,,,,,,,,,,,,,,,,,,,
btc_daily,2022-03-15,BTC,39651.6,39901.8,38073.8,39271.0,345019.243,,,,,,,,,,,,,,,,,,,,,,,,,,,,,
btc_daily,2022-03-16,BTC,39270.9,41804.0,38700.0,41105.8,650589.661,,,,,,,,,,,,,,,,,,,,,,,,,,,,,
btc_daily,2022-03-17,BTC,41105.9,41498.4,40442.8,40898.1,243988.794,,,,,,,,,,,,,,,,,,,,,,,,,,,,,
btc_daily,2022-03-18,BTC,40898.0,42322.8,40084.2,41751.5,299134.443,,,,,,,,,,,,,,,,,,,,,,,,,,,,,
btc_daily,2022-03-19,BTC,41751.6,42446.6,41500.0,42188.2,186459.954,,,,,,,,,,,,,,,,,,,,,,,,,,,,,
btc_daily,2022-03-20,BTC,42188.2,42269.3,40900.0,41261.0,235774.129,,,,,,,,,,,,,,,,,,,,,,,,,,,,,
btc_daily,2022-03-21,BTC,41261.0,41544.4,40430.0,40982.0,308396.46,,,,,,,,,,,,,,,,,,,,,,,,,,,,,
btc_daily,2022-03-22,BTC,40982.0,43517.7,40852.0,42349.8,374297.674,,,,,,,,,,,,,,,,,,,,,,,,,,,,,
btc_daily,2022-03-23,BTC,42349.9,43051.0,41731.3,42867.9,282631.74,,,,,,,,,,,,,,,,,,,,,,,,,,,,,
btc_daily,2022-03-24,BTC,42867.8,44200.0,42525.0,43973.4,331440.057,,,,,,,,,,,,,,,,,,,,,,,,,,,,,
btc_daily,2022-03-25,BTC,43973.2,45142.0,43575.1,44290.6,348620.122,,,,,,,,,,,,,,,,,,,,,,,,,,,,,
btc_daily,2022-03-26,BTC,44290.6,44785.0,44041.0,44489.2,140712.587,,,,,,,,,,,,,,,,,,,,,,,,,,,,,
btc_daily,2022-03-27,BTC,44489.3,47047.0,44416.0,46820.8,269280.228,,,,,,,,,,,,,,,,,,,,,,,,,,,,,
btc_daily,2022-03-28,BTC,46820.9,48200.0,46651.2,47121.9,317565.782,,,,,,,,,,,,,,,,,,,,,,,,,,,,,
btc_daily,2022-03-29,BTC,47121.8,48100.0,46911.0,47418.5,259040.835,,,,,,,,,,,,,,,,,,,,,,,,,,,,,
btc_daily,2022-03-30,BTC,47418.5,47688.6,46535.0,47053.2,235009.892,,,,,,,,,,,,,,,,,,,,,,,,,,,,,
btc_daily,2022-03-31,BTC,47053.1,47619.4,45185.0,45506.0,299837.61,,,,,,,,,,,,,,,,,,,,,,,,,,,,,
btc_daily,2022-04-01,BTC,45505.9,46700.0,44206.2,46266.2,360734.553,,,,,,,,,,,,,,,,,,,,,,,,,,,,,
btc_daily,2022-04-02,BTC,46266.2,47236.8,45600.0,45794.6,226413.357,,,,,,,,,,,,,,,,,,,,,,,,,,,,,
btc_daily,2022-04-03,BTC,45792.3,47448.0,45501.0,46392.4,212589.013,,,,,,,,,,,,,,,,,,,,,,,,,,,,,
btc_daily,2022-04-04,BTC,46392.3,46895.5,45094.0,46580.9,272796.541,,,,,,,,,,,,,,,,,,,,,,,,,,,,,
btc_daily,2022-04-05,BTC,46580.9,47188.0,45300.0,45477.4,257524.639,,,,,,,,,,,,,,,,,,,,,,,,,,,,,
btc_daily,2022-04-06,BTC,45477.5,45494.2,43100.0,43159.7,384359.375,,,,,,,,,,,,,,,,,,,,,,,,,,,,,
btc_daily,2022-04-07,BTC,43159.8,43888.0,42685.0,43417.1,229567.98,,,,,,,,,,,,,,,,,,,,,,,,,,,,,
btc_daily,2022-04-08,BTC,43417.1,43968.1,42074.0,42229.2,310095.829,,,,,,,,,,,,,,,,,,,,,,,,,,,,,
btc_daily,2022-04-09,BTC,42229.1,42796.7,42100.3,42727.7,119722.654,,,,,,,,,,,,,,,,,,,,,,,,,,,,,
btc_daily,2022-04-10,BTC,42727.8,43399.4,41838.0,42140.4,181904.47,,,,,,,,,,,,,,,,,,,,,,,,,,,,,
btc_daily,2022-04-11,BTC,42140.3,42399.9,39136.7,39505.6,439530.02,,,,,,,,,,,,,,,,,,,,,,,,,,,,,
btc_daily,2022-04-12,BTC,39505.6,40700.0,39224.0,40060.7,349883.631,,,,,,,,,,,,,,,,,,,,,,,,,,,,,
btc_daily,2022-04-13,BTC,40060.7,41580.0,39569.8,41129.8,324910.931,,,,,,,,,,,,,,,,,,,,,,,,,,,,,
btc_daily,2022-04-14,BTC,41129.8,41474.8,39522.0,39915.9,261966.391,,,,,,,,,,,,,,,,,,,,,,,,,,,,,
btc_daily,2022-04-15,BTC,39915.9,40888.0,39734.2,40529.5,194680.671,,,,,,,,,,,,,,,,,,,,,,,,,,,,,
btc_daily,2022-04-16,BTC,40529.6,40700.0,39944.9,40361.0,127705.057,,,,,,,,,,,,,,,,,,,,,,,,,,,,,
btc_daily,2022-04-17,BTC,40360.9,40574.1,39510.0,39649.1,170331.824,,,,,,,,,,,,,,,,,,,,,,,,,,,,,
btc_daily,2022-04-18,BTC,39649.1,41310.0,38465.7,40785.6,362435.319,,,,,,,,,,,,,,,,,,,,,,,,,,,,,
btc_daily,2022-04-19,BTC,40785.7,41788.0,40543.7,41472.9,214404.271,,,,,,,,,,,,,,,,,,,,,,,,,,,,,
btc_daily,2022-04-20,BTC,41472.9,42166.8,40800.0,41327.7,257382.427,,,,,,,,,,,,,,,,,,,,,,,,,,,,,
btc_daily,2022-04-21,BTC,41326.0,42966.0,39630.0,40449.8,393149.956,,,,,,,,,,,,,,,,,,,,,,,,,,,,,
btc_daily,2022-04-22,BTC,40449.7,40786.1,39133.0,39674.2,314935.753,,,,,,,,,,,,,,,,,,,,,,,,,,,,,
btc_daily,2022-04-23,BTC,39674.3,40000.0,39259.0,39415.1,125046.817,,,,,,,,,,,,,,,,,,,,,,,,,,,,,
btc_daily,2022-04-24,BTC,39413.8,39930.6,38884.1,39433.4,180371.762,,,,,,,,,,,,,,,,,,,,,,,,,,,,,
btc_daily,2022-04-25,BTC,39433.4,40650.0,38111.0,40411.0,448877.893,,,,,,,,,,,,,,,,,,,,,,,,,,,,,
btc_daily,2022-04-26,BTC,40411.0,40800.0,37671.8,38093.7,453132.198,,,,,,,,,,,,,,,,,,,,,,,,,,,,,
btc_daily,2022-04-27,BTC,38093.7,39470.0,37844.5,39209.0,385645.365,,,,,,,,,,,,,,,,,,,,,,,,,,,,,
btc_daily,2022-04-28,BTC,39209.0,40376.6,38861.8,39732.5,413543.408,,,,,,,,,,,,,,,,,,,,,,,,,,,,,
btc_daily,2022-04-29,BTC,39732.5,39924.8,38160.0,38572.2,308116.375,,,,,,,,,,,,,,,,,,,,,,,,,,,,,
btc_daily,2022-04-30,BTC,38572.2,38782.6,37550.0,37614.5,181810.382,,,,,,,,,,,,,,,,,,,,,,,,,,,,,
btc_daily,2022-05-01,BTC,37614.4,38680.6,37350.0,38440.5,236549.462,,,,,,,,,,,,,,,,,,,,,,,,,,,,,
btc_daily,2022-05-02,BTC,38440.2,39222.0,38032.2,38525.6,336845.365,,,,,,,,,,,,,,,,,,,,,,,,,,,,,
btc_daily,2022-05-03,BTC,38525.5,38674.7,37500.1,37712.9,248986.222,,,,,,,,,,,,,,,,,,,,,,,,,,,,,
btc_daily,2022-05-04,BTC,37713.0,40071.7,37655.2,39684.0,424498.818,,,,,,,,,,,,,,,,,,,,,,,,,,,,,
btc_daily,2022-05-05,BTC,39684.1,39845.0,35388.0,36534.7,547209.0,,,,,,,,,,,,,,,,,,,,,,,,,,,,,
btc_daily,2022-05-06,BTC,36533.7,36679.3,35200.0,35995.3,431979.24,,,,,,,,,,,,,,,,,,,,,,,,,,,,,
btc_daily,2022-05-07,BTC,35995.2,36138.0,34700.0,35466.7,200264.833,,,,,,,,,,,,,,,,,,,,,,,,,,,,,
btc_daily,2022-05-08,BTC,35466.7,35504.0,33665.0,34032.0,426872.584,,,,,,,,,,,,,,,,,,,,,,,,,,,,,
btc_daily,2022-05-09,BTC,34032.1,34243.3,30003.6,30056.6,1078779.712,,,,,,,,,,,,,,,,,,,,,,,,,,,,,
btc_daily,2022-05-10,BTC,30056.0,32650.0,29701.4,31002.1,863178.961,,,,,,,,,,,,,,,,,,,,,,,,,,,,,
btc_daily,2022-05-11,BTC,31002.1,32197.6,27651.0,29074.7,1101875.972,,,,,,,,,,,,,,,,,,,,,,,,,,,,,
btc_daily,2022-05-12,BTC,29077.9,30257.0,26631.0,29020.7,964475.589,,,,,,,,,,,,,,,,,,,,,,,,,,,,,
btc_daily,2022-05-13,BTC,29020.8,31072.6,28730.4,29274.3,507620.105,,,,,,,,,,,,,,,,,,,,,,,,,,,,,
btc_daily,2022-05-14,BTC,29274.2,30352.2,28602.3,30079.8,315756.895,,,,,,,,,,,,,,,,,,,,,,,,,,,,,
btc_daily,2022-05-15,BTC,30079.5,31462.0,29448.0,31324.4,336773.139,,,,,,,,,,,,,,,,,,,,,,,,,,,,,
btc_daily,2022-05-16,BTC,31324.3,31327.4,29052.3,29866.7,507243.166,,,,,,,,,,,,,,,,,,,,,,,,,,,,,
btc_daily,2022-05-17,BTC,29866.4,30794.0,29420.0,30437.0,398624.519,,,,,,,,,,,,,,,,,,,,,,,,,,,,,
btc_daily,2022-05-18,BTC,30437.0,30700.0,28629.6,28700.6,426700.457,,,,,,,,,,,,,,,,,,,,,,,,,,,,,
btc_daily,2022-05-19,BTC,28700.6,30550.0,28670.5,30319.9,448856.724,,,,,,,,,,,,,,,,,,,,,,,,,,,,,
btc_daily,2022-05-20,BTC,30319.9,30784.4,28702.0,29188.9,485439.171,,,,,,,,,,,,,,,,,,,,,,,,,,,,,
btc_daily,2022-05-21,BTC,29188.9,29650.0,28927.0,29427.4,202804.089,,,,,,,,,,,,,,,,,,,,,,,,,,,,,
btc_daily,2022-05-22,BTC,29427.4,30500.0,29223.6,30284.0,297116.44,,,,,,,,,,,,,,,,,,,,,,,,,,,,,
btc_daily,2022-05-23,BTC,30284.0,30658.0,28840.7,29097.7,475720.75,,,,,,,,,,,,,,,,,,,,,,,,,,,,,
btc_daily,2022-05-24,BTC,29097.8,29887.3,28637.6,29643.1,382124.449,,,,,,,,,,,,,,,,,,,,,,,,,,,,,
btc_daily,2022-05-25,BTC,29643.0,30246.7,29330.0,29536.7,413459.484,,,,,,,,,,,,,,,,,,,,,,,,,,,,,
btc_daily,2022-05-26,BTC,29536.7,29877.0,27952.1,29194.0,602137.086,,,,,,,,,,,,,,,,,,,,,,,,,,,,,
btc_daily,2022-05-27,BTC,29194.0,29387.0,28259.6,28623.2,506638.884,,,,,,,,,,,,,,,,,,,,,,,,,,,,,
btc_daily,2022-05-28,BTC,28623.3,29265.7,28520.0,29018.8,193644.283,,,,,,,,,,,,,,,,,,,,,,,,,,,,,
btc_daily,2022-05-29,BTC,29018.8,29595.2,28825.0,29452.8,215139.934,,,,,,,,,,,,,,,,,,,,,,,,,,,,,
btc_daily,2022-05-30,BTC,29452.6,32307.6,29301.1,31726.5,502712.176,,,,,,,,,,,,,,,,,,,,,,,,,,,,,
btc_daily,2022-05-31,BTC,31726.5,32427.5,31222.0,31797.8,383688.265,,,,,,,,,,,,,,,,,,,,,,,,,,,,,
btc_daily,2022-06-01,BTC,31797.9,31986.1,29300.0,29796.9,556992.756,,,,,,,,,,,,,,,,,,,,,,,,,,,,,
btc_daily,2022-06-02,BTC,29796.9,30750.0,29566.1,30437.1,370924.687,,,,,,,,,,,,,,,,,,,,,,,,,,,,,
btc_daily,2022-06-03,BTC,30437.1,30693.2,29220.0,29682.8,357110.377,,,,,,,,,,,,,,,,,,,,,,,,,,,,,
btc_daily,2022-06-04,BTC,29682.8,29988.0,29456.0,29848.4,187520.534,,,,,,,,,,,,,,,,,,,,,,,,,,,,,
btc_daily,2022-06-05,BTC,29848.5,30250.0,29524.0,29909.9,205385.831,,,,,,,,,,,,,,,,,,,,,,,,,,,,,
btc_daily,2022-06-06,BTC,29910.0,31780.0,29876.2,31361.2,436522.874,,,,,,,,,,,,,,,,,,,,,,,,,,,,,
btc_daily,2022-06-07,BTC,31361.2,31599.0,29190.0,31118.1,691714.985,,,,,,,,,,,,,,,,,,,,,,,,,,,,,
btc_daily,2022-06-08,BTC,31118.0,31325.0,29825.0,30192.5,455686.637,,,,,,,,,,,,,,,,,,,,,,,,,,,,,
btc_daily,2022-06-09,BTC,30192.6,30691.9,29914.5,30093.3,307312.175,,,,,,,,,,,,,,,,,,,,,,,,,,,,,
btc_daily,2022-06-10,BTC,30093.4,30374.1,28805.0,29077.7,445928.659,,,,,,,,,,,,,,,,,,,,,,,,,,,,,
btc_daily,2022-06-11,BTC,29077.7,29427.9,28080.0,28416.7,391367.814,,,,,,,,,,,,,,,,,,,,,,,,,,,,,
btc_daily,2022-06-12,BTC,28416.6,28530.3,26538.7,26564.7,560834.131,,,,,,,,,,,,,,,,,,,,,,,,,,,,,
btc_daily,2022-06-13,BTC,26564.7,26877.0,21900.0,22471.5,1622521.56,,,,,,,,,,,,,,,,,,,,,,,,,,,,,
btc_daily,2022-06-14,BTC,22471.4,23424.2,20823.0,22122.7,1247609.796,,,,,,,,,,,,,,,,,,,,,,,,,,,,,
btc_daily,2022-06-15,BTC,22122.7,22800.0,20100.2,22567.5,1509301.169,,,,,,,,,,,,,,,,,,,,,,,,,,,,,
btc_daily,2022-06-16,BTC,22567.5,23000.0,20222.0,20387.4,882634.22,,,,,,,,,,,,,,,,,,,,,,,,,,,,,
btc_daily,2022-06-17,BTC,20387.4,21388.0,20228.0,20457.3,776153.257,,,,,,,,,,,,,,,,,,,,,,,,,,,,,
btc_daily,2022-06-18,BTC,20457.3,20768.4,17593.2,18959.7,1268591.388,,,,,,,,,,,,,,,,,,,,,,,,,,,,,
btc_daily,2022-06-19,BTC,18959.7,20821.0,17935.9,20564.2,1089275.674,,,,,,,,,,,,,,,,,,,,,,,,,,,,,
btc_daily,2022-06-20,BTC,20564.3,21099.9,19630.0,20570.1,935816.13,,,,,,,,,,,,,,,,,,,,,,,,,,,,,
btc_daily,2022-06-21,BTC,20570.0,21740.0,20337.8,20713.1,787173.936,,,,,,,,,,,,,,,,,,,,,,,,,,,,,
btc_daily,2022-06-22,BTC,20713.1,20888.0,19745.7,19977.4,812184.193,,,,,,,,,,,,,,,,,,,,,,,,,,,,,
btc_daily,2022-06-23,BTC,19977.5,21250.0,19874.0,21096.6,698753.04,,,,,,,,,,,,,,,,,,,,,,,,,,,,,
btc_daily,2022-06-24,BTC,21096.6,21563.5,20732.5,21231.2,645450.778,,,,,,,,,,,,,,,,,,,,,,,,,,,,,
btc_daily,2022-06-25,BTC,21231.2,21627.6,20894.0,21481.9,434117.447,,,,,,,,,,,,,,,,,,,,,,,,,,,,,
btc_daily,2022-06-26,BTC,21481.9,21888.0,20952.0,21029.1,442787.736,,,,,,,,,,,,,,,,,,,,,,,,,,,,,
btc_daily,2022-06-27,BTC,21029.1,21560.0,20500.0,20730.0,539335.009,,,,,,,,,,,,,,,,,,,,,,,,,,,,,
btc_daily,2022-06-28,BTC,20730.0,21198.0,20188.0,20268.6,582916.108,,,,,,,,,,,,,,,,,,,,,,,,,,,,,
btc_daily,2022-06-29,BTC,20268.7,20430.0,19817.2,20109.9,608905.99,,,,,,,,,,,,,,,,,,,,,,,,,,,,,
btc_daily,2022-06-30,BTC,20109.9,20165.0,18563.0,19923.5,859981.415,,,,,,,,,,,,,,,,,,,,,,,,,,,,,
btc_daily,2022-07-01,BTC,19923.3,20926.4,18948.8,19272.0,915399.363,,,,,,,,,,,,,,,,,,,,,,,,,,,,,
btc_daily,2022-07-02,BTC,19272.0,19456.0,18959.0,19240.9,382851.525,,,,,,,,,,,,,,,,,,,,,,,,,,,,,
btc_daily,2022-07-03,BTC,19241.0,19645.4,18780.1,19305.9,449508.331,,,,,,,,,,,,,,,,,,,,,,,,,,,,,
btc_daily,2022-07-04,BTC,19306.0,20350.0,19046.3,20226.6,633310.187,,,,,,,,,,,,,,,,,,,,,,,,,,,,,
btc_daily,2022-07-05,BTC,20226.3,20749.2,19291.6,20170.0,854238.867,,,,,,,,,,,,,,,,,,,,,,,,,,,,,
btc_daily,2022-07-06,BTC,20170.1,20667.6,19753.0,20554.1,682076.458,,,,,,,,,,,,,,,,,,,,,,,,,,,,,
btc_daily,2022-07-07,BTC,20554.2,21830.0,20244.9,21613.4,699841.616,,,,,,,,,,,,,,,,,,,,,,,,,,,,,
btc_daily,2022-07-08,BTC,21614.5,22579.9,21175.2,21587.9,848144.495,,,,,,,,,,,,,,,,,,,,,,,,,,,,,
btc_daily,2022-07-09,BTC,21587.8,22000.0,21309.6,21580.0,393372.366,,,,,,,,,,,,,,,,,,,,,,,,,,,,,
btc_daily,2022-07-10,BTC,21580.0,21594.2,20600.0,20853.8,468176.539,,,,,,,,,,,,,,,,,,,,,,,,,,,,,
btc_daily,2022-07-11,BTC,20853.8,20853.9,19870.0,19954.3,561245.987,,,,,,,,,,,,,,,,,,,,,,,,,,,,,
btc_daily,2022-07-12,BTC,19954.3,20048.9,19228.3,19322.9,640560.723,,,,,,,,,,,,,,,,,,,,,,,,,,,,,
btc_daily,2022-07-13,BTC,19322.9,20401.6,18901.0,20220.1,975938.165,,,,,,,,,,,,,,,,,,,,,,,,,,,,,
btc_daily,2022-07-14,BTC,20220.1,20900.0,19600.0,20578.6,765989.53,,,,,,,,,,,,,,,,,,,,,,,,,,,,,
btc_daily,2022-07-15,BTC,20578.6,21200.0,20364.3,20823.1,626763.692,,,,,,,,,,,,,,,,,,,,,,,,,,,,,
btc_daily,2022-07-16,BTC,20823.1,21580.0,20471.0,21183.5,539206.87,,,,,,,,,,,,,,,,,,,,,,,,,,,,,
btc_daily,2022-07-17,BTC,21183.6,21674.1,20742.0,20794.4,485537.728,,,,,,,,,,,,,,,,,,,,,,,,,,,,,
btc_daily,2022-07-18,BTC,20794.4,22800.0,20764.4,22423.9,982867.734,,,,,,,,,,,,,,,,,,,,,,,,,,,,,
btc_daily,2022-07-19,BTC,22423.5,23817.9,21575.0,23385.9,1124029.082,,,,,,,,,,,,,,,,,,,,,,,,,,,,,
btc_daily,2022-07-20,BTC,23385.9,24277.0,22912.4,23221.5,946647.815,,,,,,,,,,,,,,,,,,,,,,,,,,,,,
btc_daily,2022-07-21,BTC,23221.5,23441.1,22340.2,23144.5,723543.466,,,,,,,,,,,,,,,,,,,,,,,,,,,,,
btc_daily,2022-07-22,BTC,23144.5,23750.0,22500.0,22675.1,633907.934,,,,,,,,,,,,,,,,,,,,,,,,,,,,,
btc_daily,2022-07-23,BTC,22675.0,22990.0,21933.5,22440.2,505887.673,,,,,,,,,,,,,,,,,,,,,,,,,,,,,
btc_daily,2022-07-24,BTC,22440.1,22999.0,22256.4,22570.6,462958.953,,,,,,,,,,,,,,,,,,,,,,,,,,,,,
btc_daily,2022-07-25,BTC,22570.6,22656.8,21232.0,21300.0,695770.655,,,,,,,,,,,,,,,,,,,,,,,,,,,,,
btc_daily,2022-07-26,BTC,21300.0,21334.4,20689.6,21241.0,552498.903,,,,,,,,,,,,,,,,,,,,,,,,,,,,,
btc_daily,2022-07-27,BTC,21241.0,23100.0,21031.0,22941.1,753370.303,,,,,,,,,,,,,,,,,,,,,,,,,,,,,
btc_daily,2022-07-28,BTC,22941.1,24194.6,22583.1,23836.2,756741.836,,,,,,,,,,,,,,,,,,,,,,,,,,,,,
btc_daily,2022-07-29,BTC,23836.2,24500.0,23426.3,23771.1,642337.051,,,,,,,,,,,,,,,,,,,,,,,,,,,,,
btc_daily,2022-07-30,BTC,23771.0,24700.0,23505.0,23629.9,493824.816,,,,,,,,,,,,,,,,,,,,,,,,,,,,,
btc_daily,2022-07-31,BTC,23630.0,24187.3,23222.0,23290.1,385969.85,,,,,,,,,,,,,,,,,,,,,,,,,,,,,
btc_daily,2022-08-01,BTC,23290.1,23497.0,22836.2,23257.6,498378.292,,,,,,,,,,,,,,,,,,,,,,,,,,,,,
btc_daily,2022-08-02,BTC,23257.6,23448.7,22603.0,22975.1,625227.912,,,,,,,,,,,,,,,,,,,,,,,,,,,,,
btc_daily,2022-08-03,BTC,22975.1,23650.0,22665.3,22801.5,569261.768,,,,,,,,,,,,,,,,,,,,,,,,,,,,,
btc_daily,2022-08-04,BTC,22801.5,23211.3,22370.0,22608.9,548268.816,,,,,,,,,,,,,,,,,,,,,,,,,,,,,
btc_daily,2022-08-05,BTC,22608.9,23450.0,22580.6,23298.1,593992.13,,,,,,,,,,,,,,,,,,,,,,,,,,,,,
btc_daily,2022-08-06,BTC,23298.0,23341.8,22883.6,22943.3,227659.394,,,,,,,,,,,,,,,,,,,,,,,,,,,,,
btc_daily,2022-08-07,BTC,22943.2,23400.0,22830.9,23167.8,271512.062,,,,,,,,,,,,,,,,,,,,,,,,,,,,,
btc_daily,2022-08-08,BTC,23167.9,24243.0,23153.1,23804.4,565084.219,,,,,,,,,,,,,,,,,,,,,,,,,,,,,
btc_daily,2022-08-09,BTC,23804.3,23913.4,22850.0,23140.2,498286.943,,,,,,,,,,,,,,,,,,,,,,,,,,,,,
btc_daily,2022-08-10,BTC,23140.1,24235.2,22608.0,23940.9,760738.204,,,,,,,,,,,,,,,,,,,,,,,,,,,,,
btc_daily,2022-08-11,BTC,23941.0,24972.0,23840.6,23917.2,760455.245,,,,,,,,,,,,,,,,,,,,,,,,,,,,,
btc_daily,2022-08-12,BTC,23917.3,24438.8,23560.0,24387.5,477734.045,,,,,,,,,,,,,,,,,,,,,,,,,,,,,
btc_daily,2022-08-13,BTC,24387.5,24879.0,24267.5,24429.0,431093.659,,,,,,,,,,,,,,,,,,,,,,,,,,,,,
btc_daily,2022-08-14,BTC,24429.0,25065.0,24138.0,24294.1,437314.32,,,,,,,,,,,,,,,,,,,,,,,,,,,,,
btc_daily,2022-08-15,BTC,24294.1,25200.0,23762.0,24085.2,739390.721,,,,,,,,,,,,,,,,,,,,,,,,,,,,,
btc_daily,2022-08-16,BTC,24085.2,24234.0,23650.0,23843.0,460919.994,,,,,,,,,,,,,,,,,,,,,,,,,,,,,
btc_daily,2022-08-17,BTC,23843.0,24437.0,23170.0,23333.1,640600.903,,,,,,,,,,,,,,,,,,,,,,,,,,,,,
btc_daily,2022-08-18,BTC,23333.1,23595.0,23101.0,23185.1,347699.006,,,,,,,,,,,,,,,,,,,,,,,,,,,,,
btc_daily,2022-08-19,BTC,23185.0,23200.0,20760.0,20824.9,906609.825,,,,,,,,,,,,,,,,,,,,,,,,,,,,,
btc_daily,2022-08-20,BTC,20825.0,21368.9,20742.9,21127.8,490507.042,,,,,,,,,,,,,,,,,,,,,,,,,,,,,
btc_daily,2022-08-21,BTC,21127.7,21804.6,21055.0,21505.6,424282.424,,,,,,,,,,,,,,,,,,,,,,,,,,,,,
btc_daily,2022-08-22,BTC,21505.6,21550.0,20858.6,21387.0,588764.597,,,,,,,,,,,,,,,,,,,,,,,,,,,,,
btc_daily,2022-08-23,BTC,21387.0,21667.2,20874.8,21518.2,609745.27,,,,,,,,,,,,,,,,,,,,,,,,,,,,,
btc_daily,2022-08-24,BTC,21518.2,21925.6,21132.3,21354.9,502728.198,,,,,,,,,,,,,,,,,,,,,,,,,,,,,
btc_daily,2022-08-25,BTC,21355.0,21810.9,21295.3,21548.3,415757.992,,,,,,,,,,,,,,,,,,,,,,,,,,,,,
btc_daily,2022-08-26,BTC,21548.3,21867.6,20100.0,20228.7,896474.356,,,,,,,,,,,,,,,,,,,,,,,,,,,,,
btc_daily,2022-08-27,BTC,20228.7,20367.7,19744.0,20023.9,469598.024,,,,,,,,,,,,,,,,,,,,,,,,,,,,,
btc_daily,2022-08-28,BTC,20024.0,20155.0,19508.0,19547.5,386405.195,,,,,,,,,,,,,,,,,,,,,,,,,,,,,
btc_daily,2022-08-29,BTC,19547.5,20440.0,19539.4,20275.5,598076.669,,,,,,,,,,,,,,,,,,,,,,,,,,,,,
btc_daily,2022-08-30,BTC,20275.5,20574.0,19524.4,19803.1,767714.993,,,,,,,,,,,,,,,,,,,,,,,,,,,,,
btc_daily,2022-08-31,BTC,19803.2,20496.0,19787.9,20041.5,711639.339,,,,,,,,,,,,,,,,,,,,,,,,,,,,,
btc_daily,2022-09-01,BTC,20041.4,20198.3,19555.0,20122.5,691594.721,,,,,,,,,,,,,,,,,,,,,,,,,,,,,
btc_daily,2022-09-02,BTC,20122.6,20434.3,19736.0,19941.0,669047.816,,,,,,,,,,,,,,,,,,,,,,,,,,,,,
btc_daily,2022-09-03,BTC,19941.0,20050.0,19628.7,19820.7,285240.989,,,,,,,,,,,,,,,,,,,,,,,,,,,,,
btc_daily,2022-09-04,BTC,19820.7,20022.4,19570.0,19992.7,396798.184,,,,,,,,,,,,,,,,,,,,,,,,,,,,,
btc_daily,2022-09-05,BTC,19992.7,20046.7,19620.2,19784.9,446706.41,,,,,,,,,,,,,,,,,,,,,,,,,,,,,
btc_daily,2022-09-06,BTC,19784.9,20174.7,18600.0,18781.5,945489.142,,,,,,,,,,,,,,,,,,,,,,,,,,,,,
btc_daily,2022-09-07,BTC,18781.4,19455.0,18500.0,19287.0,595636.693,,,,,,,,,,,,,,,,,,,,,,,,,,,,,
btc_daily,2022-09-08,BTC,19287.0,19450.0,19003.8,19309.3,537268.644,,,,,,,,,,,,,,,,,,,,,,,,,,,,,
btc_daily,2022-09-09,BTC,19309.3,21666.0,19283.0,21352.0,992497.1,,,,,,,,,,,,,,,,,,,,,,,,,,,,,
btc_daily,2022-09-10,BTC,21352.0,21825.0,21112.2,21639.5,491543.206,,,,,,,,,,,,,,,,,,,,,,,,,,,,,
btc_daily,2022-09-11,BTC,21639.5,21883.4,21336.0,21820.3,420979.326,,,,,,,,,,,,,,,,,,,,,,,,,,,,,
btc_daily,2022-09-12,BTC,21820.3,22474.0,21540.0,22386.0,818601.932,,,,,,,,,,,,,,,,,,,,,,,,,,,,,
btc_daily,2022-09-13,BTC,22386.0,22850.0,19840.0,20162.5,1218769.927,,,,,,,,,,,,,,,,,,,,,,,,,,,,,
btc_daily,2022-09-14,BTC,20162.6,20528.5,19600.0,20217.0,661802.597,,,,,,,,,,,,,,,,,,,,,,,,,,,,,
btc_daily,2022-09-15,BTC,20217.0,20315.0,19453.0,19690.8,665862.067,,,,,,,,,,,,,,,,,,,,,,,,,,,,,
btc_daily,2022-09-16,BTC,19690.8,19878.0,19300.0,19792.5,544608.804,,,,,,,,,,,,,,,,,,,,,,,,,,,,,
btc_daily,2022-09-17,BTC,19792.4,20182.6,19739.4,20102.0,334678.558,,,,,,,,,,,,,,,,,,,,,,,,,,,,,
btc_daily,2022-09-18,BTC,20102.0,20105.3,19325.8,19404.5,499916.474,,,,,,,,,,,,,,,,,,,,,,,,,,,,,
btc_daily,2022-09-19,BTC,19404.5,19686.3,18215.0,19528.6,993776.352,,,,,,,,,,,,,,,,,,,,,,,,,,,,,
btc_daily,2022-09-20,BTC,19528.6,19625.0,18690.1,18866.8,794623.932,,,,,,,,,,,,,,,,,,,,,,,,,,,,,
btc_daily,2022-09-21,BTC,18866.7,20154.1,18084.3,18447.5,1168068.979,,,,,,,,,,,,,,,,,,,,,,,,,,,,,
btc_daily,2022-09-22,BTC,18447.5,19504.8,18345.2,19392.5,852898.391,,,,,,,,,,,,,,,,,,,,,,,,,,,,,
btc_daily,2022-09-23,BTC,19392.5,19492.0,18518.5,19280.7,838493.746,,,,,,,,,,,,,,,,,,,,,,,,,,,,,
btc_daily,2022-09-24,BTC,19280.7,19304.5,18798.0,18911.0,377158.215,,,,,,,,,,,,,,,,,,,,,,,,,,,,,
btc_daily,2022-09-25,BTC,18910.9,19196.0,18621.0,18799.7,410461.603,,,,,,,,,,,,,,,,,,,,,,,,,,,,,
btc_daily,2022-09-26,BTC,18799.7,19311.5,18671.0,19216.3,777807.518,,,,,,,,,,,,,,,,,,,,,,,,,,,,,
btc_daily,2022-09-27,BTC,19216.3,20375.0,18801.5,19070.1,1300566.158,,,,,,,,,,,,,,,,,,,,,,,,,,,,,
btc_daily,2022-09-28,BTC,19070.1,19787.6,18460.0,19407.3,1141222.772,,,,,,,,,,,,,,,,,,,,,,,,,,,,,
btc_daily,2022-09-29,BTC,19407.4,19648.8,18827.2,19582.5,991678.224,,,,,,,,,,,,,,,,,,,,,,,,,,,,,
btc_daily,2022-09-30,BTC,19582.5,20172.7,19066.0,19411.7,1071462.934,,,,,,,,,,,,,,,,,,,,,,,,,,,,,
btc_daily,2022-10-01,BTC,19411.6,19474.0,19140.0,19304.0,294457.009,,,,,,,,,,,,,,,,,,,,,,,,,,,,,
btc_daily,2022-10-02,BTC,19304.0,19389.0,18896.0,19049.4,414970.451,,,,,,,,,,,,,,,,,,,,,,,,,,,,,
btc_daily,2022-10-03,BTC,19049.3,19723.7,18950.8,19622.0,621816.329,,,,,,,,,,,,,,,,,,,,,,,,,,,,,
btc_daily,2022-10-04,BTC,19621.9,20500.0,19480.1,20333.0,796678.762,,,,,,,,,,,,,,,,,,,,,,,,,,,,,
btc_daily,2022-10-05,BTC,20332.9,20356.1,19707.0,20150.0,719577.149,,,,,,,,,,,,,,,,,,,,,,,,,,,,,
btc_daily,2022-10-06,BTC,20149.9,20443.9,19843.3,19954.0,782034.669,,,,,,,,,,,,,,,,,,,,,,,,,,,,,
btc_daily,2022-10-07,BTC,19954.0,20067.0,19304.4,19520.9,673407.102,,,,,,,,,,,,,,,,,,,,,,,,,,,,,
btc_daily,2022-10-08,BTC,19520.9,19619.6,19200.0,19406.2,253257.201,,,,,,,,,,,,,,,,,,,,,,,,,,,,,
btc_daily,2022-10-09,BTC,19406.3,19550.0,19310.0,19430.0,267178.795,,,,,,,,,,,,,,,,,,,,,,,,,,,,,
btc_daily,2022-10-10,BTC,19430.0,19513.0,19000.0,19124.0,560920.904,,,,,,,,,,,,,,,,,,,,,,,,,,,,,
btc_daily,2022-10-11,BTC,19124.1,19260.0,18850.0,19055.0,603358.324,,,,,,,,,,,,,,,,,,,,,,,,,,,,,
btc_daily,2022-10-12,BTC,19055.0,19240.0,18924.3,19148.0,406770.288,,,,,,,,,,,,,,,,,,,,,,,,,,,,,
btc_daily,2022-10-13,BTC,19148.1,19498.6,17917.8,19365.5,1104615.001,,,,,,,,,,,,,,,,,,,,,,,,,,,,,
btc_daily,2022-10-14,BTC,19365.4,19947.9,19059.6,19164.6,861453.21,,,,,,,,,,,,,,,,,,,,,,,,,,,,,
btc_daily,2022-10-15,BTC,19164.6,19218.8,18966.0,19060.4,241520.185,,,,,,,,,,,,,,,,,,,,,,,,,,,,,
btc_daily,2022-10-16,BTC,19060.4,19415.9,19058.0,19251.9,267921.192,,,,,,,,,,,,,,,,,,,,,,,,,,,,,
btc_daily,2022-10-17,BTC,19251.8,19666.0,19148.0,19540.6,502319.759,,,,,,,,,,,,,,,,,,,,,,,,,,,,,
btc_daily,2022-10-18,BTC,19540.7,19706.4,19081.0,19320.9,634343.154,,,,,,,,,,,,,,,,,,,,,,,,,,,,,
btc_daily,2022-10-19,BTC,19320.9,19349.8,19050.0,19116.7,404370.458,,,,,,,,,,,,,,,,,,,,,,,,,,,,,
btc_daily,2022-10-20,BTC,19116.6,19350.0,18882.4,19034.7,537627.048,,,,,,,,,,,,,,,,,,,,,,,,,,,,,
btc_daily,2022-10-21,BTC,19034.8,19240.0,18600.0,19150.9,581878.905,,,,,,,,,,,,,,,,,,,,,,,,,,,,,
btc_daily,2022-10-22,BTC,19151.0,19250.0,19103.5,19195.1,174055.042,,,,,,,,,,,,,,,,,,,,,,,,,,,,,
btc_daily,2022-10-23,BTC,19195.1,19690.0,19050.0,19560.7,358611.542,,,,,,,,,,,,,,,,,,,,,,,,,,,,,
btc_daily,2022-10-24,BTC,19560.6,19593.3,19146.0,19318.1,476676.536,,,,,,,,,,,,,,,,,,,,,,,,,,,,,
btc_daily,2022-10-25,BTC,19318.1,20415.0,19228.0,20068.3,777306.534,,,,,,,,,,,,,,,,,,,,,,,,,,,,,
btc_daily,2022-10-26,BTC,20068.3,21030.0,20041.1,20758.3,841864.982,,,,,,,,,,,,,,,,,,,,,,,,,,,,,
btc_daily,2022-10-27,BTC,20758.4,20863.7,20170.0,20285.5,614910.045,,,,,,,,,,,,,,,,,,,,,,,,,,,,,
btc_daily,2022-10-28,BTC,20285.6,20740.0,19951.0,20582.8,595538.882,,,,,,,,,,,,,,,,,,,,,,,,,,,,,
btc_daily,2022-10-29,BTC,20582.7,21088.0,20547.8,20796.7,482217.17,,,,,,,,,,,,,,,,,,,,,,,,,,,,,
btc_daily,2022-10-30,BTC,20796.7,20925.2,20503.0,20615.6,295389.69,,,,,,,,,,,,,,,,,,,,,,,,,,,,,
btc_daily,2022-10-31,BTC,20615.5,20838.7,20225.4,20482.0,478797.266,,,,,,,,,,,,,,,,,,,,,,,,,,,,,
btc_daily,2022-11-01,BTC,20482.1,20687.0,20320.0,20472.1,314676.187,,,,,,,,,,,,,,,,,,,,,,,,,,,,,
btc_daily,2022-11-02,BTC,20472.1,20796.0,20050.0,20140.1,651535.761,,,,,,,,,,,,,,,,,,,,,,,,,,,,,
btc_daily,2022-11-03,BTC,20140.2,20400.0,20026.0,20199.7,372121.061,,,,,,,,,,,,,,,,,,,,,,,,,,,,,
btc_daily,2022-11-04,BTC,20199.8,21297.0,20171.6,21137.6,824515.215,,,,,,,,,,,,,,,,,,,,,,,,,,,,,
btc_daily,2022-11-05,BTC,21137.6,21473.7,21071.1,21289.9,303983.372,,,,,,,,,,,,,,,,,,,,,,,,,,,,,
btc_daily,2022-11-06,BTC,21289.8,21355.8,20863.3,20900.0,277148.646,,,,,,,,,,,,,,,,,,,,,,,,,,,,,
btc_daily,2022-11-07,BTC,20900.0,21062.6,20374.0,20578.6,554408.316,,,,,,,,,,,,,,,,,,,,,,,,,,,,,
btc_daily,2022-11-08,BTC,20578.5,20685.0,16830.0,18534.0,2046476.313,,,,,,,,,,,,,,,,,,,,,,,,,,,,,
btc_daily,2022-11-09,BTC,18533.9,18574.9,15462.6,15905.0,2065606.412,,,,,,,,,,,,,,,,,,,,,,,,,,,,,
btc_daily,2022-11-10,BTC,15905.0,18230.0,15730.0,17588.0,1497093.602,,,,,,,,,,,,,,,,,,,,,,,,,,,,,
btc_daily,2022-11-11,BTC,17588.0,17678.0,16343.0,17058.3,955344.602,,,,,,,,,,,,,,,,,,,,,,,,,,,,,
btc_daily,2022-11-12,BTC,17058.4,17110.8,16623.8,16806.9,304455.717,,,,,,,,,,,,,,,,,,,,,,,,,,,,,
btc_daily,2022-11-13,BTC,16806.9,16950.0,16210.3,16321.2,349742.836,,,,,,,,,,,,,,,,,,,,,,,,,,,,,
btc_daily,2022-11-14,BTC,16321.3,17188.0,15805.5,16605.2,934392.484,,,,,,,,,,,,,,,,,,,,,,,,,,,,,
btc_daily,2022-11-15,BTC,16605.3,17127.2,16516.7,16888.3,649349.458,,,,,,,,,,,,,,,,,,,,,,,,,,,,,
btc_daily,2022-11-16,BTC,16888.3,17007.4,16358.0,16650.6,537241.645,,,,,,,,,,,,,,,,,,,,,,,,,,,,,
btc_daily,2022-11-17,BTC,16650.7,16741.7,16403.3,16682.1,408989.285,,,,,,,,,,,,,,,,,,,,,,,,,,,,,
btc_daily,2022-11-18,BTC,16682.1,16984.4,16541.1,16689.7,388612.842,,,,,,,,,,,,,,,,,,,,,,,,,,,,,
btc_daily,2022-11-19,BTC,16689.7,16814.5,16543.8,16692.9,171822.915,,,,,,,,,,,,,,,,,,,,,,,,,,,,,
btc_daily,2022-11-20,BTC,16693.0,16743.9,16167.1,16272.6,327599.214,,,,,,,,,,,,,,,,,,,,,,,,,,,,,
btc_daily,2022-11-21,BTC,16272.7,16304.3,15443.2,15773.0,790219.365,,,,,,,,,,,,,,,,,,,,,,,,,,,,,
btc_daily,2022-11-22,BTC,15772.9,16309.0,15610.3,16220.6,579333.644,,,,,,,,,,,,,,,,,,,,,,,,,,,,,
btc_daily,2022-11-23,BTC,16220.5,16703.4,16155.5,16595.8,546714.91,,,,,,,,,,,,,,,,,,,,,,,,,,,,,
btc_daily,2022-11-24,BTC,16595.8,16800.0,16450.0,16592.4,351024.418,,,,,,,,,,,,,,,,,,,,,,,,,,,,,
btc_daily,2022-11-25,BTC,16592.5,16639.9,16331.7,16516.1,306560.116,,,,,,,,,,,,,,,,,,,,,,,,,,,,,
btc_daily,2022-11-26,BTC,16516.2,16699.1,16369.1,16449.2,253401.659,,,,,,,,,,,,,,,,,,,,,,,,,,,,,
btc_daily,2022-11-27,BTC,16449.2,16594.2,16396.0,16422.6,189370.345,,,,,,,,,,,,,,,,,,,,,,,,,,,,,
btc_daily,2022-11-28,BTC,16422.5,16475.0,15984.1,16204.5,497137.869,,,,,,,,,,,,,,,,,,,,,,,,,,,,,
btc_daily,2022-11-29,BTC,16204.6,16543.0,16088.0,16433.2,391410.854,,,,,,,,,,,,,,,,,,,,,,,,,,,,,
btc_daily,2022-11-30,BTC,16433.3,17248.3,16421.5,17153.3,620324.95,,,,,,,,,,,,,,,,,,,,,,,,,,,,,
btc_daily,2022-12-01,BTC,17153.4,17348.5,16851.2,16970.5,411051.309,,,,,,,,,,,,,,,,,,,,,,,,,,,,,
btc_daily,2022-12-02,BTC,16970.5,17096.3,16760.0,17083.0,335039.215,,,,,,,,,,,,,,,,,,,,,,,,,,,,,
btc_daily,2022-12-03,BTC,17083.0,17160.0,16850.1,16879.5,185257.242,,,,,,,,,,,,,,,,,,,,,,,,,,,,,
btc_daily,2022-12-04,BTC,16879.5,17206.2,16874.1,17099.5,292090.868,,,,,,,,,,,,,,,,,,,,,,,,,,,,,
btc_daily,2022-12-05,BTC,17099.5,17430.0,16860.6,16958.3,519961.39,,,,,,,,,,,,,,,,,,,,,,,,,,,,,
btc_daily,2022-12-06,BTC,16958.2,17100.0,16899.9,17078.6,321330.613,,,,,,,,,,,,,,,,,,,,,,,,,,,,,
btc_daily,2022-12-07,BTC,17078.7,17130.0,16655.0,16828.0,337778.925,,,,,,,,,,,,,,,,,,,,,,,,,,,,,
btc_daily,2022-12-08,BTC,16828.0,17294.9,16710.4,17216.0,402157.335,,,,,,,,,,,,,,,,,,,,,,,,,,,,,
btc_daily,2022-12-09,BTC,17216.0,17365.4,17052.0,17122.0,290231.183,,,,,,,,,,,,,,,,,,,,,,,,,,,,,
btc_daily,2022-12-10,BTC,17122.0,17228.6,17081.0,17120.0,141895.207,,,,,,,,,,,,,,,,,,,,,,,,,,,,,
btc_daily,2022-12-11,BTC,17120.1,17265.0,17060.0,17077.3,171004.111,,,,,,,,,,,,,,,,,,,,,,,,,,,,,
btc_daily,2022-12-12,BTC,17077.3,17237.9,16865.0,17200.0,335856.258,,,,,,,,,,,,,,,,,,,,,,,,,,,,,
btc_daily,2022-12-13,BTC,17200.0,18100.0,17076.0,17777.1,596851.291,,,,,,,,,,,,,,,,,,,,,,,,,,,,,
btc_daily,2022-12-14,BTC,17777.1,18400.0,17659.4,17803.9,627511.699,,,,,,,,,,,,,,,,,,,,,,,,,,,,,
btc_daily,2022-12-15,BTC,17804.0,17849.5,17258.0,17351.8,437284.037,,,,,,,,,,,,,,,,,,,,,,,,,,,,,
btc_daily,2022-12-16,BTC,17351.9,17528.0,16521.1,16624.1,622150.245,,,,,,,,,,,,,,,,,,,,,,,,,,,,,
btc_daily,2022-12-17,BTC,16624.1,16790.0,16571.8,16768.0,248465.273,,,,,,,,,,,,,,,,,,,,,,,,,,,,,
btc_daily,2022-12-18,BTC,16768.1,16872.0,16656.0,16730.3,185898.213,,,,,,,,,,,,,,,,,,,,,,,,,,,,,
btc_daily,2022-12-19,BTC,16730.4,16809.6,16210.0,16429.2,344728.552,,,,,,,,,,,,,,,,,,,,,,,,,,,,,
btc_daily,2022-12-20,BTC,16429.2,17049.6,16390.3,16887.2,476171.098,,,,,,,,,,,,,,,,,,,,,,,,,,,,,
btc_daily,2022-12-21,BTC,16887.3,16924.2,16694.2,16819.6,227752.335,,,,,,,,,,,,,,,,,,,,,,,,,,,,,
btc_daily,2022-12-22,BTC,16819.7,16861.9,16556.1,16815.5,306610.961,,,,,,,,,,,,,,,,,,,,,,,,,,,,,
btc_daily,2022-12-23,BTC,16815.5,16960.0,16690.0,16776.4,264553.42,,,,,,,,,,,,,,,,,,,,,,,,,,,,,
btc_daily,2022-12-24,BTC,16776.3,16859.9,16774.4,16828.9,82410.79,,,,,,,,,,,,,,,,,,,,,,,,,,,,,
btc_daily,2022-12-25,BTC,16829.0,16850.0,16700.0,16824.4,144075.843,,,,,,,,,,,,,,,,,,,,,,,,,,,,,
btc_daily,2022-12-26,BTC,16824.5,16936.8,16781.1,16912.9,148128.699,,,,,,,,,,,,,,,,,,,,,,,,,,,,,
btc_daily,2022-12-27,BTC,16912.8,16968.0,16580.0,16698.2,262828.564,,,,,,,,,,,,,,,,,,,,,,,,,,,,,
btc_daily,2022-12-28,BTC,16698.2,16778.3,16455.6,16539.0,344649.858,,,,,,,,,,,,,,,,,,,,,,,,,,,,,
btc_daily,2022-12-29,BTC,16538.9,16659.0,16485.1,16630.3,208591.531,,,,,,,,,,,,,,,,,,,,,,,,,,,,,
btc_daily,2022-12-30,BTC,16630.3,16666.6,16320.0,16601.2,295630.49,,,,,,,,,,,,,,,,,,,,,,,,,,,,,
btc_daily,2022-12-31,BTC,16601.2,16640.0,16461.8,16537.6,134462.156,,,,,,,,,,,,,,,,,,,,,,,,,,,,,
btc_daily,2023-01-01,BTC,16537.5,16618.8,16488.0,16610.3,105502.965,,,,,,,,,,,,,,,,,,,,,,,,,,,,,
btc_daily,2023-01-02,BTC,16610.4,16799.0,16541.2,16666.0,215161.176,,,,,,,,,,,,,,,,,,,,,,,,,,,,,
btc_daily,2023-01-03,BTC,16665.9,16774.0,16600.3,16667.2,203070.205,,,,,,,,,,,,,,,,,,,,,,,,,,,,,
btc_daily,2023-01-04,BTC,16667.3,16984.6,16645.7,16842.1,349747.838,,,,,,,,,,,,,,,,,,,,,,,,,,,,,
btc_daily,2023-01-05,BTC,16842.2,16872.8,16740.4,16823.8,176369.347,,,,,,,,,,,,,,,,,,,,,,,,,,,,,
btc_daily,2023-01-06,BTC,16823.8,17030.0,16664.8,16943.8,316973.629,,,,,,,,,,,,,,,,,,,,,,,,,,,,,
btc_daily,2023-01-07,BTC,16943.9,16973.6,16900.1,16936.5,77973.105,,,,,,,,,,,,,,,,,,,,,,,,,,,,,
btc_daily,2023-01-08,BTC,16936.5,17181.1,16905.0,17124.7,157717.318,,,,,,,,,,,,,,,,,,,,,,,,,,,,,
btc_daily,2023-01-09,BTC,17124.6,17387.8,17098.2,17169.7,400277.809,,,,,,,,,,,,,,,,,,,,,,,,,,,,,
btc_daily,2023-01-10,BTC,17169.6,17485.4,17140.4,17428.8,297320.371,,,,,,,,,,,,,,,,,,,,,,,,,,,,,
btc_daily,2023-01-11,BTC,17428.8,18013.2,17306.4,17935.7,386277.106,,,,,,,,,,,,,,,,,,,,,,,,,,,,,
btc_daily,2023-01-12,BTC,17935.6,19120.0,17902.4,18838.0,1040334.76,,,,,,,,,,,,,,,,,,,,,,,,,,,,,
btc_daily,2023-01-13,BTC,18838.1,19997.8,18711.0,19924.2,806807.832,,,,,,,,,,,,,,,,,,,,,,,,,,,,,
btc_daily,2023-01-14,BTC,19924.3,21544.0,19882.6,20962.8,1010666.683,,,,,,,,,,,,,,,,,,,,,,,,,,,,,
btc_daily,2023-01-15,BTC,20962.8,21073.8,20556.0,20882.7,428486.559,,,,,,,,,,,,,,,,,,,,,,,,,,,,,
btc_daily,2023-01-16,BTC,20882.7,21498.0,20606.6,21188.3,666148.201,,,,,,,,,,,,,,,,,,,,,,,,,,,,,
btc_daily,2023-01-17,BTC,21188.2,21640.0,20827.8,21130.9,547390.593,,,,,,,,,,,,,,,,,,,,,,,,,,,,,
btc_daily,2023-01-18,BTC,21130.8,21672.0,20386.0,20680.0,813785.517,,,,,,,,,,,,,,,,,,,,,,,,,,,,,
btc_daily,2023-01-19,BTC,20680.1,21183.9,20659.9,21068.3,374733.617,,,,,,,,,,,,,,,,,,,,,,,,,,,,,
btc_daily,2023-01-20,BTC,21068.3,22750.0,20856.4,22661.1,723645.2,,,,,,,,,,,,,,,,,,,,,,,,,,,,,
btc_daily,2023-01-21,BTC,22661.0,23390.0,22422.0,22781.9,764681.1,,,,,,,,,,,,,,,,,,,,,,,,,,,,,
btc_daily,2023-01-22,BTC,22781.8,23080.2,22287.0,22704.6,482529.811,,,,,,,,,,,,,,,,,,,,,,,,,,,,,
btc_daily,2023-01-23,BTC,22704.7,23193.1,22500.0,22913.1,525802.84,,,,,,,,,,,,,,,,,,,,,,,,,,,,,
btc_daily,2023-01-24,BTC,22913.3,23158.7,22450.0,22627.4,505615.816,,,,,,,,,,,,,,,,,,,,,,,,,,,,,
btc_daily,2023-01-25,BTC,22627.5,23837.4,22310.5,23060.6,692786.607,,,,,,,,,,,,,,,,,,,,,,,,,,,,,
btc_daily,2023-01-26,BTC,23060.6,23278.7,22843.8,23001.9,427760.786,,,,,,,,,,,,,,,,,,,,,,,,,,,,,
btc_daily,2023-01-27,BTC,23001.9,23500.0,22516.6,23068.0,509920.307,,,,,,,,,,,,,,,,,,,,,,,,,,,,,
btc_daily,2023-01-28,BTC,23068.1,23185.0,22870.8,23015.9,186400.943,,,,,,,,,,,,,,,,,,,,,,,,,,,,,
btc_daily,2023-01-29,BTC,23016.0,23962.7,22961.5,23740.3,562028.231,,,,,,,,,,,,,,,,,,,,,,,,,,,,,
btc_daily,2023-01-30,BTC,23740.2,23804.6,22484.2,22819.9,572537.407,,,,,,,,,,,,,,,,,,,,,,,,,,,,,
btc_daily,2023-01-31,BTC,22819.9,23330.0,22715.3,23119.4,403726.966,,,,,,,,,,,,,,,,,,,,,,,,,,,,,
btc_daily,2023-02-01,BTC,23119.5,23852.4,22747.0,23730.0,571429.711,,,,,,,,,,,,,,,,,,,,,,,,,,,,,
btc_daily,2023-02-02,BTC,23730.1,24281.4,23365.0,23493.1,615740.338,,,,,,,,,,,,,,,,,,,,,,,,,,,,,
btc_daily,2023-02-03,BTC,23493.0,23719.9,23201.0,23424.7,470831.438,,,,,,,,,,,,,,,,,,,,,,,,,,,,,
btc_daily,2023-02-04,BTC,23424.7,23591.4,23250.0,23322.6,197118.393,,,,,,,,,,,,,,,,,,,,,,,,,,,,,
btc_daily,2023-02-05,BTC,23322.6,23436.0,22741.0,22929.2,356665.034,,,,,,,,,,,,,,,,,,,,,,,,,,,,,
btc_daily,2023-02-06,BTC,22929.3,23159.4,22600.0,22757.7,417160.143,,,,,,,,,,,,,,,,,,,,,,,,,,,,,
btc_daily,2023-02-07,BTC,22757.8,23368.6,22742.4,23234.1,447273.494,,,,,,,,,,,,,,,,,,,,,,,,,,,,,
btc_daily,2023-02-08,BTC,23234.1,23450.0,22662.9,22955.9,383465.481,,,,,,,,,,,,,,,,,,,,,,,,,,,,,
btc_daily,2023-02-09,BTC,22955.9,23007.8,21684.7,21793.4,732295.35,,,,,,,,,,,,,,,,,,,,,,,,,,,,,
btc_daily,2023-02-10,BTC,21793.3,21933.8,21405.0,21618.6,439986.497,,,,,,,,,,,,,,,,,,,,,,,,,,,,,
btc_daily,2023-02-11,BTC,21618.6,21891.9,21594.4,21851.3,189249.667,,,,,,,,,,,,,,,,,,,,,,,,,,,,,
btc_daily,2023-02-12,BTC,21851.2,22080.9,21618.0,21771.1,276787.093,,,,,,,,,,,,,,,,,,,,,,,,,,,,,
btc_daily,2023-02-13,BTC,21771.0,21888.0,21338.0,21766.2,511595.693,,,,,,,,,,,,,,,,,,,,,,,,,,,,,
btc_daily,2023-02-14,BTC,21766.1,22320.0,21485.2,22187.4,598791.509,,,,,,,,,,,,,,,,,,,,,,,,,,,,,
btc_daily,2023-02-15,BTC,22187.4,24420.0,22038.5,24332.6,824676.471,,,,,,,,,,,,,,,,,,,,,,,,,,,,,
btc_daily,2023-02-16,BTC,24332.7,25290.0,23518.0,23526.6,959463.159,,,,,,,,,,,,,,,,,,,,,,,,,,,,,
btc_daily,2023-02-17,BTC,23526.6,25043.2,23350.0,24581.5,922717.148,,,,,,,,,,,,,,,,,,,,,,,,,,,,,
btc_daily,2023-02-18,BTC,24581.3,24887.5,24430.6,24636.9,261555.556,,,,,,,,,,,,,,,,,,,,,,,,,,,,,
btc_daily,2023-02-19,BTC,24636.8,25200.0,24179.4,24265.9,543506.628,,,,,,,,,,,,,,,,,,,,,,,,,,,,,
btc_daily,2023-02-20,BTC,24265.9,25140.0,23827.0,24849.9,646401.072,,,,,,,,,,,,,,,,,,,,,,,,,,,,,
btc_daily,2023-02-21,BTC,24849.9,25347.6,24150.0,24443.4,729290.575,,,,,,,,,,,,,,,,,,,,,,,,,,,,,
btc_daily,2023-02-22,BTC,24443.3,24468.5,23572.0,24171.3,730414.101,,,,,,,,,,,,,,,,,,,,,,,,,,,,,
btc_daily,2023-02-23,BTC,24171.3,24588.0,23590.0,23928.8,751339.414,,,,,,,,,,,,,,,,,,,,,,,,,,,,,
btc_daily,2023-02-24,BTC,23928.7,24138.6,22800.0,23175.6,731577.942,,,,,,,,,,,,,,,,,,,,,,,,,,,,,
btc_daily,2023-02-25,BTC,23175.5,23210.5,22700.0,23146.2,310795.648,,,,,,,,,,,,,,,,,,,,,,,,,,,,,
btc_daily,2023-02-26,BTC,23146.2,23675.0,23050.0,23545.3,371395.056,,,,,,,,,,,,,,,,,,,,,,,,,,,,,
btc_daily,2023-02-27,BTC,23545.2,23888.0,23088.0,23480.0,576754.966,,,,,,,,,,,,,,,,,,,,,,,,,,,,,
btc_daily,2023-02-28,BTC,23480.0,23592.8,23010.0,23129.6,456919.838,,,,,,,,,,,,,,,,,,,,,,,,,,,,,
btc_daily,2023-03-01,BTC,23129.7,24022.7,23008.4,23619.8,617250.311,,,,,,,,,,,,,,,,,,,,,,,,,,,,,
btc_daily,2023-03-02,BTC,23619.8,23790.5,23183.0,23457.1,419256.601,,,,,,,,,,,,,,,,,,,,,,,,,,,,,
btc_daily,2023-03-03,BTC,23457.1,23468.5,21883.2,22342.8,608518.137,,,,,,,,,,,,,,,,,,,,,,,,,,,,,
btc_daily,2023-03-04,BTC,22342.8,22400.0,22147.5,22335.7,175309.211,,,,,,,,,,,,,,,,,,,,,,,,,,,,,
btc_daily,2023-03-05,BTC,22335.8,22650.0,22174.9,22419.4,282261.745,,,,,,,,,,,,,,,,,,,,,,,,,,,,,
btc_daily,2023-03-06,BTC,22419.3,22594.5,22240.1,22397.1,298976.397,,,,,,,,,,,,,,,,,,,,,,,,,,,,,
btc_daily,2023-03-07,BTC,22397.1,22550.0,21908.0,22187.1,548494.099,,,,,,,,,,,,,,,,,,,,,,,,,,,,,
btc_daily,2023-03-08,BTC,22187.1,22276.4,21540.5,21695.4,547867.967,,,,,,,,,,,,,,,,,,,,,,,,,,,,,
btc_daily,2023-03-09,BTC,21695.3,21823.0,20003.5,20348.3,951903.36,,,,,,,,,,,,,,,,,,,,,,,,,,,,,
btc_daily,2023-03-10,BTC,20348.4,20351.8,19521.6,20140.3,1238135.265,,,,,,,,,,,,,,,,,,,,,,,,,,,,,
btc_daily,2023-03-11,BTC,20140.3,20674.5,19752.5,20447.3,753479.558,,,,,,,,,,,,,,,,,,,,,,,,,,,,,
btc_daily,2023-03-12,BTC,20447.3,22184.0,20262.2,21986.2,881522.402,,,,,,,,,,,,,,,,,,,,,,,,,,,,,
btc_daily,2023-03-13,BTC,21986.2,24517.2,21804.0,24119.5,1534982.176,,,,,,,,,,,,,,,,,,,,,,,,,,,,,
btc_daily,2023-03-14,BTC,24119.5,26489.9,23951.0,24682.5,1572562.635,,,,,,,,,,,,,,,,,,,,,,,,,,,,,
btc_daily,2023-03-15,BTC,24682.5,25200.0,23888.0,24288.0,1102056.429,,,,,,,,,,,,,,,,,,,,,,,,,,,,,
btc_daily,2023-03-16,BTC,24287.9,25167.9,24120.5,24990.4,735446.946,,,,,,,,,,,,,,,,,,,,,,,,,,,,,
btc_daily,2023-03-17,BTC,24990.5,27763.4,24875.3,27384.0,1341159.064,,,,,,,,,,,,,,,,,,,,,,,,,,,,,
btc_daily,2023-03-18,BTC,27383.9,27726.4,26555.5,26907.0,740232.316,,,,,,,,,,,,,,,,,,,,,,,,,,,,,
btc_daily,2023-03-19,BTC,26907.0,28397.0,26815.9,27955.7,759367.078,,,,,,,,,,,,,,,,,,,,,,,,,,,,,
btc_daily,2023-03-20,BTC,27955.8,28483.2,27120.6,27704.1,937223.448,,,,,,,,,,,,,,,,,,,,,,,,,,,,,
btc_daily,2023-03-21,BTC,27704.1,28460.0,27288.0,28091.1,685487.714,,,,,,,,,,,,,,,,,,,,,,,,,,,,,
btc_daily,2023-03-22,BTC,28091.1,28881.0,26590.0,27233.8,1080393.27,,,,,,,,,,,,,,,,,,,,,,,,,,,,,
btc_daily,2023-03-23,BTC,27233.8,28777.0,27101.0,28284.1,808174.047,,,,,,,,,,,,,,,,,,,,,,,,,,,,,
btc_daily,2023-03-24,BTC,28284.0,28369.1,26960.0,27438.9,696075.37,,,,,,,,,,,,,,,,,,,,,,,,,,,,,
btc_daily,2023-03-25,BTC,27439.0,27788.0,27131.8,27447.3,335674.055,,,,,,,,,,,,,,,,,,,,,,,,,,,,,
btc_daily,2023-03-26,BTC,27447.2,28186.9,27400.0,27954.3,399756.985,,,,,,,,,,,,,,,,,,,,,,,,,,,,,
btc_daily,2023-03-27,BTC,27954.3,28019.4,26480.0,27112.0,642434.822,,,,,,,,,,,,,,,,,,,,,,,,,,,,,
btc_daily,2023-03-28,BTC,27112.0,27500.0,26610.0,27249.7,585080.772,,,,,,,,,,,,,,,,,,,,,,,,,,,,,
btc_daily,2023-03-29,BTC,27249.7,28649.9,27223.6,28338.5,655852.971,,,,,,,,,,,,,,,,,,,,,,,,,,,,,
btc_daily,2023-03-30,BTC,28338.6,29184.8,27654.1,28015.0,770966.1,,,,,,,,,,,,,,,,,,,,,,,,,,,,,
btc_daily,2023-03-31,BTC,28015.0,28675.3,27500.0,28454.9,611557.29,,,,,,,,,,,,,,,,,,,,,,,,,,,,,
btc_daily,2023-04-01,BTC,28454.8,28845.3,28180.0,28443.8,256487.222,,,,,,,,,,,,,,,,,,,,,,,,,,,,,
btc_daily,2023-04-02,BTC,28443.7,28516.5,27820.0,28161.2,316658.67,,,,,,,,,,,,,,,,,,,,,,,,,,,,,
btc_daily,2023-04-03,BTC,28161.3,28540.0,27166.0,27786.1,741665.563,,,,,,,,,,,,,,,,,,,,,,,,,,,,,
btc_daily,2023-04-04,BTC,27786.1,28450.0,27650.2,28155.2,432370.612,,,,,,,,,,,,,,,,,,,,,,,,,,,,,
btc_daily,2023-04-05,BTC,28155.1,28800.0,27775.0,28154.0,543712.838,,,,,,,,,,,,,,,,,,,,,,,,,,,,,
btc_daily,2023-04-06,BTC,28154.0,28175.0,27684.2,28022.8,355916.782,,,,,,,,,,,,,,,,,,,,,,,,,,,,,
btc_daily,2023-04-07,BTC,28022.9,28096.0,27755.0,27890.7,219250.178,,,,,,,,,,,,,,,,,,,,,,,,,,,,,
btc_daily,2023-04-08,BTC,27890.7,28153.6,27850.1,27924.9,159129.56,,,,,,,,,,,,,,,,,,,,,,,,,,,,,
btc_daily,2023-04-09,BTC,27924.9,28539.1,27762.8,28309.4,305861.88,,,,,,,,,,,,,,,,,,,,,,,,,,,,,
btc_daily,2023-04-10,BTC,28309.4,29840.0,28153.6,29623.1,580061.925,,,,,,,,,,,,,,,,,,,,,,,,,,,,,
btc_daily,2023-04-11,BTC,29623.1,30564.0,29573.9,30185.1,628978.491,,,,,,,,,,,,,,,,,,,,,,,,,,,,,
btc_daily,2023-04-12,BTC,30185.1,30480.0,29620.0,29875.0,563668.43,,,,,,,,,,,,,,,,,,,,,,,,,,,,,
btc_daily,2023-04-13,BTC,29874.9,30648.9,29836.7,30362.7,436182.494,,,,,,,,,,,,,,,,,,,,,,,,,,,,,
btc_daily,2023-04-14,BTC,30362.7,31059.0,29925.0,30453.1,615391.615,,,,,,,,,,,,,,,,,,,,,,,,,,,,,
btc_daily,2023-04-15,BTC,30453.0,30599.9,30186.0,30280.4,180234.082,,,,,,,,,,,,,,,,,,,,,,,,,,,,,
btc_daily,2023-04-16,BTC,30280.4,30560.0,30102.0,30286.6,210226.019,,,,,,,,,,,,,,,,,,,,,,,,,,,,,
btc_daily,2023-04-17,BTC,30286.6,30307.4,29219.9,29420.0,455518.548,,,,,,,,,,,,,,,,,,,,,,,,,,,,,
btc_daily,2023-04-18,BTC,29420.1,30480.0,29078.1,30365.8,533189.27,,,,,,,,,,,,,,,,,,,,,,,,,,,,,
btc_daily,2023-04-19,BTC,30365.8,30410.0,28557.3,28795.1,643866.11,,,,,,,,,,,,,,,,,,,,,,,,,,,,,
btc_daily,2023-04-20,BTC,28795.0,29078.0,27983.0,28229.9,639179.286,,,,,,,,,,,,,,,,,,,,,,,,,,,,,
btc_daily,2023-04-21,BTC,28229.9,28368.9,27100.0,27252.5,687832.833,,,,,,,,,,,,,,,,,,,,,,,,,,,,,
btc_daily,2023-04-22,BTC,27252.6,27888.0,27126.0,27807.2,345549.021,,,,,,,,,,,,,,,,,,,,,,,,,,,,,
btc_daily,2023-04-23,BTC,27807.2,27807.3,27279.7,27576.0,332082.355,,,,,,,,,,,,,,,,,,,,,,,,,,,,,
btc_daily,2023-04-24,BTC,27575.9,28000.0,26919.3,27497.5,581268.268,,,,,,,,,,,,,,,,,,,,,,,,,,,,,
btc_daily,2023-04-25,BTC,27497.4,28379.9,27176.6,28286.7,508254.515,,,,,,,,,,,,,,,,,,,,,,,,,,,,,
btc_daily,2023-04-26,BTC,28286.7,30048.2,27200.0,28395.9,1284924.668,,,,,,,,,,,,,,,,,,,,,,,,,,,,,
btc_daily,2023-04-27,BTC,28396.0,29898.0,28365.3,29459.0,952584.739,,,,,,,,,,,,,,,,,,,,,,,,,,,,,
btc_daily,2023-04-28,BTC,29459.0,29591.1,28870.0,29300.0,508350.155,,,,,,,,,,,,,,,,,,,,,,,,,,,,,
btc_daily,2023-04-29,BTC,29300.0,29443.9,29000.4,29212.7,218013.244,,,,,,,,,,,,,,,,,,,,,,,,,,,,,
btc_daily,2023-04-30,BTC,29212.7,29950.0,29067.4,29223.0,417798.846,,,,,,,,,,,,,,,,,,,,,,,,,,,,,
btc_daily,2023-05-01,BTC,29223.0,29325.5,27650.0,28054.4,624974.488,,,,,,,,,,,,,,,,,,,,,,,,,,,,,
btc_daily,2023-05-02,BTC,28054.5,28888.0,27854.0,28656.5,513546.269,,,,,,,,,,,,,,,,,,,,,,,,,,,,,
btc_daily,2023-05-03,BTC,28656.4,29258.4,28080.0,29018.4,676466.23,,,,,,,,,,,,,,,,,,,,,,,,,,,,,
btc_daily,2023-05-04,BTC,29018.4,29380.0,28660.0,28826.0,426425.584,,,,,,,,,,,,,,,,,,,,,,,,,,,,,
btc_daily,2023-05-05,BTC,28826.0,29693.0,28618.3,29491.5,578485.177,,,,,,,,,,,,,,,,,,,,,,,,,,,,,
btc_daily,2023-05-06,BTC,29491.5,29840.0,28333.0,28837.8,475628.901,,,,,,,,,,,,,,,,,,,,,,,,,,,,,
btc_daily,2023-05-07,BTC,28837.9,29137.0,28370.0,28419.4,308410.643,,,,,,,,,,,,,,,,,,,,,,,,,,,,,
btc_daily,2023-05-08,BTC,28419.5,28624.6,27250.0,27659.8,658188.777,,,,,,,,,,,,,,,,,,,,,,,,,,,,,
btc_daily,2023-05-09,BTC,27659.8,27815.6,27316.8,27610.2,367664.686,,,,,,,,,,,,,,,,,,,,,,,,,,,,,
btc_daily,2023-05-10,BTC,27610.2,28297.0,26666.6,27582.9,722502.676,,,,,,,,,,,,,,,,,,,,,,,,,,,,,
btc_daily,2023-05-11,BTC,27583.0,27630.0,26688.8,26956.4,538822.363,,,,,,,,,,,,,,,,,,,,,,,,,,,,,
btc_daily,2023-05-12,BTC,26956.4,27090.0,25751.0,26785.1,615645.508,,,,,,,,,,,,,,,,,,,,,,,,,,,,,
btc_daily,2023-05-13,BTC,26785.2,27051.5,26674.9,26762.7,242694.929,,,,,,,,,,,,,,,,,,,,,,,,,,,,,
btc_daily,2023-05-14,BTC,26762.8,27200.0,26557.0,26901.9,247579.427,,,,,,,,,,,,,,,,,,,,,,,,,,,,,
btc_daily,2023-05-15,BTC,26901.9,27650.0,26694.4,27152.5,450263.076,,,,,,,,,,,,,,,,,,,,,,,,,,,,,
btc_daily,2023-05-16,BTC,27152.5,27284.7,26832.0,27024.8,373172.951,,,,,,,,,,,,,,,,,,,,,,,,,,,,,
btc_daily,2023-05-17,BTC,27024.7,27500.0,26527.5,27395.8,490065.218,,,,,,,,,,,,,,,,,,,,,,,,,,,,,
btc_daily,2023-05-18,BTC,27395.7,27482.7,26335.3,26809.3,544971.979,,,,,,,,,,,,,,,,,,,,,,,,,,,,,
btc_daily,2023-05-19,BTC,26809.4,27180.0,26611.2,26870.1,324097.956,,,,,,,,,,,,,,,,,,,,,,,,,,,,,
btc_daily,2023-05-20,BTC,26870.1,27144.4,26813.5,27089.5,137515.354,,,,,,,,,,,,,,,,,,,,,,,,,,,,,
btc_daily,2023-05-21,BTC,27089.6,27288.0,26642.0,26732.8,238776.425,,,,,,,,,,,,,,,,,,,,,,,,,,,,,
btc_daily,2023-05-22,BTC,26732.8,27097.8,26500.0,26840.2,328030.52,,,,,,,,,,,,,,,,,,,,,,,,,,,,,
btc_daily,2023-05-23,BTC,26840.2,27527.5,26782.6,27209.9,369176.618,,,,,,,,,,,,,,,,,,,,,,,,,,,,,
btc_daily,2023-05-24,BTC,27209.9,27212.9,26060.0,26313.8,535191.677,,,,,,,,,,,,,,,,,,,,,,,,,,,,,
btc_daily,2023-05-25,BTC,26313.9,26644.0,25850.0,26461.8,394535.225,,,,,,,,,,,,,,,,,,,,,,,,,,,,,
btc_daily,2023-05-26,BTC,26461.7,26925.0,26313.9,26689.9,324475.546,,,,,,,,,,,,,,,,,,,,,,,,,,,,,
btc_daily,2023-05-27,BTC,26689.8,26890.0,26528.6,26841.6,163681.935,,,,,,,,,,,,,,,,,,,,,,,,,,,,,
btc_daily,2023-05-28,BTC,26841.6,28252.8,26746.0,28055.7,440115.394,,,,,,,,,,,,,,,,,,,,,,,,,,,,,
btc_daily,2023-05-29,BTC,28055.8,28442.0,27513.5,27722.0,411290.549,,,,,,,,,,,,,,,,,,,,,,,,,,,,,
btc_daily,2023-05-30,BTC,27722.1,28038.6,27530.0,27680.1,334379.313,,,,,,,,,,,,,,,,,,,,,,,,,,,,,
btc_daily,2023-05-31,BTC,27680.0,27825.0,26826.0,27201.1,471381.89,,,,,,,,,,,,,,,,,,,,,,,,,,,,,
btc_daily,2023-06-01,BTC,27201.1,27347.9,26600.0,26805.3,404787.572,,,,,,,,,,,,,,,,,,,,,,,,,,,,,
btc_daily,2023-06-02,BTC,26805.3,27290.0,26477.6,27227.8,391110.093,,,,,,,,,,,,,,,,,,,,,,,,,,,,,
btc_daily,2023-06-03,BTC,27227.8,27340.2,26900.0,27054.9,182464.1,,,,,,,,,,,,,,,,,,,,,,,,,,,,,
btc_daily,2023-06-04,BTC,27054.9,27460.0,26935.3,27102.4,218271.544,,,,,,,,,,,,,,,,,,,,,,,,,,,,,
btc_daily,2023-06-05,BTC,27102.4,27125.0,25360.1,25714.7,700502.548,,,,,,,,,,,,,,,,,,,,,,,,,,,,,
btc_daily,2023-06-06,BTC,25714.6,27358.1,25321.6,27221.5,731445.649,,,,,,,,,,,,,,,,,,,,,,,,,,,,,
btc_daily,2023-06-07,BTC,27221.5,27394.4,26111.0,26325.9,660044.537,,,,,,,,,,,,,,,,,,,,,,,,,,,,,
btc_daily,2023-06-08,BTC,26325.9,26800.0,26195.4,26485.9,333104.839,,,,,,,,,,,,,,,,,,,,,,,,,,,,,
btc_daily,2023-06-09,BTC,26486.0,26775.0,26236.0,26468.1,283719.198,,,,,,,,,,,,,,,,,,,,,,,,,,,,,
btc_daily,2023-06-10,BTC,26468.2,26525.0,25300.0,25826.6,608917.569,,,,,,,,,,,,,,,,,,,,,,,,,,,,,
btc_daily,2023-06-11,BTC,25826.6,26199.0,25621.3,25909.9,279365.563,,,,,,,,,,,,,,,,,,,,,,,,,,,,,
btc_daily,2023-06-12,BTC,25910.0,26097.7,25600.0,25894.8,298900.468,,,,,,,,,,,,,,,,,,,,,,,,,,,,,
btc_daily,2023-06-13,BTC,25894.8,26430.5,25708.0,25918.0,434536.754,,,,,,,,,,,,,,,,,,,,,,,,,,,,,
btc_daily,2023-06-14,BTC,25918.0,26099.3,24796.8,25115.9,464681.602,,,,,,,,,,,,,,,,,,,,,,,,,,,,,
btc_daily,2023-06-15,BTC,25115.9,25750.0,24777.0,25586.1,473971.375,,,,,,,,,,,,,,,,,,,,,,,,,,,,,
btc_daily,2023-06-16,BTC,25586.0,26526.9,25142.1,26336.0,533144.956,,,,,,,,,,,,,,,,,,,,,,,,,,,,,
btc_daily,2023-06-17,BTC,26335.9,26900.0,26170.8,26508.9,305738.396,,,,,,,,,,,,,,,,,,,,,,,,,,,,,
btc_daily,2023-06-18,BTC,26508.8,26709.4,26230.9,26329.7,241977.484,,,,,,,,,,,,,,,,,,,,,,,,,,,,,
btc_daily,2023-06-19,BTC,26329.6,27077.0,26241.2,26828.5,400533.758,,,,,,,,,,,,,,,,,,,,,,,,,,,,,
btc_daily,2023-06-20,BTC,26828.6,28397.8,26633.9,28290.6,758176.297,,,,,,,,,,,,,,,,,,,,,,,,,,,,,
btc_daily,2023-06-21,BTC,28290.7,30822.0,28236.4,29988.5,1123474.427,,,,,,,,,,,,,,,,,,,,,,,,,,,,,
btc_daily,2023-06-22,BTC,29988.5,30488.0,29500.1,29875.0,561051.742,,,,,,,,,,,,,,,,,,,,,,,,,,,,,
btc_daily,2023-06-23,BTC,29875.0,31500.0,29792.0,30673.4,699073.071,,,,,,,,,,,,,,,,,,,,,,,,,,,,,
btc_daily,2023-06-24,BTC,30673.5,30796.5,30222.0,30524.2,279539.288,,,,,,,,,,,,,,,,,,,,,,,,,,,,,
btc_daily,2023-06-25,BTC,30524.2,31053.2,30252.6,30458.0,301533.154,,,,,,,,,,,,,,,,,,,,,,,,,,,,,
btc_daily,2023-06-26,BTC,30458.0,30667.3,29890.1,30260.1,415099.356,,,,,,,,,,,,,,,,,,,,,,,,,,,,,
btc_daily,2023-06-27,BTC,30260.1,30998.5,30213.0,30683.2,406073.348,,,,,,,,,,,,,,,,,,,,,,,,,,,,,
btc_daily,2023-06-28,BTC,30683.2,30701.8,29804.6,30066.3,416656.434,,,,,,,,,,,,,,,,,,,,,,,,,,,,,
btc_daily,2023-06-29,BTC,30066.3,30837.0,30036.1,30439.9,382072.846,,,,,,,,,,,,,,,,,,,,,,,,,,,,,
btc_daily,2023-06-30,BTC,30439.9,31300.0,29500.0,30460.2,809331.305,,,,,,,,,,,,,,,,,,,,,,,,,,,,,
btc_daily,2023-07-01,BTC,30460.2,30668.2,30311.3,30573.6,135520.246,,,,,,,,,,,,,,,,,,,,,,,,,,,,,
btc_daily,2023-07-02,BTC,30573.6,30800.0,30149.9,30612.7,231866.188,,,,,,,,,,,,,,,,,,,,,,,,,,,,,
btc_daily,2023-07-03,BTC,30612.7,31395.2,30559.4,31149.0,370293.236,,,,,,,,,,,,,,,,,,,,,,,,,,,,,
btc_daily,2023-07-04,BTC,31149.0,31319.4,30600.0,30756.1,300832.26,,,,,,,,,,,,,,,,,,,,,,,,,,,,,
btc_daily,2023-07-05,BTC,30756.1,30875.2,30175.8,30488.4,294896.578,,,,,,,,,,,,,,,,,,,,,,,,,,,,,
btc_daily,2023-07-06,BTC,30488.4,31568.0,29818.0,29874.4,721267.219,,,,,,,,,,,,,,,,,,,,,,,,,,,,,
btc_daily,2023-07-07,BTC,29874.3,30443.6,29680.0,30327.9,337801.654,,,,,,,,,,,,,,,,,,,,,,,,,,,,,
btc_daily,2023-07-08,BTC,30328.0,30380.0,30026.8,30269.3,138734.493,,,,,,,,,,,,,,,,,,,,,,,,,,,,,
btc_daily,2023-07-09,BTC,30269.2,30443.4,30042.0,30147.8,162296.263,,,,,,,,,,,,,,,,,,,,,,,,,,,,,
btc_daily,2023-07-10,BTC,30147.8,31040.0,29928.8,30396.9,429115.537,,,,,,,,,,,,,,,,,,,,,,,,,,,,,
btc_daily,2023-07-11,BTC,30396.9,30804.9,30261.4,30608.4,298904.747,,,,,,,,,,,,,,,,,,,,,,,,,,,,,
btc_daily,2023-07-12,BTC,30608.3,30980.5,30186.0,30368.9,425058.257,,,,,,,,,,,,,,,,,,,,,,,,,,,,,
btc_daily,2023-07-13,BTC,30368.9,31850.0,30233.0,31441.7,696023.51,,,,,,,,,,,,,,,,,,,,,,,,,,,,,
btc_daily,2023-07-14,BTC,31441.6,31640.0,29876.6,30293.3,538692.246,,,,,,,,,,,,,,,,,,,,,,,,,,,,,
btc_daily,2023-07-15,BTC,30293.3,30380.0,30220.2,30276.4,111622.474,,,,,,,,,,,,,,,,,,,,,,,,,,,,,
btc_daily,2023-07-16,BTC,30276.5,30441.6,30050.0,30216.8,173805.94,,,,,,,,,,,,,,,,,,,,,,,,,,,,,
btc_daily,2023-07-17,BTC,30216.9,30329.7,29630.0,30126.1,344113.427,,,,,,,,,,,,,,,,,,,,,,,,,,,,,
btc_daily,2023-07-18,BTC,30126.0,30227.5,29400.0,29845.6,337396.417,,,,,,,,,,,,,,,,,,,,,,,,,,,,,
btc_daily,2023-07-19,BTC,29845.7,30178.5,29745.0,29895.5,298418.854,,,,,,,,,,,,,,,,,,,,,,,,,,,,,
btc_daily,2023-07-20,BTC,29895.5,30420.0,29468.8,29791.0,410263.764,,,,,,,,,,,,,,,,,,,,,,,,,,,,,
btc_daily,2023-07-21,BTC,29791.0,30056.2,29705.9,29891.4,221145.074,,,,,,,,,,,,,,,,,,,,,,,,,,,,,
btc_daily,2023-07-22,BTC,29891.5,29986.0,29602.2,29783.5,143375.956,,,,,,,,,,,,,,,,,,,,,,,,,,,,,
btc_daily,2023-07-23,BTC,29783.5,30368.2,29718.9,30070.8,224713.846,,,,,,,,,,,,,,,,,,,,,,,,,,,,,
btc_daily,2023-07-24,BTC,30070.9,30091.7,28830.0,29163.8,434182.417,,,,,,,,,,,,,,,,,,,,,,,,,,,,,
btc_daily,2023-07-25,BTC,29163.8,29379.5,29033.0,29216.3,196438.618,,,,,,,,,,,,,,,,,,,,,,,,,,,,,
btc_daily,2023-07-26,BTC,29216.2,29670.5,29083.0,29336.0,318527.582,,,,,,,,,,,,,,,,,,,,,,,,,,,,,
btc_daily,2023-07-27,BTC,29336.0,29558.4,29065.5,29209.7,223376.534,,,,,,,,,,,,,,,,,,,,,,,,,,,,,
btc_daily,2023-07-28,BTC,29209.8,29535.7,29112.8,29299.9,221299.867,,,,,,,,,,,,,,,,,,,,,,,,,,,,,
btc_daily,2023-07-29,BTC,29300.0,29397.9,29237.5,29339.1,87100.719,,,,,,,,,,,,,,,,,,,,,,,,,,,,,
btc_daily,2023-07-30,BTC,29339.1,29442.5,29006.0,29271.1,169901.253,,,,,,,,,,,,,,,,,,,,,,,,,,,,,
btc_daily,2023-07-31,BTC,29271.2,29525.8,29100.0,29220.8,230381.722,,,,,,,,,,,,,,,,,,,,,,,,,,,,,
btc_daily,2023-08-01,BTC,29220.8,29735.0,28550.0,29701.2,442328.643,,,,,,,,,,,,,,,,,,,,,,,,,,,,,
btc_daily,2023-08-02,BTC,29701.2,30059.9,28906.3,29170.1,491725.492,,,,,,,,,,,,,,,,,,,,,,,,,,,,,
btc_daily,2023-08-03,BTC,29170.2,29440.0,28955.4,29180.2,251967.942,,,,,,,,,,,,,,,,,,,,,,,,,,,,,
btc_daily,2023-08-04,BTC,29180.1,29323.8,28780.0,29101.1,229395.673,,,,,,,,,,,,,,,,,,,,,,,,,,,,,
btc_daily,2023-08-05,BTC,29101.1,29145.0,28960.0,29057.7,82508.624,,,,,,,,,,,,,,,,,,,,,,,,,,,,,
btc_daily,2023-08-06,BTC,29057.7,29199.0,28978.5,29075.9,103094.44,,,,,,,,,,,,,,,,,,,,,,,,,,,,,
btc_daily,2023-08-07,BTC,29075.9,29274.5,28682.3,29202.7,297752.439,,,,,,,,,,,,,,,,,,,,,,,,,,,,,
btc_daily,2023-08-08,BTC,29202.7,30250.0,29132.4,29759.0,459269.801,,,,,,,,,,,,,,,,,,,,,,,,,,,,,
btc_daily,2023-08-09,BTC,29758.9,30149.7,29362.0,29572.8,362009.701,,,,,,,,,,,,,,,,,,,,,,,,,,,,,
btc_daily,2023-08-10,BTC,29572.9,29729.8,29303.7,29443.7,234546.038,,,,,,,,,,,,,,,,,,,,,,,,,,,,,
btc_daily,2023-08-11,BTC,29443.7,29565.1,29220.0,29415.5,179044.008,,,,,,,,,,,,,,,,,,,,,,,,,,,,,
btc_daily,2023-08-12,BTC,29415.5,29470.0,29360.0,29420.7,56238.035,,,,,,,,,,,,,,,,,,,,,,,,,,,,,
btc_daily,2023-08-13,BTC,29420.8,29463.0,29256.6,29293.3,84190.505,,,,,,,,,,,,,,,,,,,,,,,,,,,,,
btc_daily,2023-08-14,BTC,29293.3,29686.7,29070.0,29419.5,295035.383,,,,,,,,,,,,,,,,,,,,,,,,,,,,,
btc_daily,2023-08-15,BTC,29419.5,29492.1,29050.0,29188.8,191289.959,,,,,,,,,,,,,,,,,,,,,,,,,,,,,
btc_daily,2023-08-16,BTC,29188.9,29257.4,28705.1,28714.4,272023.138,,,,,,,,,,,,,,,,,,,,,,,,,,,,,
btc_daily,2023-08-17,BTC,28714.4,28775.9,24581.0,26609.7,868508.22,,,,,,,,,,,,,,,,,,,,,,,,,,,,,
btc_daily,2023-08-18,BTC,26609.7,26818.0,25600.0,26042.1,522375.316,,,,,,,,,,,,,,,,,,,,,,,,,,,,,
btc_daily,2023-08-19,BTC,26042.0,26269.4,25783.4,26088.3,202219.153,,,,,,,,,,,,,,,,,,,,,,,,,,,,,
btc_daily,2023-08-20,BTC,26088.4,26285.0,25948.5,26175.9,141089.85,,,,,,,,,,,,,,,,,,,,,,,,,,,,,
btc_daily,2023-08-21,BTC,26175.9,26280.0,25800.0,26115.4,232505.265,,,,,,,,,,,,,,,,,,,,,,,,,,,,,
btc_daily,2023-08-22,BTC,26115.4,26128.2,25280.0,26044.4,313113.576,,,,,,,,,,,,,,,,,,,,,,,,,,,,,
btc_daily,2023-08-23,BTC,26044.5,26806.0,25800.0,26419.2,412969.028,,,,,,,,,,,,,,,,,,,,,,,,,,,,,
btc_daily,2023-08-24,BTC,26419.2,26568.3,25835.0,26164.6,286753.337,,,,,,,,,,,,,,,,,,,,,,,,,,,,,
btc_daily,2023-08-25,BTC,26164.6,26300.0,25754.4,26051.7,274830.494,,,,,,,,,,,,,,,,,,,,,,,,,,,,,
btc_daily,2023-08-26,BTC,26051.7,26129.4,25969.0,26004.3,63925.862,,,,,,,,,,,,,,,,,,,,,,,,,,,,,
btc_daily,2023-08-27,BTC,26004.3,26173.6,25955.6,26087.7,86505.398,,,,,,,,,,,,,,,,,,,,,,,,,,,,,
btc_daily,2023-08-28,BTC,26087.6,26244.6,25850.4,26106.5,219992.051,,,,,,,,,,,,,,,,,,,,,,,,,,,,,
btc_daily,2023-08-29,BTC,26106.5,28168.0,25905.2,27700.1,700233.946,,,,,,,,,,,,,,,,,,,,,,,,,,,,,
btc_daily,2023-08-30,BTC,27700.1,27758.2,26950.0,27290.4,315313.916,,,,,,,,,,,,,,,,,,,,,,,,,,,,,
btc_daily,2023-08-31,BTC,27290.4,27674.3,25617.8,25928.0,502906.277,,,,,,,,,,,,,,,,,,,,,,,,,,,,,
btc_daily,2023-09-01,BTC,25928.0,26151.6,25312.0,25795.6,361184.924,,,,,,,,,,,,,,,,,,,,,,,,,,,,,
btc_daily,2023-09-02,BTC,25795.6,25975.0,25740.6,25855.8,107642.864,,,,,,,,,,,,,,,,,,,,,,,,,,,,,
btc_daily,2023-09-03,BTC,25855.8,26135.2,25777.0,25962.1,133016.832,,,,,,,,,,,,,,,,,,,,,,,,,,,,,
btc_daily,2023-09-04,BTC,25962.1,26099.3,25610.0,25814.0,173147.873,,,,,,,,,,,,,,,,,,,,,,,,,,,,,
btc_daily,2023-09-05,BTC,25814.0,25900.0,25531.2,25779.7,186639.945,,,,,,,,,,,,,,,,,,,,,,,,,,,,,
btc_daily,2023-09-06,BTC,25779.7,26052.0,25326.0,25747.4,251122.66,,,,,,,,,,,,,,,,,,,,,,,,,,,,,
btc_daily,2023-09-07,BTC,25747.4,26451.0,25602.3,26240.7,257349.902,,,,,,,,,,,,,,,,,,,,,,,,,,,,,
btc_daily,2023-09-08,BTC,26240.7,26437.5,25630.0,25899.8,249269.761,,,,,,,,,,,,,,,,,,,,,,,,,,,,,
btc_daily,2023-09-09,BTC,25899.9,25940.6,25781.5,25892.6,67909.81,,,,,,,,,,,,,,,,,,,,,,,,,,,,,
btc_daily,2023-09-10,BTC,25892.6,26037.3,25508.7,25828.4,162972.413,,,,,,,,,,,,,,,,,,,,,,,,,,,,,
btc_daily,2023-09-11,BTC,25828.4,25895.0,24888.0,25150.4,427216.374,,,,,,,,,,,,,,,,,,,,,,,,,,,,,
btc_daily,2023-09-12,BTC,25150.4,26580.0,25116.4,25825.8,592049.678,,,,,,,,,,,,,,,,,,,,,,,,,,,,,
btc_daily,2023-09-13,BTC,25825.8,26400.0,25750.0,26209.9,335252.718,,,,,,,,,,,,,,,,,,,,,,,,,,,,,
btc_daily,2023-09-14,BTC,26209.9,26880.0,26106.6,26510.3,380666.471,,,,,,,,,,,,,,,,,,,,,,,,,,,,,
btc_daily,2023-09-15,BTC,26510.3,26890.0,26206.6,26591.1,251656.77,,,,,,,,,,,,,,,,,,,,,,,,,,,,,
btc_daily,2023-09-16,BTC,26591.1,26763.5,26430.0,26546.9,140482.465,,,,,,,,,,,,,,,,,,,,,,,,,,,,,
btc_daily,2023-09-17,BTC,26547.0,26614.3,26377.4,26514.2,114239.394,,,,,,,,,,,,,,,,,,,,,,,,,,,,,
btc_daily,2023-09-18,BTC,26514.2,27397.0,26358.6,26749.9,472539.032,,,,,,,,,,,,,,,,,,,,,,,,,,,,,
btc_daily,2023-09-19,BTC,26749.9,27480.0,26653.2,27196.0,433511.747,,,,,,,,,,,,,,,,,,,,,,,,,,,,,
btc_daily,2023-09-20,BTC,27195.9,27381.0,26740.0,27107.7,348921.447,,,,,,,,,,,,,,,,,,,,,,,,,,,,,
btc_daily,2023-09-21,BTC,27107.7,27149.0,26360.1,26552.6,317992.869,,,,,,,,,,,,,,,,,,,,,,,,,,,,,
btc_daily,2023-09-22,BTC,26552.6,26737.7,26452.9,26566.7,173534.648,,,,,,,,,,,,,,,,,,,,,,,,,,,,,
btc_daily,2023-09-23,BTC,26566.7,26620.6,26492.2,26563.1,57836.484,,,,,,,,,,,,,,,,,,,,,,,,,,,,,
btc_daily,2023-09-24,BTC,26563.0,26739.9,26081.0,26232.4,146632.773,,,,,,,,,,,,,,,,,,,,,,,,,,,,,
btc_daily,2023-09-25,BTC,26232.4,26440.0,25965.0,26290.5,268385.836,,,,,,,,,,,,,,,,,,,,,,,,,,,,,
btc_daily,2023-09-26,BTC,26290.5,26388.0,26073.8,26208.8,180491.169,,,,,,,,,,,,,,,,,,,,,,,,,,,,,
btc_daily,2023-09-27,BTC,26208.7,26849.9,26050.0,26359.6,353002.84,,,,,,,,,,,,,,,,,,,,,,,,,,,,,
btc_daily,2023-09-28,BTC,26359.6,27308.7,26325.2,27011.8,429587.858,,,,,,,,,,,,,,,,,,,,,,,,,,,,,
btc_daily,2023-09-29,BTC,27011.7,27231.5,26625.0,26890.9,277397.643,,,,,,,,,,,,,,,,,,,,,,,,,,,,,
btc_daily,2023-09-30,BTC,26890.9,27085.0,26870.4,26950.9,92317.154,,,,,,,,,,,,,,,,,,,,,,,,,,,,,
btc_daily,2023-10-01,BTC,26951.0,28365.2,26939.0,27981.4,240382.946,,,,,,,,,,,,,,,,,,,,,,,,,,,,,
btc_daily,2023-10-02,BTC,27981.4,28613.0,27255.0,27477.6,593277.72,,,,,,,,,,,,,,,,,,,,,,,,,,,,,
btc_daily,2023-10-03,BTC,27477.7,27665.0,27123.0,27412.0,283077.899,,,,,,,,,,,,,,,,,,,,,,,,,,,,,
btc_daily,2023-10-04,BTC,27412.0,27830.0,27163.9,27759.8,280784.322,,,,,,,,,,,,,,,,,,,,,,,,,,,,,
btc_daily,2023-10-05,BTC,27759.7,28110.0,27333.5,27398.4,370190.087,,,,,,,,,,,,,,,,,,,,,,,,,,,,,
btc_daily,2023-10-06,BTC,27398.3,28450.0,27156.0,27916.3,438445.904,,,,,,,,,,,,,,,,,,,,,,,,,,,,,
btc_daily,2023-10-07,BTC,27916.3,28018.7,27822.1,27943.0,117049.145,,,,,,,,,,,,,,,,,,,,,,,,,,,,,
btc_daily,2023-10-08,BTC,27943.0,28082.0,27671.0,27901.2,178380.307,,,,,,,,,,,,,,,,,,,,,,,,,,,,,
btc_daily,2023-10-09,BTC,27901.2,27977.0,27250.0,27578.3,314316.581,,,,,,,,,,,,,,,,,,,,,,,,,,,,,
btc_daily,2023-10-10,BTC,27578.4,27727.3,27281.0,27381.2,239779.496,,,,,,,,,,,,,,,,,,,,,,,,,,,,,
btc_daily,2023-10-11,BTC,27381.3,27467.6,26525.0,26864.5,388186.571,,,,,,,,,,,,,,,,,,,,,,,,,,,,,
btc_daily,2023-10-12,BTC,26864.5,26939.0,26534.8,26744.0,220279.04,,,,,,,,,,,,,,,,,,,,,,,,,,,,,
btc_daily,2023-10-13,BTC,26744.0,27120.8,26670.1,26849.8,243222.154,,,,,,,,,,,,,,,,,,,,,,,,,,,,,
btc_daily,2023-10-14,BTC,26849.7,26986.4,26773.1,26836.3,82164.781,,,,,,,,,,,,,,,,,,,,,,,,,,,,,
btc_daily,2023-10-15,BTC,26836.4,27456.1,26790.4,27139.8,160000.462,,,,,,,,,,,,,,,,,,,,,,,,,,,,,
btc_daily,2023-10-16,BTC,27139.8,30720.0,27095.4,28486.3,823003.782,,,,,,,,,,,,,,,,,,,,,,,,,,,,,
btc_daily,2023-10-17,BTC,28486.3,28605.0,28055.0,28381.9,314189.758,,,,,,,,,,,,,,,,,,,,,,,,,,,,,
btc_daily,2023-10-18,BTC,28382.0,29100.0,28126.6,28307.1,297176.628,,,,,,,,,,,,,,,,,,,,,,,,,,,,,
btc_daily,2023-10-19,BTC,28307.2,28933.4,28076.0,28696.9,333673.207,,,,,,,,,,,,,,,,,,,,,,,,,,,,,
btc_daily,2023-10-20,BTC,28697.0,30243.0,28560.0,29653.0,551005.327,,,,,,,,,,,,,,,,,,,,,,,,,,,,,
btc_daily,2023-10-21,BTC,29653.0,30374.6,29443.5,29895.4,258195.956,,,,,,,,,,,,,,,,,,,,,,,,,,,,,
btc_daily,2023-10-22,BTC,29895.4,30229.7,29606.6,29981.5,198602.758,,,,,,,,,,,,,,,,,,,,,,,,,,,,,
btc_daily,2023-10-23,BTC,29981.4,35981.9,29869.4,33074.0,987741.536,,,,,,,,,,,,,,,,,,,,,,,,,,,,,
btc_daily,2023-10-24,BTC,33074.0,35300.0,32833.5,33917.0,921993.063,,,,,,,,,,,,,,,,,,,,,,,,,,,,,
btc_daily,2023-10-25,BTC,33917.0,35154.3,33660.6,34487.7,465367.144,,,,,,,,,,,,,,,,,,,,,,,,,,,,,
btc_daily,2023-10-26,BTC,34487.8,34828.7,33750.0,34154.0,339552.964,,,,,,,,,,,,,,,,,,,,,,,,,,,,,
btc_daily,2023-10-27,BTC,34154.0,34253.3,33350.0,33893.1,278052.978,,,,,,,,,,,,,,,,,,,,,,,,,,,,,
btc_daily,2023-10-28,BTC,33893.2,34535.8,33867.4,34086.6,138314.932,,,,,,,,,,,,,,,,,,,,,,,,,,,,,
btc_daily,2023-10-29,BTC,34086.7,34773.8,33933.0,34528.6,175897.55,,,,,,,,,,,,,,,,,,,,,,,,,,,,,
btc_daily,2023-10-30,BTC,34528.6,34888.2,34050.0,34483.8,281841.348,,,,,,,,,,,,,,,,,,,,,,,,,,,,,
btc_daily,2023-10-31,BTC,34483.8,34744.7,34016.8,34651.4,272450.567,,,,,,,,,,,,,,,,,,,,,,,,,,,,,
btc_daily,2023-11-01,BTC,34651.4,35734.0,34076.0,35437.4,469214.787,,,,,,,,,,,,,,,,,,,,,,,,,,,,,
btc_daily,2023-11-02,BTC,35437.5,35999.9,34300.0,34940.1,410221.727,,,,,,,,,,,,,,,,,,,,,,,,,,,,,
btc_daily,2023-11-03,BTC,34940.1,34944.9,34123.0,34700.4,306048.199,,,,,,,,,,,,,,,,,,,,,,,,,,,,,
btc_daily,2023-11-04,BTC,34700.5,35270.0,34571.6,35069.7,140746.874,,,,,,,,,,,,,,,,,,,,,,,,,,,,,
btc_daily,2023-11-05,BTC,35069.7,35455.2,34356.0,35025.5,231363.339,,,,,,,,,,,,,,,,,,,,,,,,,,,,,
btc_daily,2023-11-06,BTC,35025.5,35299.9,34743.2,35057.4,202227.215,,,,,,,,,,,,,,,,,,,,,,,,,,,,,
btc_daily,2023-11-07,BTC,35057.5,35921.7,34520.3,35406.5,343525.95,,,,,,,,,,,,,,,,,,,,,,,,,,,,,
btc_daily,2023-11-08,BTC,35406.5,36150.0,35073.0,35626.7,334779.449,,,,,,,,,,,,,,,,,,,,,,,,,,,,,
btc_daily,2023-11-09,BTC,35626.7,38499.9,35304.0,36719.5,778877.937,,,,,,,,,,,,,,,,,,,,,,,,,,,,,
btc_daily,2023-11-10,BTC,36719.6,37570.0,36350.0,37330.4,299373.892,,,,,,,,,,,,,,,,,,,,,,,,,,,,,
btc_daily,2023-11-11,BTC,37330.3,37422.2,36588.0,37162.1,159239.284,,,,,,,,,,,,,,,,,,,,,,,,,,,,,
btc_daily,2023-11-12,BTC,37162.1,37258.4,36753.6,37085.5,118890.045,,,,,,,,,,,,,,,,,,,,,,,,,,,,,
btc_daily,2023-11-13,BTC,37085.6,37464.8,36350.0,36486.2,257075.648,,,,,,,,,,,,,,,,,,,,,,,,,,,,,
btc_daily,2023-11-14,BTC,36486.2,36779.9,34446.3,35559.0,397265.8,,,,,,,,,,,,,,,,,,,,,,,,,,,,,
btc_daily,2023-11-15,BTC,35559.1,38000.0,35388.0,37885.6,423818.57,,,,,,,,,,,,,,,,,,,,,,,,,,,,,
btc_daily,2023-11-16,BTC,37885.5,37956.5,35486.1,36176.0,434444.366,,,,,,,,,,,,,,,,,,,,,,,,,,,,,
btc_daily,2023-11-17,BTC,36176.0,37020.5,35868.3,36621.9,319943.051,,,,,,,,,,,,,,,,,,,,,,,,,,,,,
btc_daily,2023-11-18,BTC,36621.9,36900.0,36196.0,36580.9,121720.922,,,,,,,,,,,,,,,,,,,,,,,,,,,,,
btc_daily,2023-11-19,BTC,36580.9,37528.2,36380.0,37375.9,154713.007,,,,,,,,,,,,,,,,,,,,,,,,,,,,,
btc_daily,2023-11-20,BTC,37375.8,37784.7,36600.0,37462.5,310504.037,,,,,,,,,,,,,,,,,,,,,,,,,,,,,
btc_daily,2023-11-21,BTC,37462.6,37675.0,35720.0,35737.0,450731.16,,,,,,,,,,,,,,,,,,,,,,,,,,,,,
btc_daily,2023-11-22,BTC,35737.0,37880.0,35610.7,37413.4,338189.618,,,,,,,,,,,,,,,,,,,,,,,,,,,,,
btc_daily,2023-11-23,BTC,37413.5,37650.0,36856.3,37294.3,185369.931,,,,,,,,,,,,,,,,,,,,,,,,,,,,,
btc_daily,2023-11-24,BTC,37294.4,38425.0,37257.3,37706.3,351031.723,,,,,,,,,,,,,,,,,,,,,,,,,,,,,
btc_daily,2023-11-25,BTC,37706.3,37886.5,37570.9,37766.6,82589.329,,,,,,,,,,,,,,,,,,,,,,,,,,,,,
btc_daily,2023-11-26,BTC,37766.7,37807.6,37126.0,37437.9,173758.644,,,,,,,,,,,,,,,,,,,,,,,,,,,,,
btc_daily,2023-11-27,BTC,37437.9,37560.0,36700.0,37234.3,266112.699,,,,,,,,,,,,,,,,,,,,,,,,,,,,,
btc_daily,2023-11-28,BTC,37234.4,38395.0,36856.0,37812.1,318426.327,,,,,,,,,,,,,,,,,,,,,,,,,,,,,
btc_daily,2023-11-29,BTC,37812.0,38500.0,37551.8,37837.1,261631.881,,,,,,,,,,,,,,,,,,,,,,,,,,,,,
btc_daily,2023-11-30,BTC,37837.2,38132.0,37442.9,37716.8,191188.871,,,,,,,,,,,,,,,,,,,,,,,,,,,,,
btc_daily,2023-12-01,BTC,37716.9,38989.0,37600.0,38660.0,342361.994,,,,,,,,,,,,,,,,,,,,,,,,,,,,,
btc_daily,2023-12-02,BTC,38659.9,39900.0,38613.5,39435.0,213210.311,,,,,,,,,,,,,,,,,,,,,,,,,,,,,
btc_daily,2023-12-03,BTC,39435.1,40410.1,39255.2,39979.7,221917.905,,,,,,,,,,,,,,,,,,,,,,,,,,,,,
btc_daily,2023-12-04,BTC,39979.8,42440.0,39970.4,41993.1,602492.859,,,,,,,,,,,,,,,,,,,,,,,,,,,,,
btc_daily,2023-12-05,BTC,41993.1,44528.1,41393.5,44081.7,575038.041,,,,,,,,,,,,,,,,,,,,,,,,,,,,,
btc_daily,2023-12-06,BTC,44081.7,44349.8,43377.0,43774.8,383957.738,,,,,,,,,,,,,,,,,,,,,,,,,,,,,
btc_daily,2023-12-07,BTC,43775.1,44066.7,42815.0,43296.0,346421.958,,,,,,,,,,,,,,,,,,,,,,,,,,,,,
btc_daily,2023-12-08,BTC,43296.0,44779.3,43100.0,44209.5,281880.593,,,,,,,,,,,,,,,,,,,,,,,,,,,,,
btc_daily,2023-12-09,BTC,44209.6,44389.2,43555.0,43734.3,189339.656,,,,,,,,,,,,,,,,,,,,,,,,,,,,,
btc_daily,2023-12-10,BTC,43734.2,44099.2,43552.5,43810.0,144548.259,,,,,,,,,,,,,,,,,,,,,,,,,,,,,
btc_daily,2023-12-11,BTC,43810.1,43833.4,40228.3,41271.0,620753.439,,,,,,,,,,,,,,,,,,,,,,,,,,,,,
btc_daily,2023-12-12,BTC,41271.1,42125.0,40711.0,41515.0,356541.118,,,,,,,,,,,,,,,,,,,,,,,,,,,,,
btc_daily,2023-12-13,BTC,41514.9,43517.6,40556.0,42875.0,396710.296,,,,,,,,,,,,,,,,,,,,,,,,,,,,,
btc_daily,2023-12-14,BTC,42875.0,43450.1,41140.0,43032.4,361628.325,,,,,,,,,,,,,,,,,,,,,,,,,,,,,
btc_daily,2023-12-15,BTC,43032.3,43098.0,41668.0,41968.0,257177.013,,,,,,,,,,,,,,,,,,,,,,,,,,,,,
btc_daily,2023-12-16,BTC,41968.0,42756.7,41638.1,42287.4,160549.459,,,,,,,,,,,,,,,,,,,,,,,,,,,,,
btc_daily,2023-12-17,BTC,42287.4,42476.0,41248.3,41396.5,224722.851,,,,,,,,,,,,,,,,,,,,,,,,,,,,,
btc_daily,2023-12-18,BTC,41396.6,42795.3,40553.8,42671.7,375385.675,,,,,,,,,,,,,,,,,,,,,,,,,,,,,
btc_daily,2023-12-19,BTC,42671.8,43550.0,41835.4,42298.3,315311.844,,,,,,,,,,,,,,,,,,,,,,,,,,,,,
btc_daily,2023-12-20,BTC,42298.2,44384.6,42218.3,43708.9,377008.923,,,,,,,,,,,,,,,,,,,,,,,,,,,,,
btc_daily,2023-12-21,BTC,43708.9,44287.2,43317.2,43896.3,276922.155,,,,,,,,,,,,,,,,,,,,,,,,,,,,,
btc_daily,2023-12-22,BTC,43896.4,44484.0,43430.4,43999.2,238341.933,,,,,,,,,,,,,,,,,,,,,,,,,,,,,
btc_daily,2023-12-23,BTC,43999.2,44023.0,43304.2,43725.2,120792.199,,,,,,,,,,,,,,,,,,,,,,,,,,,,,
btc_daily,2023-12-24,BTC,43725.2,43994.8,42550.0,43008.4,179967.251,,,,,,,,,,,,,,,,,,,,,,,,,,,,,
btc_daily,2023-12-25,BTC,43008.4,43850.0,42755.4,43611.9,184210.274,,,,,,,,,,,,,,,,,,,,,,,,,,,,,
btc_daily,2023-12-26,BTC,43611.9,43635.1,41597.0,42538.5,295583.678,,,,,,,,,,,,,,,,,,,,,,,,,,,,,
btc_daily,2023-12-27,BTC,42538.6,43700.0,42145.7,43453.8,251351.538,,,,,,,,,,,,,,,,,,,,,,,,,,,,,
btc_daily,2023-12-28,BTC,43453.8,43850.0,42320.5,42600.1,257515.182,,,,,,,,,,,,,,,,,,,,,,,,,,,,,
btc_daily,2023-12-29,BTC,42600.1,43171.9,41283.2,42095.1,337421.865,,,,,,,,,,,,,,,,,,,,,,,,,,,,,
btc_daily,2023-12-30,BTC,42095.1,42654.6,41550.0,42174.2,183890.67,,,,,,,,,,,,,,,,,,,,,,,,,,,,,
btc_daily,2023-12-31,BTC,42174.3,42951.0,42001.0,42314.0,173508.289,,,,,,,,,,,,,,,,,,,,,,,,,,,,,
btc_daily,2024-01-01,BTC,42314.0,44266.0,42207.9,44230.2,206424.144,,,,,,,,,,,,,,,,,,,,,,,,,,,,,
btc_daily,2024-01-02,BTC,44230.3,45950.0,44200.9,44979.8,459798.523,,,,,,,,,,,,,,,,,,,,,,,,,,,,,
btc_daily,2024-01-03,BTC,44979.7,45582.3,40333.0,42849.5,595855.225,,,,,,,,,,,,,,,,,,,,,,,,,,,,,
btc_daily,2024-01-04,BTC,42849.5,44840.8,42625.0,44143.8,333923.098,,,,,,,,,,,,,,,,,,,,,,,,,,,,,
btc_daily,2024-01-05,BTC,44143.8,44500.0,42300.0,44145.4,374967.791,,,,,,,,,,,,,,,,,,,,,,,,,,,,,
btc_daily,2024-01-06,BTC,44145.3,44214.6,43391.3,43956.7,138542.797,,,,,,,,,,,,,,,,,,,,,,,,,,,,,
btc_daily,2024-01-07,BTC,43956.6,44486.9,43557.5,43916.9,180710.714,,,,,,,,,,,,,,,,,,,,,,,,,,,,,
btc_daily,2024-01-08,BTC,43916.9,47312.0,43158.1,46972.7,495087.983,,,,,,,,,,,,,,,,,,,,,,,,,,,,,
btc_daily,2024-01-09,BTC,46972.6,48100.0,44417.2,46114.0,513362.773,,,,,,,,,,,,,,,,,,,,,,,,,,,,,
btc_daily,2024-01-10,BTC,46113.9,47699.3,44291.5,46662.9,668657.474,,,,,,,,,,,,,,,,,,,,,,,,,,,,,
btc_daily,2024-01-11,BTC,46663.0,49027.5,45600.0,46337.8,596698.379,,,,,,,,,,,,,,,,,,,,,,,,,,,,,
btc_daily,2024-01-12,BTC,46337.9,46536.2,41370.0,42788.9,575943.258,,,,,,,,,,,,,,,,,,,,,,,,,,,,,
btc_daily,2024-01-13,BTC,42789.0,43273.4,42445.7,42846.4,207737.326,,,,,,,,,,,,,,,,,,,,,,,,,,,,,
btc_daily,2024-01-14,BTC,42846.4,43096.1,41713.5,41734.9,181096.968,,,,,,,,,,,,,,,,,,,,,,,,,,,,,
btc_daily,2024-01-15,BTC,41734.9,43376.0,41720.0,42515.0,240059.141,,,,,,,,,,,,,,,,,,,,,,,,,,,,,
btc_daily,2024-01-16,BTC,42515.0,43589.0,42050.0,43133.0,287207.233,,,,,,,,,,,,,,,,,,,,,,,,,,,,,
btc_daily,2024-01-17,BTC,43133.0,43198.0,42200.0,42783.4,209396.081,,,,,,,,,,,,,,,,,,,,,,,,,,,,,
btc_daily,2024-01-18,BTC,42783.3,42932.3,40673.6,41323.1,335080.756,,,,,,,,,,,,,,,,,,,,,,,,,,,,,
btc_daily,2024-01-19,BTC,41323.2,42197.0,40300.0,41662.2,345941.73,,,,,,,,,,,,,,,,,,,,,,,,,,,,,
btc_daily,2024-01-20,BTC,41662.1,41883.5,41453.6,41691.8,95866.062,,,,,,,,,,,,,,,,,,,,,,,,,,,,,
btc_daily,2024-01-21,BTC,41691.8,41880.9,41500.0,41580.0,67035.552,,,,,,,,,,,,,,,,,,,,,,,,,,,,,
btc_daily,2024-01-22,BTC,41579.9,41692.3,39402.0,39567.0,459024.106,,,,,,,,,,,,,,,,,,,,,,,,,,,,,
btc_daily,2024-01-23,BTC,39567.1,40172.7,38545.0,39890.0,414373.386,,,,,,,,,,,,,,,,,,,,,,,,,,,,,
btc_daily,2024-01-24,BTC,39889.9,40560.6,39493.3,40078.7,272754.171,,,,,,,,,,,,,,,,,,,,,,,,,,,,,
btc_daily,2024-01-25,BTC,40078.8,40300.0,39535.3,39953.3,203728.679,,,,,,,,,,,,,,,,,,,,,,,,,,,,,
btc_daily,2024-01-26,BTC,39953.3,42239.3,39813.1,41806.4,355418.478,,,,,,,,,,,,,,,,,,,,,,,,,,,,,
btc_daily,2024-01-27,BTC,41806.4,42187.1,41360.1,42102.2,118437.114,,,,,,,,,,,,,,,,,,,,,,,,,,,,,
btc_daily,2024-01-28,BTC,42102.2,42836.0,41600.0,42021.2,205736.453,,,,,,,,,,,,,,,,,,,,,,,,,,,,,
btc_daily,2024-01-29,BTC,42021.2,43340.8,41768.3,43287.7,249502.11,,,,,,,,,,,,,,,,,,,,,,,,,,,,,
btc_daily,2024-01-30,BTC,43287.6,43888.0,42665.6,42918.3,257582.784,,,,,,,,,,,,,,,,,,,,,,,,,,,,,
btc_daily,2024-01-31,BTC,42918.3,43748.6,42257.6,42560.5,313069.11,,,,,,,,,,,,,,,,,,,,,,,,,,,,,
btc_daily,2024-02-01,BTC,42560.5,43288.0,41866.8,43072.6,274321.107,,,,,,,,,,,,,,,,,,,,,,,,,,,,,
btc_daily,2024-02-02,BTC,43072.6,43480.0,42512.7,43182.0,205767.574,,,,,,,,,,,,,,,,,,,,,,,,,,,,,
btc_daily,2024-02-03,BTC,43182.0,43372.2,42858.3,42992.4,89735.22,,,,,,,,,,,,,,,,,,,,,,,,,,,,,
btc_daily,2024-02-04,BTC,42992.4,43112.1,42176.7,42570.3,127421.548,,,,,,,,,,,,,,,,,,,,,,,,,,,,,
btc_daily,2024-02-05,BTC,42570.3,43580.0,42235.1,42692.9,240655.549,,,,,,,,,,,,,,,,,,,,,,,,,,,,,
btc_daily,2024-02-06,BTC,42692.9,43378.8,42559.8,43079.1,196157.643,,,,,,,,,,,,,,,,,,,,,,,,,,,,,
btc_daily,2024-02-07,BTC,43079.1,44388.0,42763.4,44326.2,252057.708,,,,,,,,,,,,,,,,,,,,,,,,,,,,,
btc_daily,2024-02-08,BTC,44326.3,45600.0,44306.8,45269.1,299738.288,,,,,,,,,,,,,,,,,,,,,,,,,,,,,
btc_daily,2024-02-09,BTC,45269.2,48230.3,45218.1,47116.1,519919.419,,,,,,,,,,,,,,,,,,,,,,,,,,,,,
btc_daily,2024-02-10,BTC,47116.1,48189.6,46836.4,47732.6,179626.604,,,,,,,,,,,,,,,,,,,,,,,,,,,,,
btc_daily,2024-02-11,BTC,47732.6,48600.0,47539.4,48303.4,209951.626,,,,,,,,,,,,,,,,,,,,,,,,,,,,,
btc_daily,2024-02-12,BTC,48303.4,50413.2,47702.0,49943.6,450895.202,,,,,,,,,,,,,,,,,,,,,,,,,,,,,
btc_daily,2024-02-13,BTC,49943.6,50428.8,48301.0,49696.4,382348.085,,,,,,,,,,,,,,,,,,,,,,,,,,,,,
btc_daily,2024-02-14,BTC,49696.4,52100.0,49215.7,51823.2,395191.791,,,,,,,,,,,,,,,,,,,,,,,,,,,,,
btc_daily,2024-02-15,BTC,51823.1,52859.0,51334.9,51898.5,392724.603,,,,,,,,,,,,,,,,,,,,,,,,,,,,,
btc_daily,2024-02-16,BTC,51898.4,52623.0,51611.7,52148.6,259819.793,,,,,,,,,,,,,,,,,,,,,,,,,,,,,
btc_daily,2024-02-17,BTC,52148.7,52192.8,50647.5,51679.4,222342.005,,,,,,,,,,,,,,,,,,,,,,,,,,,,,
btc_daily,2024-02-18,BTC,51679.5,52450.0,51178.0,52175.9,166636.426,,,,,,,,,,,,,,,,,,,,,,,,,,,,,
btc_daily,2024-02-19,BTC,52175.9,52532.9,51688.8,51813.8,196387.978,,,,,,,,,,,,,,,,,,,,,,,,,,,,,
btc_daily,2024-02-20,BTC,51813.7,53090.9,50788.0,52297.4,388913.064,,,,,,,,,,,,,,,,,,,,,,,,,,,,,
btc_daily,2024-02-21,BTC,52297.3,52402.3,50528.4,51877.8,308127.301,,,,,,,,,,,,,,,,,,,,,,,,,,,,,
btc_daily,2024-02-22,BTC,51877.9,52130.8,50967.5,51316.9,244144.647,,,,,,,,,,,,,,,,,,,,,,,,,,,,,
btc_daily,2024-02-23,BTC,51316.9,51576.3,50512.7,50771.9,215474.562,,,,,,,,,,,,,,,,,,,,,,,,,,,,,
btc_daily,2024-02-24,BTC,50771.9,51736.6,50611.4,51602.1,104944.457,,,,,,,,,,,,,,,,,,,,,,,,,,,,,
btc_daily,2024-02-25,BTC,51602.1,52050.0,51300.4,51764.9,122177.26,,,,,,,,,,,,,,,,,,,,,,,,,,,,,
btc_daily,2024-02-26,BTC,51764.9,54991.8,50922.5,54511.6,393466.231,,,,,,,,,,,,,,,,,,,,,,,,,,,,,
btc_daily,2024-02-27,BTC,54511.7,57780.0,54495.0,57074.5,511475.535,,,,,,,,,,,,,,,,,,,,,,,,,,,,,
btc_daily,2024-02-28,BTC,57074.5,64300.0,56730.1,62487.9,1010118.442,,,,,,,,,,,,,,,,,,,,,,,,,,,,,
btc_daily,2024-02-29,BTC,62487.9,63762.8,60452.0,61203.3,584713.883,,,,,,,,,,,,,,,,,,,,,,,,,,,,,
btc_daily,2024-03-01,BTC,61203.3,63199.0,60844.8,62430.6,299231.827,,,,,,,,,,,,,,,,,,,,,,,,,,,,,
btc_daily,2024-03-02,BTC,62430.6,62513.1,61605.0,62039.9,159283.629,,,,,,,,,,,,,,,,,,,,,,,,,,,,,
btc_daily,2024-03-03,BTC,62039.9,63330.9,61339.5,63178.5,200312.503,,,,,,,,,,,,,,,,,,,,,,,,,,,,,
btc_daily,2024-03-04,BTC,63178.5,68600.0,62299.0,68296.4,632882.144,,,,,,,,,,,,,,,,,,,,,,,,,,,,,
btc_daily,2024-03-05,BTC,68296.5,69350.0,59112.0,63747.4,1053025.132,,,,,,,,,,,,,,,,,,,,,,,,,,,,,
btc_daily,2024-03-06,BTC,63747.5,67729.5,62829.3,66128.1,534011.813,,,,,,,,,,,,,,,,,,,,,,,,,,,,,
btc_daily,2024-03-07,BTC,66128.0,68101.3,65609.3,66870.0,296092.788,,,,,,,,,,,,,,,,,,,,,,,,,,,,,
btc_daily,2024-03-08,BTC,66870.0,70330.8,66120.0,68180.2,459387.207,,,,,,,,,,,,,,,,,,,,,,,,,,,,,
btc_daily,2024-03-09,BTC,68180.2,68608.7,67908.7,68360.1,94899.005,,,,,,,,,,,,,,,,,,,,,,,,,,,,,
btc_daily,2024-03-10,BTC,68360.2,69999.8,68155.0,69001.8,233596.523,,,,,,,,,,,,,,,,,,,,,,,,,,,,,
btc_daily,2024-03-11,BTC,69001.8,72890.0,67000.0,72153.8,474396.897,,,,,,,,,,,,,,,,,,,,,,,,,,,,,
btc_daily,2024-03-12,BTC,72153.9,73370.0,68600.0,71503.2,472072.331,,,,,,,,,,,,,,,,,,,,,,,,,,,,,
btc_daily,2024-03-13,BTC,71503.3,73755.0,71388.1,73127.6,288446.338,,,,,,,,,,,,,,,,,,,,,,,,,,,,,
btc_daily,2024-03-14,BTC,73127.6,73881.4,68600.0,71455.5,513901.237,,,,,,,,,,,,,,,,,,,,,,,,,,,,,
btc_daily,2024-03-15,BTC,71455.6,72500.0,65580.0,69552.2,705810.685,,,,,,,,,,,,,,,,,,,,,,,,,,,,,
btc_daily,2024-03-16,BTC,69552.1,70097.6,64750.0,65351.0,333426.129,,,,,,,,,,,,,,,,,,,,,,,,,,,,,
btc_daily,2024-03-17,BTC,65351.0,68972.4,64559.8,68447.9,314890.309,,,,,,,,,,,,,,,,,,,,,,,,,,,,,
btc_daily,2024-03-18,BTC,68447.9,69044.4,66601.6,67660.0,317885.916,,,,,,,,,,,,,,,,,,,,,,,,,,,,,
btc_daily,2024-03-19,BTC,67660.0,68178.6,61582.8,61974.1,700466.795,,,,,,,,,,,,,,,,,,,,,,,,,,,,,
btc_daily,2024-03-20,BTC,61974.1,68140.0,60800.0,67876.4,637362.465,,,,,,,,,,,,,,,,,,,,,,,,,,,,,
btc_daily,2024-03-21,BTC,67876.4,68293.9,64550.1,65539.9,347218.385,,,,,,,,,,,,,,,,,,,,,,,,,,,,,
btc_daily,2024-03-22,BTC,65539.9,66691.9,62294.0,63826.0,401149.333,,,,,,,,,,,,,,,,,,,,,,,,,,,,,
btc_daily,2024-03-23,BTC,63826.1,66050.0,63020.2,64020.3,239124.0,,,,,,,,,,,,,,,,,,,,,,,,,,,,,
btc_daily,2024-03-24,BTC,64020.4,67700.0,63822.0,67260.9,244179.435,,,,,,,,,,,,,,,,,,,,,,,,,,,,,
btc_daily,2024-03-25,BTC,67260.9,71228.3,66427.6,69920.5,395156.191,,,,,,,,,,,,,,,,,,,,,,,,,,,,,
btc_daily,2024-03-26,BTC,69920.6,71649.0,69320.0,70044.1,307861.116,,,,,,,,,,,,,,,,,,,,,,,,,,,,,
btc_daily,2024-03-27,BTC,70044.2,71888.0,68364.8,69532.6,407286.574,,,,,,,,,,,,,,,,,,,,,,,,,,,,,
btc_daily,2024-03-28,BTC,69532.6,71636.2,68941.0,70838.7,241970.822,,,,,,,,,,,,,,,,,,,,,,,,,,,,,
btc_daily,2024-03-29,BTC,70838.8,70976.9,69000.0,69903.6,187970.841,,,,,,,,,,,,,,,,,,,,,,,,,,,,,
btc_daily,2024-03-30,BTC,69903.6,70388.0,69577.2,69642.1,91126.75,,,,,,,,,,,,,,,,,,,,,,,,,,,,,
btc_daily,2024-03-31,BTC,69642.0,71495.5,69608.0,71363.0,132458.79,,,,,,,,,,,,,,,,,,,,,,,,,,,,,
btc_daily,2024-04-01,BTC,71363.0,71388.0,68103.3,69700.0,282812.126,,,,,,,,,,,,,,,,,,,,,,,,,,,,,
btc_daily,2024-04-02,BTC,69700.0,69731.6,64603.2,65505.3,499041.572,,,,,,,,,,,,,,,,,,,,,,,,,,,,,
btc_daily,2024-04-03,BTC,65502.4,66940.0,64500.0,65971.9,275041.23,,,,,,,,,,,,,,,,,,,,,,,,,,,,,
btc_daily,2024-04-04,BTC,65971.8,69329.7,65100.0,68489.9,326385.338,,,,,,,,,,,,,,,,,,,,,,,,,,,,,
btc_daily,2024-04-05,BTC,68489.8,68787.1,65966.0,67825.7,313547.293,,,,,,,,,,,,,,,,,,,,,,,,,,,,,
btc_daily,2024-04-06,BTC,67825.8,69708.0,67450.0,68901.6,127343.726,,,,,,,,,,,,,,,,,,,,,,,,,,,,,
btc_daily,2024-04-07,BTC,68901.5,70395.0,68820.6,69362.7,171783.436,,,,,,,,,,,,,,,,,,,,,,,,,,,,,
btc_daily,2024-04-08,BTC,69362.7,72890.4,69040.4,71678.4,297237.449,,,,,,,,,,,,,,,,,,,,,,,,,,,,,
btc_daily,2024-04-09,BTC,71678.3,71820.6,68216.0,69189.3,334059.403,,,,,,,,,,,,,,,,,,,,,,,,,,,,,
btc_daily,2024-04-10,BTC,69189.2,71412.2,67546.2,70681.7,337774.756,,,,,,,,,,,,,,,,,,,,,,,,,,,,,
btc_daily,2024-04-11,BTC,70681.8,71387.4,69592.6,70055.7,256194.153,,,,,,,,,,,,,,,,,,,,,,,,,,,,,
btc_daily,2024-04-12,BTC,70055.6,71297.0,65102.0,67136.4,415528.149,,,,,,,,,,,,,,,,,,,,,,,,,,,,,
btc_daily,2024-04-13,BTC,67136.4,67975.4,59652.5,63939.7,515005.203,,,,,,,,,,,,,,,,,,,,,,,,,,,,,
btc_daily,2024-04-14,BTC,63939.7,65822.1,62139.3,65615.9,395770.133,,,,,,,,,,,,,,,,,,,,,,,,,,,,,
btc_daily,2024-04-15,BTC,65615.9,66874.9,62242.5,63392.7,381532.225,,,,,,,,,,,,,,,,,,,,,,,,,,,,,
btc_daily,2024-04-16,BTC,63392.8,64356.3,61521.0,63765.0,405931.439,,,,,,,,,,,,,,,,,,,,,,,,,,,,,
btc_daily,2024-04-17,BTC,63764.9,64483.3,59625.0,61254.5,444032.992,,,,,,,,,,,,,,,,,,,,,,,,,,,,,
btc_daily,2024-04-18,BTC,61254.5,64100.0,60763.8,63445.0,363302.394,,,,,,,,,,,,,,,,,,,,,,,,,,,,,
btc_daily,2024-04-19,BTC,63445.0,65480.0,59541.0,63787.4,574264.058,,,,,,,,,,,,,,,,,,,,,,,,,,,,,
btc_daily,2024-04-20,BTC,63787.4,65400.0,63045.1,64897.2,197142.262,,,,,,,,,,,,,,,,,,,,,,,,,,,,,
btc_daily,2024-04-21,BTC,64897.2,65678.7,64214.2,64912.6,160533.948,,,,,,,,,,,,,,,,,,,,,,,,,,,,,
btc_daily,2024-04-22,BTC,64912.7,67222.0,64470.5,66778.0,246268.411,,,,,,,,,,,,,,,,,,,,,,,,,,,,,
btc_daily,2024-04-23,BTC,66777.9,67158.9,65750.0,66386.3,178665.564,,,,,,,,,,,,,,,,,,,,,,,,,,,,,
btc_daily,2024-04-24,BTC,66386.2,67068.2,63575.0,64250.0,280545.061,,,,,,,,,,,,,,,,,,,,,,,,,,,,,
btc_daily,2024-04-25,BTC,64250.0,65270.6,62721.3,64478.8,275211.062,,,,,,,,,,,,,,,,,,,,,,,,,,,,,
btc_daily,2024-04-26,BTC,64478.8,64783.1,63291.5,63748.8,202149.813,,,,,,,,,,,,,,,,,,,,,,,,,,,,,
btc_daily,2024-04-27,BTC,63748.7,63901.4,62332.8,63421.0,167349.109,,,,,,,,,,,,,,,,,,,,,,,,,,,,,
btc_daily,2024-04-28,BTC,63420.9,64350.0,62700.0,63088.3,126056.151,,,,,,,,,,,,,,,,,,,,,,,,,,,,,
btc_daily,2024-04-29,BTC,63088.4,64200.0,61726.2,63842.4,228411.163,,,,,,,,,,,,,,,,,,,,,,,,,,,,,
btc_daily,2024-04-30,BTC,63842.4,64700.0,59150.0,60651.2,408747.703,,,,,,,,,,,,,,,,,,,,,,,,,,,,,
btc_daily,2024-05-01,BTC,60651.2,60816.7,56537.7,58307.6,564108.4,,,,,,,,,,,,,,,,,,,,,,,,,,,,,
btc_daily,2024-05-02,BTC,58307.7,59637.3,56951.6,59036.7,299229.302,,,,,,,,,,,,,,,,,,,,,,,,,,,,,
btc_daily,2024-05-03,BTC,59036.7,63333.0,58781.3,62853.7,353606.459,,,,,,,,,,,,,,,,,,,,,,,,,,,,,
btc_daily,2024-05-04,BTC,62853.7,64547.9,62520.0,63864.2,205205.199,,,,,,,,,,,,,,,,,,,,,,,,,,,,,
btc_daily,2024-05-05,BTC,63864.3,64644.3,62833.0,63988.0,185495.653,,,,,,,,,,,,,,,,,,,,,,,,,,,,,
btc_daily,2024-05-06,BTC,63987.9,65500.0,62655.3,63142.8,305110.067,,,,,,,,,,,,,,,,,,,,,,,,,,,,,
btc_daily,2024-05-07,BTC,63142.7,64392.2,62203.6,62296.0,238974.646,,,,,,,,,,,,,,,,,,,,,,,,,,,,,
btc_daily,2024-05-08,BTC,62296.0,62994.9,60843.6,61157.9,241651.579,,,,,,,,,,,,,,,,,,,,,,,,,,,,,
btc_daily,2024-05-09,BTC,61157.9,63447.2,60550.0,63050.1,242451.302,,,,,,,,,,,,,,,,,,,,,,,,,,,,,
btc_daily,2024-05-10,BTC,63050.0,63446.5,60117.4,60778.1,307214.96,,,,,,,,,,,,,,,,,,,,,,,,,,,,,
btc_daily,2024-05-11,BTC,60778.0,61491.4,60432.6,60809.2,113294.787,,,,,,,,,,,,,,,,,,,,,,,,,,,,,
btc_daily,2024-05-12,BTC,60809.2,61849.4,60557.3,61455.8,104043.897,,,,,,,,,,,,,,,,,,,,,,,,,,,,,
btc_daily,2024-05-13,BTC,61455.7,63440.0,60750.0,62912.1,261927.073,,,,,,,,,,,,,,,,,,,,,,,,,,,,,
btc_daily,2024-05-14,BTC,62912.2,63099.6,60950.0,61550.5,244345.274,,,,,,,,,,,,,,,,,,,,,,,,,,,,,
btc_daily,2024-05-15,BTC,61550.5,66440.0,61316.1,66175.4,365031.68,,,,,,,,,,,,,,,,,,,,,,,,,,,,,
btc_daily,2024-05-16,BTC,66175.4,66800.0,64567.0,65217.7,242455.324,,,,,,,,,,,,,,,,,,,,,,,,,,,,,
btc_daily,2024-05-17,BTC,65217.7,67400.6,65061.2,66980.0,227063.919,,,,,,,,,,,,,,,,,,,,,,,,,,,,,
btc_daily,2024-05-18,BTC,66980.0,67340.5,66503.2,66884.9,96931.548,,,,,,,,,,,,,,,,,,,,,,,,,,,,,
btc_daily,2024-05-19,BTC,66884.9,67750.0,65835.8,66239.4,148170.35,,,,,,,,,,,,,,,,,,,,,,,,,,,,,
btc_daily,2024-05-20,BTC,66239.4,71674.6,66010.0,71466.5,366028.078,,,,,,,,,,,,,,,,,,,,,,,,,,,,,
btc_daily,2024-05-21,BTC,71466.5,72132.8,69165.6,70168.8,263674.327,,,,,,,,,,,,,,,,,,,,,,,,,,,,,
btc_daily,2024-05-22,BTC,70168.7,70715.4,68736.8,69219.1,194160.494,,,,,,,,,,,,,,,,,,,,,,,,,,,,,
btc_daily,2024-05-23,BTC,69219.2,70133.3,66156.6,67999.9,300093.622,,,,,,,,,,,,,,,,,,,,,,,,,,,,,
btc_daily,2024-05-24,BTC,67999.9,69273.5,66639.0,68584.1,186681.082,,,,,,,,,,,,,,,,,,,,,,,,,,,,,
btc_daily,2024-05-25,BTC,68584.0,69622.8,68523.7,69314.4,85113.605,,,,,,,,,,,,,,,,,,,,,,,,,,,,,
btc_daily,2024-05-26,BTC,69314.5,69590.3,68155.0,68524.3,84069.824,,,,,,,,,,,,,,,,,,,,,,,,,,,,,
btc_daily,2024-05-27,BTC,68524.4,70750.0,68268.7,69461.6,170291.356,,,,,,,,,,,,,,,,,,,,,,,,,,,,,
btc_daily,2024-05-28,BTC,69461.5,69628.0,67273.0,68440.5,227838.44,,,,,,,,,,,,,,,,,,,,,,,,,,,,,
btc_daily,2024-05-29,BTC,68440.4,68983.0,67129.0,67686.7,158236.599,,,,,,,,,,,,,,,,,,,,,,,,,,,,,
btc_daily,2024-05-30,BTC,67686.8,69568.9,67167.0,68402.5,194573.899,,,,,,,,,,,,,,,,,,,,,,,,,,,,,
btc_daily,2024-05-31,BTC,68402.6,69080.0,66700.5,67577.9,195751.752,,,,,,,,,,,,,,,,,,,,,,,,,,,,,
btc_daily,2024-06-01,BTC,67577.9,67936.0,67480.0,67799.2,50943.058,,,,,,,,,,,,,,,,,,,,,,,,,,,,,
btc_daily,2024-06-02,BTC,67799.2,68545.9,67296.3,67805.9,102194.718,,,,,,,,,,,,,,,,,,,,,,,,,,,,,
btc_daily,2024-06-03,BTC,67805.9,70372.9,67642.6,68851.4,227676.93,,,,,,,,,,,,,,,,,,,,,,,,,,,,,
btc_daily,2024-06-04,BTC,68851.3,71146.4,68595.5,70580.0,216100.016,,,,,,,,,,,,,,,,,,,,,,,,,,,,,
btc_daily,2024-06-05,BTC,70580.0,71824.4,70423.6,71133.3,203992.034,,,,,,,,,,,,,,,,,,,,,,,,,,,,,
btc_daily,2024-06-06,BTC,71133.3,71714.8,70101.9,70830.0,158483.564,,,,,,,,,,,,,,,,,,,,,,,,,,,,,
btc_daily,2024-06-07,BTC,70830.0,72144.0,68405.0,69377.0,299412.37,,,,,,,,,,,,,,,,,,,,,,,,,,,,,
btc_daily,2024-06-08,BTC,69377.0,69613.6,69192.3,69346.5,65739.857,,,,,,,,,,,,,,,,,,,,,,,,,,,,,
btc_daily,2024-06-09,BTC,69346.6,69879.0,69160.0,69667.1,68024.1,,,,,,,,,,,,,,,,,,,,,,,,,,,,,
btc_daily,2024-06-10,BTC,69667.1,70222.7,69201.2,69558.7,127381.604,,,,,,,,,,,,,,,,,,,,,,,,,,,,,
btc_daily,2024-06-11,BTC,69558.8,69600.0,66000.0,67320.7,311984.942,,,,,,,,,,,,,,,,,,,,,,,,,,,,,
btc_daily,2024-06-12,BTC,67320.6,70028.0,66920.0,68270.3,329918.46,,,,,,,,,,,,,,,,,,,,,,,,,,,,,
btc_daily,2024-06-13,BTC,68270.3,68607.7,66251.1,66786.9,248355.461,,,,,,,,,,,,,,,,,,,,,,,,,,,,,
btc_daily,2024-06-14,BTC,66786.8,67366.5,65052.4,66039.7,239411.231,,,,,,,,,,,,,,,,,,,,,,,,,,,,,
btc_daily,2024-06-15,BTC,66039.7,66482.6,65801.0,66213.7,72423.755,,,,,,,,,,,,,,,,,,,,,,,,,,,,,
btc_daily,2024-06-16,BTC,66213.7,66960.3,66012.1,66653.6,80361.551,,,,,,,,,,,,,,,,,,,,,,,,,,,,,
btc_daily,2024-06-17,BTC,66653.5,67280.6,65094.9,66472.1,248420.787,,,,,,,,,,,,,,,,,,,,,,,,,,,,,
btc_daily,2024-06-18,BTC,66472.1,66558.9,64009.8,65150.0,335559.394,,,,,,,,,,,,,,,,,,,,,,,,,,,,,
btc_daily,2024-06-19,BTC,65149.9,65711.9,64600.0,64933.6,150032.669,,,,,,,,,,,,,,,,,,,,,,,,,,,,,
btc_daily,2024-06-20,BTC,64933.6,66467.0,64526.0,64854.0,220954.676,,,,,,,,,,,,,,,,,,,,,,,,,,,,,
btc_daily,2024-06-21,BTC,64854.0,65055.5,63361.2,64124.0,210109.601,,,,,,,,,,,,,,,,,,,,,,,,,,,,,
btc_daily,2024-06-22,BTC,64124.1,64520.0,63915.8,64240.0,53855.862,,,,,,,,,,,,,,,,,,,,,,,,,,,,,
btc_daily,2024-06-23,BTC,64240.1,64500.0,63137.9,63194.9,72052.293,,,,,,,,,,,,,,,,,,,,,,,,,,,,,
btc_daily,2024-06-24,BTC,63194.9,63357.0,58218.0,60273.6,445903.184,,,,,,,,,,,,,,,,,,,,,,,,,,,,,
btc_daily,2024-06-25,BTC,60273.5,62448.1,60230.5,61777.8,264647.317,,,,,,,,,,,,,,,,,,,,,,,,,,,,,
btc_daily,2024-06-26,BTC,61777.9,62465.1,60696.0,60860.1,170601.18,,,,,,,,,,,,,,,,,,,,,,,,,,,,,
btc_daily,2024-06-27,BTC,60860.1,62379.7,60605.0,61682.0,160172.482,,,,,,,,,,,,,,,,,,,,,,,,,,,,,
btc_daily,2024-06-28,BTC,61682.1,62204.0,60038.0,60429.8,195508.125,,,,,,,,,,,,,,,,,,,,,,,,,,,,,
btc_daily,2024-06-29,BTC,60429.8,61232.0,60400.1,60982.4,79680.289,,,,,,,,,,,,,,,,,,,,,,,,,,,,,
btc_daily,2024-06-30,BTC,60982.5,63058.4,60705.0,62766.0,147777.915,,,,,,,,,,,,,,,,,,,,,,,,,,,,,
btc_daily,2024-07-01,BTC,62766.1,63849.0,62502.2,62883.6,193937.938,,,,,,,,,,,,,,,,,,,,,,,,,,,,,
btc_daily,2024-07-02,BTC,62883.7,63284.0,61800.0,62123.6,163101.243,,,,,,,,,,,,,,,,,,,,,,,,,,,,,
btc_daily,2024-07-03,BTC,62123.5,62278.2,59299.3,60208.0,295303.265,,,,,,,,,,,,,,,,,,,,,,,,,,,,,
btc_daily,2024-07-04,BTC,60208.0,60500.0,56560.0,57045.9,445656.277,,,,,,,,,,,,,,,,,,,,,,,,,,,,,
btc_daily,2024-07-05,BTC,57045.9,57533.4,53329.5,56604.9,577193.595,,,,,,,,,,,,,,,,,,,,,,,,,,,,,
btc_daily,2024-07-06,BTC,56604.9,58472.0,56000.0,58216.0,178580.022,,,,,,,,,,,,,,,,,,,,,,,,,,,,,
btc_daily,2024-07-07,BTC,58216.0,58443.0,55688.0,55830.9,210361.981,,,,,,,,,,,,,,,,,,,,,,,,,,,,,
btc_daily,2024-07-08,BTC,55831.0,58200.0,54243.1,56686.4,464106.957,,,,,,,,,,,,,,,,,,,,,,,,,,,,,
btc_daily,2024-07-09,BTC,56686.4,58290.6,56256.2,58023.2,257237.048,,,,,,,,,,,,,,,,,,,,,,,,,,,,,
btc_daily,2024-07-10,BTC,58023.1,59449.6,57125.0,57707.0,254248.937,,,,,,,,,,,,,,,,,,,,,,,,,,,,,
btc_daily,2024-07-11,BTC,57707.0,59780.0,57030.0,57315.5,293106.959,,,,,,,,,,,,,,,,,,,,,,,,,,,,,
btc_daily,2024-07-12,BTC,57315.7,58500.0,56500.1,57870.0,238100.616,,,,,,,,,,,,,,,,,,,,,,,,,,,,,
btc_daily,2024-07-13,BTC,57870.0,59850.0,57728.6,59174.0,157884.322,,,,,,,,,,,,,,,,,,,,,,,,,,,,,
btc_daily,2024-07-14,BTC,59173.9,61412.4,59164.0,60766.0,208060.883,,,,,,,,,,,,,,,,,,,,,,,,,,,,,
btc_daily,2024-07-15,BTC,60766.0,64870.7,60622.6,64680.6,352222.181,,,,,,,,,,,,,,,,,,,,,,,,,,,,,
btc_daily,2024-07-16,BTC,64680.6,65388.0,62350.0,65010.0,375258.616,,,,,,,,,,,,,,,,,,,,,,,,,,,,,
btc_daily,2024-07-17,BTC,65010.0,66100.0,63823.0,64055.7,276656.393,,,,,,,,,,,,,,,,,,,,,,,,,,,,,
btc_daily,2024-07-18,BTC,64055.8,65173.8,63206.4,63959.9,215648.157,,,,,,,,,,,,,,,,,,,,,,,,,,,,,
btc_daily,2024-07-19,BTC,63960.0,67362.8,63266.2,66627.9,311859.805,,,,,,,,,,,,,,,,,,,,,,,,,,,,,
btc_daily,2024-07-20,BTC,66627.9,67648.7,66159.1,67095.6,123564.406,,,,,,,,,,,,,,,,,,,,,,,,,,,,,
btc_daily,2024-07-21,BTC,67095.6,68351.2,65750.0,68138.0,207228.372,,,,,,,,,,,,,,,,,,,,,,,,,,,,,
btc_daily,2024-07-22,BTC,68138.0,68459.7,66538.6,67499.2,192991.391,,,,,,,,,,,,,,,,,,,,,,,,,,,,,
btc_daily,2024-07-23,BTC,67499.2,67729.3,65416.5,65916.4,270430.68,,,,,,,,,,,,,,,,,,,,,,,,,,,,,
btc_daily,2024-07-24,BTC,65916.3,67087.3,65040.5,65350.8,215079.421,,,,,,,,,,,,,,,,,,,,,,,,,,,,,
btc_daily,2024-07-25,BTC,65350.7,66144.0,63456.7,65773.0,319685.441,,,,,,,,,,,,,,,,,,,,,,,,,,,,,
btc_daily,2024-07-26,BTC,65773.0,68200.0,65688.2,67882.5,235384.526,,,,,,,,,,,,,,,,,,,,,,,,,,,,,
btc_daily,2024-07-27,BTC,67882.5,69381.7,66624.5,67873.8,330982.647,,,,,,,,,,,,,,,,,,,,,,,,,,,,,
btc_daily,2024-07-28,BTC,67873.7,68300.0,67037.0,68215.5,116913.935,,,,,,,,,,,,,,,,,,,,,,,,,,,,,
btc_daily,2024-07-29,BTC,68215.5,70081.0,66365.8,66750.0,372537.818,,,,,,,,,,,,,,,,,,,,,,,,,,,,,
btc_daily,2024-07-30,BTC,66750.1,66966.6,65254.5,66159.3,246551.044,,,,,,,,,,,,,,,,,,,,,,,,,,,,,
btc_daily,2024-07-31,BTC,66159.3,66826.3,64500.4,64601.8,246389.446,,,,,,,,,,,,,,,,,,,,,,,,,,,,,
btc_daily,2024-08-01,BTC,64601.8,65650.0,62271.2,65328.9,372654.59,,,,,,,,,,,,,,,,,,,,,,,,,,,,,
btc_daily,2024-08-02,BTC,65329.0,65577.0,61200.2,61483.7,421628.42,,,,,,,,,,,,,,,,,,,,,,,,,,,,,
btc_daily,2024-08-03,BTC,61483.7,62166.0,59800.0,60684.6,290469.956,,,,,,,,,,,,,,,,,,,,,,,,,,,,,
btc_daily,2024-08-04,BTC,60684.5,61089.5,57040.0,58144.5,339512.415,,,,,,,,,,,,,,,,,,,,,,,,,,,,,
btc_daily,2024-08-05,BTC,58144.5,58286.9,48888.0,54003.1,1281982.025,,,,,,,,,,,,,,,,,,,,,,,,,,,,,
btc_daily,2024-08-06,BTC,54003.5,56999.9,53925.3,55991.2,435953.439,,,,,,,,,,,,,,,,,,,,,,,,,,,,,
btc_daily,2024-08-07,BTC,55991.3,57699.0,54519.8,55102.9,377442.54,,,,,,,,,,,,,,,,,,,,,,,,,,,,,
btc_daily,2024-08-08,BTC,55102.9,62737.2,54672.4,61659.8,470117.508,,,,,,,,,,,,,,,,,,,,,,,,,,,,,
btc_daily,2024-08-09,BTC,61659.8,61726.0,59500.0,60808.6,308674.339,,,,,,,,,,,,,,,,,,,,,,,,,,,,,
btc_daily,2024-08-10,BTC,60808.6,61450.0,60208.5,60889.9,115593.354,,,,,,,,,,,,,,,,,,,,,,,,,,,,,
btc_daily,2024-08-11,BTC,60889.8,62000.0,58255.4,58693.1,202539.076,,,,,,,,,,,,,,,,,,,,,,,,,,,,,
btc_daily,2024-08-12,BTC,58693.1,60666.0,57615.0,59323.6,367126.29,,,,,,,,,,,,,,,,,,,,,,,,,,,,,
btc_daily,2024-08-13,BTC,59323.7,61545.0,58360.0,60550.5,255934.721,,,,,,,,,,,,,,,,,,,,,,,,,,,,,
btc_daily,2024-08-14,BTC,60550.4,61839.7,58367.2,58648.1,295662.808,,,,,,,,,,,,,,,,,,,,,,,,,,,,,
btc_daily,2024-08-15,BTC,58648.1,59820.0,55969.0,57511.0,360815.946,,,,,,,,,,,,,,,,,,,,,,,,,,,,,
btc_daily,2024-08-16,BTC,57511.1,59780.2,57062.1,58854.9,268756.529,,,,,,,,,,,,,,,,,,,,,,,,,,,,,
btc_daily,2024-08-17,BTC,58854.9,59690.2,58769.4,59468.5,77085.532,,,,,,,,,,,,,,,,,,,,,,,,,,,,,
btc_daily,2024-08-18,BTC,59468.5,60250.0,58352.0,58390.0,149660.264,,,,,,,,,,,,,,,,,,,,,,,,,,,,,
btc_daily,2024-08-19,BTC,58390.1,59585.4,57750.0,59398.5,214043.139,,,,,,,,,,,,,,,,,,,,,,,,,,,,,
btc_daily,2024-08-20,BTC,59398.4,61386.0,58501.1,58982.9,287049.13,,,,,,,,,,,,,,,,,,,,,,,,,,,,,
btc_daily,2024-08-21,BTC,58982.7,61793.9,58728.9,61120.0,270583.679,,,,,,,,,,,,,,,,,,,,,,,,,,,,,
btc_daily,2024-08-22,BTC,61120.0,61392.0,59677.6,60349.9,211098.959,,,,,,,,,,,,,,,,,,,,,,,,,,,,,
btc_daily,2024-08-23,BTC,60349.9,65000.0,60301.5,64019.9,382490.709,,,,,,,,,,,,,,,,,,,,,,,,,,,,,
btc_daily,2024-08-24,BTC,64020.0,64472.5,63522.7,64116.5,132741.902,,,,,,,,,,,,,,,,,,,,,,,,,,,,,
btc_daily,2024-08-25,BTC,64116.6,65175.4,63731.3,64190.2,115546.888,,,,,,,,,,,,,,,,,,,,,,,,,,,,,
btc_daily,2024-08-26,BTC,64190.1,64455.8,62750.2,62807.6,195977.222,,,,,,,,,,,,,,,,,,,,,,,,,,,,,
btc_daily,2024-08-27,BTC,62807.7,63196.0,57928.2,59384.5,339269.805,,,,,,,,,,,,,,,,,,,,,,,,,,,,,
btc_daily,2024-08-28,BTC,59384.4,60197.8,57820.0,59010.0,313788.567,,,,,,,,,,,,,,,,,,,,,,,,,,,,,
btc_daily,2024-08-29,BTC,59010.0,61144.9,58655.0,59323.2,233896.685,,,,,,,,,,,,,,,,,,,,,,,,,,,,,
btc_daily,2024-08-30,BTC,59323.3,59914.9,57525.0,59096.3,268276.469,,,,,,,,,,,,,,,,,,,,,,,,,,,,,
btc_daily,2024-08-31,BTC,59096.4,59436.0,58700.0,58941.9,68866.674,,,,,,,,,,,,,,,,,,,,,,,,,,,,,
btc_daily,2024-09-01,BTC,58941.9,59052.7,57123.0,57268.1,222909.914,,,,,,,,,,,,,,,,,,,,,,,,,,,,,
btc_daily,2024-09-02,BTC,57268.1,59412.3,57093.0,59112.1,201218.384,,,,,,,,,,,,,,,,,,,,,,,,,,,,,
btc_daily,2024-09-03,BTC,59112.2,59790.0,57320.0,57451.9,230196.497,,,,,,,,,,,,,,,,,,,,,,,,,,,,,
btc_daily,2024-09-04,BTC,57452.0,58500.0,55555.0,57944.8,326983.311,,,,,,,,,,,,,,,,,,,,,,,,,,,,,
btc_daily,2024-09-05,BTC,57944.8,58318.9,55600.0,56145.7,294703.592,,,,,,,,,,,,,,,,,,,,,,,,,,,,,
btc_daily,2024-09-06,BTC,56145.7,57000.0,52510.8,53927.7,479063.113,,,,,,,,,,,,,,,,,,,,,,,,,,,,,
btc_daily,2024-09-07,BTC,53927.7,54820.2,53725.0,54134.9,127686.594,,,,,,,,,,,,,,,,,,,,,,,,,,,,,
btc_daily,2024-09-08,BTC,54134.9,55300.0,53596.5,54839.6,162078.536,,,,,,,,,,,,,,,,,,,,,,,,,,,,,
btc_daily,2024-09-09,BTC,54839.6,58153.2,54557.0,57010.0,313094.361,,,,,,,,,,,,,,,,,,,,,,,,,,,,,
btc_daily,2024-09-10,BTC,57010.1,58033.2,56361.0,57609.1,228317.676,,,,,,,,,,,,,,,,,,,,,,,,,,,,,
btc_daily,2024-09-11,BTC,57609.2,57954.4,55515.2,57306.0,338231.445,,,,,,,,,,,,,,,,,,,,,,,,,,,,,
btc_daily,2024-09-12,BTC,57305.6,58606.6,57283.1,58097.0,261449.688,,,,,,,,,,,,,,,,,,,,,,,,,,,,,
btc_daily,2024-09-13,BTC,58097.1,60597.0,57594.0,60456.2,277429.492,,,,,,,,,,,,,,,,,,,,,,,,,,,,,
btc_daily,2024-09-14,BTC,60456.2,60572.9,59360.1,59964.0,102580.577,,,,,,,,,,,,,,,,,,,,,,,,,,,,,
btc_daily,2024-09-15,BTC,59963.9,60369.4,58654.0,59100.5,130524.206,,,,,,,,,,,,,,,,,,,,,,,,,,,,,
btc_daily,2024-09-16,BTC,59100.5,59182.2,57446.3,58187.0,250699.432,,,,,,,,,,,,,,,,,,,,,,,,,,,,,
btc_daily,2024-09-17,BTC,58187.0,61345.0,57588.8,60281.0,318442.066,,,,,,,,,,,,,,,,,,,,,,,,,,,,,
btc_daily,2024-09-18,BTC,60281.0,61765.0,59138.0,61735.3,355729.312,,,,,,,,,,,,,,,,,,,,,,,,,,,,,
btc_daily,2024-09-19,BTC,61735.3,63830.1,61534.0,62926.9,302382.412,,,,,,,,,,,,,,,,,,,,,,,,,,,,,
btc_daily,2024-09-20,BTC,62926.9,64126.7,62320.0,63175.7,257172.835,,,,,,,,,,,,,,,,,,,,,,,,,,,,,
btc_daily,2024-09-21,BTC,63175.8,63546.9,62714.2,63320.6,78248.362,,,,,,,,,,,,,,,,,,,,,,,,,,,,,
btc_daily,2024-09-22,BTC,63320.6,64000.0,62339.0,63558.4,149129.884,,,,,,,,,,,,,,,,,,,,,,,,,,,,,
btc_daily,2024-09-23,BTC,63558.5,64724.8,62534.4,63302.0,234343.564,,,,,,,,,,,,,,,,,,,,,,,,,,,,,
btc_daily,2024-09-24,BTC,63302.1,64666.0,62688.2,64243.1,236987.628,,,,,,,,,,,,,,,,,,,,,,,,,,,,,
btc_daily,2024-09-25,BTC,64243.2,64800.0,62910.0,63118.4,184950.772,,,,,,,,,,,,,,,,,,,,,,,,,,,,,
btc_daily,2024-09-26,BTC,63118.3,65800.0,62634.4,65139.2,321186.356,,,,,,,,,,,,,,,,,,,,,,,,,,,,,
btc_daily,2024-09-27,BTC,65139.1,66450.0,64788.0,65749.6,226404.021,,,,,,,,,,,,,,,,,,,,,,,,,,,,,
btc_daily,2024-09-28,BTC,65749.5,66237.0,65368.1,65822.6,92773.553,,,,,,,,,,,,,,,,,,,,,,,,,,,,,
btc_daily,2024-09-29,BTC,65822.7,66059.3,65400.0,65568.1,88131.799,,,,,,,,,,,,,,,,,,,,,,,,,,,,,
btc_daily,2024-09-30,BTC,65568.2,65588.8,62825.0,63309.1,296848.373,,,,,,,,,,,,,,,,,,,,,,,,,,,,,
btc_daily,2024-10-01,BTC,63309.0,64092.6,60128.2,60776.8,429817.835,,,,,,,,,,,,,,,,,,,,,,,,,,,,,
btc_daily,2024-10-02,BTC,60776.7,62355.0,59934.9,60622.6,327001.805,,,,,,,,,,,,,,,,,,,,,,,,,,,,,
btc_daily,2024-10-03,BTC,60622.7,61452.6,59815.0,60727.2,286137.212,,,,,,,,,,,,,,,,,,,,,,,,,,,,,
btc_daily,2024-10-04,BTC,60727.1,62457.1,60434.1,62054.4,234795.836,,,,,,,,,,,,,,,,,,,,,,,,,,,,,
btc_daily,2024-10-05,BTC,62054.3,62344.0,61648.0,62023.1,74330.781,,,,,,,,,,,,,,,,,,,,,,,,,,,,,
btc_daily,2024-10-06,BTC,62023.1,62961.5,61778.9,62789.3,96413.453,,,,,,,,,,,,,,,,,,,,,,,,,,,,,
btc_daily,2024-10-07,BTC,62789.2,64448.2,62091.8,62190.7,298949.375,,,,,,,,,,,,,,,,,,,,,,,,,,,,,
btc_daily,2024-10-08,BTC,62190.6,63178.7,61836.0,62131.7,226276.359,,,,,,,,,,,,,,,,,,,,,,,,,,,,,
btc_daily,2024-10-09,BTC,62131.8,62520.9,60251.9,60606.4,217302.173,,,,,,,,,,,,,,,,,,,,,,,,,,,,,
btc_daily,2024-10-10,BTC,60606.3,61297.0,58900.0,60293.2,262947.653,,,,,,,,,,,,,,,,,,,,,,,,,,,,,
btc_daily,2024-10-11,BTC,60293.3,63400.0,60057.8,62509.0,263691.142,,,,,,,,,,,,,,,,,,,,,,,,,,,,,
btc_daily,2024-10-12,BTC,62509.0,63462.6,62458.0,63176.0,102784.406,,,,,,,,,,,,,,,,,,,,,,,,,,,,,
btc_daily,2024-10-13,BTC,63176.0,63260.0,62020.0,62839.8,129696.156,,,,,,,,,,,,,,,,,,,,,,,,,,,,,
btc_daily,2024-10-14,BTC,62839.7,66533.0,62420.0,66064.9,338251.601,,,,,,,,,,,,,,,,,,,,,,,,,,,,,
btc_daily,2024-10-15,BTC,66064.9,67953.7,64771.7,67044.1,422005.511,,,,,,,,,,,,,,,,,,,,,,,,,,,,,
btc_daily,2024-10-16,BTC,67044.0,68400.0,66724.2,67592.0,254153.501,,,,,,,,,,,,,,,,,,,,,,,,,,,,,
btc_daily,2024-10-17,BTC,67592.0,67925.9,66600.0,67401.5,220272.837,,,,,,,,,,,,,,,,,,,,,,,,,,,,,
btc_daily,2024-10-18,BTC,67401.5,69000.0,67165.0,68407.8,245301.761,,,,,,,,,,,,,,,,,,,,,,,,,,,,,
btc_daily,2024-10-19,BTC,68407.8,68684.9,68000.0,68357.1,68632.108,,,,,,,,,,,,,,,,,,,,,,,,,,,,,
btc_daily,2024-10-20,BTC,68357.1,69425.8,68069.8,69020.1,105939.492,,,,,,,,,,,,,,,,,,,,,,,,,,,,,
btc_daily,2024-10-21,BTC,69020.2,69566.0,66865.9,67368.8,253437.333,,,,,,,,,,,,,,,,,,,,,,,,,,,,,
btc_daily,2024-10-22,BTC,67368.7,67825.0,66536.5,67406.4,218518.977,,,,,,,,,,,,,,,,,,,,,,,,,,,,,
btc_daily,2024-10-23,BTC,67406.5,67449.0,65222.3,66647.2,248215.058,,,,,,,,,,,,,,,,,,,,,,,,,,,,,
btc_daily,2024-10-24,BTC,66647.3,68842.5,66482.0,68173.8,212340.722,,,,,,,,,,,,,,,,,,,,,,,,,,,,,
btc_daily,2024-10-25,BTC,68173.8,68748.0,65557.2,66662.8,348511.871,,,,,,,,,,,,,,,,,,,,,,,,,,,,,
btc_daily,2024-10-26,BTC,66662.7,67450.0,66414.1,67071.8,94169.992,,,,,,,,,,,,,,,,,,,,,,,,,,,,,
btc_daily,2024-10-27,BTC,67071.9,68306.1,66909.4,67992.6,88468.808,,,,,,,,,,,,,,,,,,,,,,,,,,,,,
btc_daily,2024-10-28,BTC,67992.7,70331.0,67584.2,69940.0,256128.622,,,,,,,,,,,,,,,,,,,,,,,,,,,,,
btc_daily,2024-10-29,BTC,69939.9,73660.0,69733.0,72739.5,382502.06,,,,,,,,,,,,,,,,,,,,,,,,,,,,,
btc_daily,2024-10-30,BTC,72739.5,72984.9,71444.2,72349.0,227108.808,,,,,,,,,,,,,,,,,,,,,,,,,,,,,
btc_daily,2024-10-31,BTC,72349.0,72720.3,69705.0,70321.9,256485.328,,,,,,,,,,,,,,,,,,,,,,,,,,,,,
btc_daily,2024-11-01,BTC,70321.9,71650.0,68822.5,69495.5,352591.088,,,,,,,,,,,,,,,,,,,,,,,,,,,,,
btc_daily,2024-11-02,BTC,69495.4,69913.1,69022.8,69366.6,79314.105,,,,,,,,,,,,,,,,,,,,,,,,,,,,,
btc_daily,2024-11-03,BTC,69366.6,69393.7,67446.6,68762.5,226477.376,,,,,,,,,,,,,,,,,,,,,,,,,,,,,
btc_daily,2024-11-04,BTC,68762.5,69495.3,66810.0,67834.3,244912.166,,,,,,,,,,,,,,,,,,,,,,,,,,,,,
btc_daily,2024-11-05,BTC,67834.4,70537.4,67454.2,69353.1,273070.87,,,,,,,,,,,,,,,,,,,,,,,,,,,,,
btc_daily,2024-11-06,BTC,69353.1,76420.0,69272.7,75579.9,677440.286,,,,,,,,,,,,,,,,,,,,,,,,,,,,,
btc_daily,2024-11-07,BTC,75579.9,76900.0,74450.0,75859.4,280675.033,,,,,,,,,,,,,,,,,,,,,,,,,,,,,
btc_daily,2024-11-08,BTC,75859.4,77182.9,75576.3,76482.2,230370.324,,,,,,,,,,,,,,,,,,,,,,,,,,,,,
btc_daily,2024-11-09,BTC,76482.2,76920.0,75683.2,76675.1,117754.034,,,,,,,,,,,,,,,,,,,,,,,,,,,,,
btc_daily,2024-11-10,BTC,76675.1,81699.8,76501.1,80410.0,417426.899,,,,,,,,,,,,,,,,,,,,,,,,,,,,,
btc_daily,2024-11-11,BTC,80409.9,89800.0,80261.2,88728.9,614141.662,,,,,,,,,,,,,,,,,,,,,,,,,,,,,
btc_daily,2024-11-12,BTC,88729.0,90070.1,85159.9,87972.0,639481.584,,,,,,,,,,,,,,,,,,,,,,,,,,,,,
btc_daily,2024-11-13,BTC,87972.0,93421.1,86180.0,90413.3,555288.297,,,,,,,,,,,,,,,,,,,,,,,,,,,,,
btc_daily,2024-11-14,BTC,90413.3,91846.1,86714.0,87382.7,364621.68,,,,,,,,,,,,,,,,,,,,,,,,,,,,,
btc_daily,2024-11-15,BTC,87382.6,91921.5,87111.0,91074.6,314431.908,,,,,,,,,,,,,,,,,,,,,,,,,,,,,
btc_daily,2024-11-16,BTC,91074.6,91849.8,90120.0,90643.3,129023.447,,,,,,,,,,,,,,,,,,,,,,,,,,,,,
btc_daily,2024-11-17,BTC,90643.2,91539.6,88736.1,89899.9,167504.792,,,,,,,,,,,,,,,,,,,,,,,,,,,,,
btc_daily,2024-11-18,BTC,89900.0,92700.0,89422.1,90507.4,333557.11,,,,,,,,,,,,,,,,,,,,,,,,,,,,,
btc_daily,2024-11-19,BTC,90507.4,93985.9,90405.6,92335.9,303532.031,,,,,,,,,,,,,,,,,,,,,,,,,,,,,
btc_daily,2024-11-20,BTC,92335.9,94849.0,91500.0,94288.0,290044.227,,,,,,,,,,,,,,,,,,,,,,,,,,,,,
btc_daily,2024-11-21,BTC,94288.0,99100.0,94008.7,98366.8,418383.136,,,,,,,,,,,,,,,,,,,,,,,,,,,,,
btc_daily,2024-11-22,BTC,98366.8,99660.0,97199.9,98921.4,265774.067,,,,,,,,,,,,,,,,,,,,,,,,,,,,,
btc_daily,2024-11-23,BTC,98921.5,98937.3,97173.5,97725.5,120358.422,,,,,,,,,,,,,,,,,,,,,,,,,,,,,
btc_daily,2024-11-24,BTC,97725.6,98666.0,95822.1,97960.4,173118.84,,,,,,,,,,,,,,,,,,,,,,,,,,,,,
btc_daily,2024-11-25,BTC,97960.5,98999.0,92666.0,93064.0,329375.021,,,,,,,,,,,,,,,,,,,,,,,,,,,,,
btc_daily,2024-11-26,BTC,93064.0,95064.0,90866.4,92021.4,344929.233,,,,,,,,,,,,,,,,,,,,,,,,,,,,,
btc_daily,2024-11-27,BTC,92021.5,97250.0,91864.0,95905.2,237005.987,,,,,,,,,,,,,,,,,,,,,,,,,,,,,
btc_daily,2024-11-28,BTC,95905.2,96627.6,94700.1,95694.4,154007.026,,,,,,,,,,,,,,,,,,,,,,,,,,,,,
btc_daily,2024-11-29,BTC,95694.4,98713.3,95404.5,97516.3,190520.949,,,,,,,,,,,,,,,,,,,,,,,,,,,,,
btc_daily,2024-11-30,BTC,97516.2,97522.1,96150.0,96475.1,93074.218,,,,,,,,,,,,,,,,,,,,,,,,,,,,,
btc_daily,2024-12-01,BTC,96475.2,97933.0,95736.5,97265.1,113222.99,,,,,,,,,,,,,,,,,,,,,,,,,,,,,
btc_daily,2024-12-02,BTC,97265.0,98266.0,94400.0,95890.5,257613.911,,,,,,,,,,,,,,,,,,,,,,,,,,,,,
btc_daily,2024-12-03,BTC,95890.6,96375.0,93605.0,95913.3,206601.98,,,,,,,,,,,,,,,,,,,,,,,,,,,,,
btc_daily,2024-12-04,BTC,95913.3,99099.9,94650.8,98669.8,275949.205,,,,,,,,,,,,,,,,,,,,,,,,,,,,,
btc_daily,2024-12-05,BTC,98669.8,104630.4,90200.0,97001.5,580277.391,,,,,,,,,,,,,,,,,,,,,,,,,,,,,
btc_daily,2024-12-06,BTC,97001.6,101988.8,96429.5,99802.5,282369.608,,,,,,,,,,,,,,,,,,,,,,,,,,,,,
btc_daily,2024-12-07,BTC,99802.5,100499.0,98876.9,99899.2,95858.658,,,,,,,,,,,,,,,,,,,,,,,,,,,,,
btc_daily,2024-12-08,BTC,99899.2,101457.9,98709.4,101200.0,109755.676,,,,,,,,,,,,,,,,,,,,,,,,,,,,,
btc_daily,2024-12-09,BTC,101200.1,101300.0,94039.7,97349.1,326973.59,,,,,,,,,,,,,,,,,,,,,,,,,,,,,
btc_daily,2024-12-10,BTC,97349.1,98320.6,94265.5,96602.4,291490.744,,,,,,,,,,,,,,,,,,,,,,,,,,,,,
btc_daily,2024-12-11,BTC,96602.3,101880.0,95650.0,101115.3,221807.705,,,,,,,,,,,,,,,,,,,,,,,,,,,,,
btc_daily,2024-12-12,BTC,101115.3,102538.4,99280.2,99982.4,215219.075,,,,,,,,,,,,,,,,,,,,,,,,,,,,,
btc_daily,2024-12-13,BTC,99982.3,101869.5,99149.6,101371.9,152437.318,,,,,,,,,,,,,,,,,,,,,,,,,,,,,
btc_daily,2024-12-14,BTC,101371.9,102638.0,100559.8,101381.0,107680.549,,,,,,,,,,,,,,,,,,,,,,,,,,,,,
btc_daily,2024-12-15,BTC,101381.0,105374.6,101200.1,104460.4,157733.916,,,,,,,,,,,,,,,,,,,,,,,,,,,,,
btc_daily,2024-12-16,BTC,104460.5,107777.0,103264.6,106023.2,274395.756,,,,,,,,,,,,,,,,,,,,,,,,,,,,,
btc_daily,2024-12-17,BTC,106023.2,108366.8,105252.0,106074.6,197773.912,,,,,,,,,,,,,,,,,,,,,,,,,,,,,
btc_daily,2024-12-18,BTC,106074.6,106484.6,99951.1,100181.1,328581.935,,,,,,,,,,,,,,,,,,,,,,,,,,,,,
btc_daily,2024-12-19,BTC,100181.2,102756.7,95681.2,97434.4,372968.463,,,,,,,,,,,,,,,,,,,,,,,,,,,,,
btc_daily,2024-12-20,BTC,97434.3,98243.0,92272.6,97764.4,396188.795,,,,,,,,,,,,,,,,,,,,,,,,,,,,,
btc_daily,2024-12-21,BTC,97764.5,99485.0,96375.0,97261.8,161258.48,,,,,,,,,,,,,,,,,,,,,,,,,,,,,
btc_daily,2024-12-22,BTC,97261.7,97437.9,94200.0,95153.5,148114.735,,,,,,,,,,,,,,,,,,,,,,,,,,,,,
btc_daily,2024-12-23,BTC,95153.4,96499.0,92464.4,94861.1,247211.855,,,,,,,,,,,,,,,,,,,,,,,,,,,,,
btc_daily,2024-12-24,BTC,94861.0,99450.0,93525.6,98627.2,211610.632,,,,,,,,,,,,,,,,,,,,,,,,,,,,,
btc_daily,2024-12-25,BTC,98626.9,99580.7,97570.0,99379.7,124696.892,,,,,,,,,,,,,,,,,,,,,,,,,,,,,
btc_daily,2024-12-26,BTC,99379.6,99950.0,95153.0,95751.0,194857.651,,,,,,,,,,,,,,,,,,,,,,,,,,,,,
btc_daily,2024-12-27,BTC,95750.9,97564.5,93440.0,94258.9,206008.243,,,,,,,,,,,,,,,,,,,,,,,,,,,,,
btc_daily,2024-12-28,BTC,94258.9,95700.0,94100.0,95259.1,67991.349,,,,,,,,,,,,,,,,,,,,,,,,,,,,,
btc_daily,2024-12-29,BTC,95259.1,95300.0,92961.8,93700.0,95047.934,,,,,,,,,,,,,,,,,,,,,,,,,,,,,
btc_daily,2024-12-30,BTC,93699.9,95031.6,91510.0,92759.3,222343.593,,,,,,,,,,,,,,,,,,,,,,,,,,,,,
btc_daily,2024-12-31,BTC,92759.3,96254.3,92000.0,93548.9,178648.116,,,,,,,,,,,,,,,,,,,,,,,,,,,,,
btc_daily,2025-01-01,BTC,93548.8,95161.2,92796.5,94580.9,91236.66,,,,,,,,,,,,,,,,,,,,,,,,,,,,,
btc_daily,2025-01-02,BTC,94580.9,97822.4,94357.4,96967.5,181645.495,,,,,,,,,,,,,,,,,,,,,,,,,,,,,
btc_daily,2025-01-03,BTC,96967.6,98949.0,96061.5,98145.7,125220.674,,,,,,,,,,,,,,,,,,,,,,,,,,,,,
btc_daily,2025-01-04,BTC,98145.7,98760.9,97438.2,98173.2,71914.634,,,,,,,,,,,,,,,,,,,,,,,,,,,,,
btc_daily,2025-01-05,BTC,98173.2,98852.6,97227.0,98340.2,74949.289,,,,,,,,,,,,,,,,,,,,,,,,,,,,,
btc_daily,2025-01-06,BTC,98340.2,102444.0,97872.6,102180.4,207493.329,,,,,,,,,,,,,,,,,,,,,,,,,,,,,
btc_daily,2025-01-07,BTC,102180.5,102762.1,96153.0,96920.3,258711.309,,,,,,,,,,,,,,,,,,,,,,,,,,,,,
btc_daily,2025-01-08,BTC,96920.2,97242.2,92500.0,95014.1,262012.113,,,,,,,,,,,,,,,,,,,,,,,,,,,,,
btc_daily,2025-01-09,BTC,95014.0,95358.7,91055.8,92505.9,257760.902,,,,,,,,,,,,,,,,,,,,,,,,,,,,,
btc_daily,2025-01-10,BTC,92506.0,95882.5,92173.6,94675.5,261942.954,,,,,,,,,,,,,,,,,,,,,,,,,,,,,
btc_daily,2025-01-11,BTC,94675.6,94988.0,93802.1,94562.5,64661.763,,,,,,,,,,,,,,,,,,,,,,,,,,,,,
btc_daily,2025-01-12,BTC,94562.4,95444.0,93661.1,94499.9,77298.133,,,,,,,,,,,,,,,,,,,,,,,,,,,,,
btc_daily,2025-01-13,BTC,94499.9,95934.5,88909.0,94485.3,361150.49,,,,,,,,,,,,,,,,,,,,,,,,,,,,,
btc_daily,2025-01-14,BTC,94485.4,97353.9,94305.4,96514.9,212859.661,,,,,,,,,,,,,,,,,,,,,,,,,,,,,
btc_daily,2025-01-15,BTC,96514.9,100658.9,96450.2,100460.0,222417.566,,,,,,,,,,,,,,,,,,,,,,,,,,,,,
btc_daily,2025-01-16,BTC,100460.0,100850.0,97293.6,99937.4,216802.52,,,,,,,,,,,,,,,,,,,,,,,,,,,,,
btc_daily,2025-01-17,BTC,99937.4,105784.0,99902.0,104042.5,249449.969,,,,,,,,,,,,,,,,,,,,,,,,,,,,,
btc_daily,2025-01-18,BTC,104042.6,104962.1,102242.8,104524.3,167940.092,,,,,,,,,,,,,,,,,,,,,,,,,,,,,
btc_daily,2025-01-19,BTC,104524.3,106450.0,99600.0,101311.5,280949.178,,,,,,,,,,,,,,,,,,,,,,,,,,,,,
btc_daily,2025-01-20,BTC,101311.5,110000.0,99501.0,102247.6,530508.18,,,,,,,,,,,,,,,,,,,,,,,,,,,,,
btc_daily,2025-01-21,BTC,102247.7,107241.6,100097.2,106114.5,273296.828,,,,,,,,,,,,,,,,,,,,,,,,,,,,,
btc_daily,2025-01-22,BTC,106115.4,106390.0,103211.6,103664.9,151243.528,,,,,,,,,,,,,,,,,,,,,,,,,,,,,
btc_daily,2025-01-23,BTC,103664.9,106840.2,101211.0,103864.1,418154.019,,,,,,,,,,,,,,,,,,,,,,,,,,,,,
btc_daily,2025-01-24,BTC,103864.0,107076.5,102680.0,104808.1,165746.95,,,,,,,,,,,,,,,,,,,,,,,,,,,,,
btc_daily,2025-01-25,BTC,104808.0,105274.7,104040.6,104702.0,65630.163,,,,,,,,,,,,,,,,,,,,,,,,,,,,,
btc_daily,2025-01-26,BTC,104702.0,105496.9,102450.3,102560.1,75787.087,,,,,,,,,,,,,,,,,,,,,,,,,,,,,
btc_daily,2025-01-27,BTC,102560.0,103216.5,97680.0,102021.3,325689.874,,,,,,,,,,,,,,,,,,,,,,,,,,,,,
btc_daily,2025-01-28,BTC,102021.3,103797.0,100235.0,101279.6,169917.261,,,,,,,,,,,,,,,,,,,,,,,,,,,,,
btc_daily,2025-01-29,BTC,101279.7,104755.0,101269.7,103698.2,169989.952,,,,,,,,,,,,,,,,,,,,,,,,,,,,,
btc_daily,2025-01-30,BTC,103698.1,106450.0,103224.5,104676.9,136967.4,,,,,,,,,,,,,,,,,,,,,,,,,,,,,
btc_daily,2025-01-31,BTC,104676.9,106000.0,101509.0,102379.7,172237.817,,,,,,,,,,,,,,,,,,,,,,,,,,,,,
btc_daily,2025-02-01,BTC,102379.8,102734.9,100215.0,100603.6,90863.091,,,,,,,,,,,,,,,,,,,,,,,,,,,,,
btc_daily,2025-02-02,BTC,100603.6,101426.0,96029.6,97664.5,232934.693,,,,,,,,,,,,,,,,,,,,,,,,,,,,,
btc_daily,2025-02-03,BTC,97664.5,102456.0,91130.3,101293.7,455088.034,,,,,,,,,,,,,,,,,,,,,,,,,,,,,
btc_daily,2025-02-04,BTC,101293.6,101729.3,96100.0,97709.9,262746.203,,,,,,,,,,,,,,,,,,,,,,,,,,,,,
btc_daily,2025-02-05,BTC,97710.0,99124.2,96106.1,96553.2,151379.666,,,,,,,,,,,,,,,,,,,,,,,,,,,,,
btc_daily,2025-02-06,BTC,96553.2,99093.0,95613.5,96515.1,161521.013,,,,,,,,,,,,,,,,,,,,,,,,,,,,,
btc_daily,2025-02-07,BTC,96515.0,100112.4,95555.0,96454.5,223373.629,,,,,,,,,,,,,,,,,,,,,,,,,,,,,
btc_daily,2025-02-08,BTC,96454.5,96850.0,95600.0,96411.9,69050.432,,,,,,,,,,,,,,,,,,,,,,,,,,,,,
btc_daily,2025-02-09,BTC,96412.0,97301.7,94650.1,96423.6,101177.286,,,,,,,,,,,,,,,,,,,,,,,,,,,,,
btc_daily,2025-02-10,BTC,96423.6,98328.0,95200.1,97379.2,132932.545,,,,,,,,,,,,,,,,,,,,,,,,,,,,,
btc_daily,2025-02-11,BTC,97379.2,98482.2,94814.3,95731.4,154832.904,,,,,,,,,,,,,,,,,,,,,,,,,,,,,
btc_daily,2025-02-12,BTC,95731.4,98090.9,94003.9,97816.3,202448.079,,,,,,,,,,,,,,,,,,,,,,,,,,,,,
btc_daily,2025-02-13,BTC,97816.3,98053.8,95160.1,96560.6,142240.526,,,,,,,,,,,,,,,,,,,,,,,,,,,,,
btc_daily,2025-02-14,BTC,96560.6,98792.8,96225.7,97445.1,144452.957,,,,,,,,,,,,,,,,,,,,,,,,,,,,,
btc_daily,2025-02-15,BTC,97445.2,97941.2,97170.0,97538.0,47418.593,,,,,,,,,,,,,,,,,,,,,,,,,,,,,
btc_daily,2025-02-16,BTC,97538.0,97665.8,96002.0,96067.0,56684.873,,,,,,,,,,,,,,,,,,,,,,,,,,,,,
btc_daily,2025-02-17,BTC,96067.0,97000.0,95150.6,95743.2,105576.986,,,,,,,,,,,,,,,,,,,,,,,,,,,,,
btc_daily,2025-02-18,BTC,95743.1,96737.3,93321.6,95622.0,179173.362,,,,,,,,,,,,,,,,,,,,,,,,,,,,,
btc_daily,2025-02-19,BTC,95622.0,96878.7,95012.5,96598.0,124996.873,,,,,,,,,,,,,,,,,,,,,,,,,,,,,
btc_daily,2025-02-20,BTC,96597.9,98662.1,96366.0,98252.9,129180.172,,,,,,,,,,,,,,,,,,,,,,,,,,,,,
btc_daily,2025-02-21,BTC,98252.8,99431.5,94830.4,96127.9,250618.273,,,,,,,,,,,,,,,,,,,,,,,,,,,,,
btc_daily,2025-02-22,BTC,96128.0,96988.0,95701.9,96503.3,65792.15,,,,,,,,,,,,,,,,,,,,,,,,,,,,,
btc_daily,2025-02-23,BTC,96503.3,96602.9,95180.2,96218.4,69298.691,,,,,,,,,,,,,,,,,,,,,,,,,,,,,
btc_daily,2025-02-24,BTC,96218.4,96470.0,91300.0,91514.5,217488.75,,,,,,,,,,,,,,,,,,,,,,,,,,,,,
btc_daily,2025-02-25,BTC,91514.5,92500.0,86020.4,88639.1,472296.502,,,,,,,,,,,,,,,,,,,,,,,,,,,,,
btc_daily,2025-02-26,BTC,88639.1,89367.1,82222.0,84208.5,401141.821,,,,,,,,,,,,,,,,,,,,,,,,,,,,,
btc_daily,2025-02-27,BTC,84208.6,87066.0,82667.0,84668.1,269408.53,,,,,,,,,,,,,,,,,,,,,,,,,,,,,
btc_daily,2025-02-28,BTC,84668.2,85084.5,78200.2,84299.6,536343.231,,,,,,,,,,,,,,,,,,,,,,,,,,,,,
btc_daily,2025-03-01,BTC,84299.6,86516.5,83779.0,86007.7,146996.671,,,,,,,,,,,,,,,,,,,,,,,,,,,,,
btc_daily,2025-03-02,BTC,86007.7,94971.0,85015.0,94222.8,364711.538,,,,,,,,,,,,,,,,,,,,,,,,,,,,,
btc_daily,2025-03-03,BTC,94222.0,94373.4,85029.0,86192.7,436032.402,,,,,,,,,,,,,,,,,,,,,,,,,,,,,
btc_daily,2025-03-04,BTC,86193.3,88931.0,81200.0,87245.9,432434.798,,,,,,,,,,,,,,,,,,,,,,,,,,,,,
btc_daily,2025-03-05,BTC,87245.9,91000.0,86328.0,90566.1,279001.09,,,,,,,,,,,,,,,,,,,,,,,,,,,,,
btc_daily,2025-03-06,BTC,90566.1,92780.3,87790.5,89887.8,303058.632,,,,,,,,,,,,,,,,,,,,,,,,,,,,,
btc_daily,2025-03-07,BTC,89887.9,91257.7,84600.0,86753.8,452474.195,,,,,,,,,,,,,,,,,,,,,,,,,,,,,
btc_daily,2025-03-08,BTC,86753.8,86876.5,85108.0,86184.7,96106.187,,,,,,,,,,,,,,,,,,,,,,,,,,,,,
btc_daily,2025-03-09,BTC,86184.7,86470.6,79933.4,80688.8,221609.348,,,,,,,,,,,,,,,,,,,,,,,,,,,,,
btc_daily,2025-03-10,BTC,80690.7,84031.5,77410.1,78567.8,416386.797,,,,,,,,,,,,,,,,,,,,,,,,,,,,,
btc_daily,2025-03-11,BTC,78567.8,83600.0,76560.0,82896.0,390779.169,,,,,,,,,,,,,,,,,,,,,,,,,,,,,
btc_daily,2025-03-12,BTC,82896.0,84487.0,80578.5,83640.7,306171.124,,,,,,,,,,,,,,,,,,,,,,,,,,,,,
btc_daily,2025-03-13,BTC,83640.7,84307.1,79903.4,81085.4,247960.052,,,,,,,,,,,,,,,,,,,,,,,,,,,,,
btc_daily,2025-03-14,BTC,81085.5,85270.2,80772.0,83939.8,233544.708,,,,,,,,,,,,,,,,,,,,,,,,,,,,,
btc_daily,2025-03-15,BTC,83939.9,84625.0,83564.5,84302.9,76674.97,,,,,,,,,,,,,,,,,,,,,,,,,,,,,
btc_daily,2025-03-16,BTC,84303.0,85136.0,81925.6,82541.6,174630.7,,,,,,,,,,,,,,,,,,,,,,,,,,,,,
btc_daily,2025-03-17,BTC,82541.6,84727.1,82384.0,83962.9,182662.082,,,,,,,,,,,,,,,,,,,,,,,,,,,,,
btc_daily,2025-03-18,BTC,83963.0,83979.8,81113.5,82666.1,188897.749,,,,,,,,,,,,,,,,,,,,,,,,,,,,,
btc_daily,2025-03-19,BTC,82666.2,86990.0,82501.8,86809.8,251961.741,,,,,,,,,,,,,,,,,,,,,,,,,,,,,
btc_daily,2025-03-20,BTC,86809.8,87500.0,83613.6,84183.6,242943.492,,,,,,,,,,,,,,,,,,,,,,,,,,,,,
btc_daily,2025-03-21,BTC,84183.6,84813.6,83122.0,84050.3,144422.271,,,,,,,,,,,,,,,,,,,,,,,,,,,,,
btc_daily,2025-03-22,BTC,84050.3,84509.0,83589.5,83804.9,52218.652,,,,,,,,,,,,,,,,,,,,,,,,,,,,,
btc_daily,2025-03-23,BTC,83804.9,86110.9,83761.2,86044.2,90899.873,,,,,,,,,,,,,,,,,,,,,,,,,,,,,
btc_daily,2025-03-24,BTC,86044.1,88752.0,85478.3,87463.4,210907.484,,,,,,,,,,,,,,,,,,,,,,,,,,,,,
btc_daily,2025-03-25,BTC,87463.4,88500.0,86260.0,87369.8,173505.289,,,,,,,,,,,,,,,,,,,,,,,,,,,,,
btc_daily,2025-03-26,BTC,87369.9,88270.2,85816.3,86873.8,187956.695,,,,,,,,,,,,,,,,,,,,,,,,,,,,,
btc_daily,2025-03-27,BTC,86873.9,87722.4,85724.5,87191.2,163451.689,,,,,,,,,,,,,,,,,,,,,,,,,,,,,
btc_daily,2025-03-28,BTC,87191.2,87470.0,83531.7,84380.8,222284.56,,,,,,,,,,,,,,,,,,,,,,,,,,,,,
btc_daily,2025-03-29,BTC,84380.8,84589.7,81601.0,82604.7,135513.705,,,,,,,,,,,,,,,,,,,,,,,,,,,,,
btc_daily,2025-03-30,BTC,82604.8,83490.0,81501.4,82352.8,109565.925,,,,,,,,,,,,,,,,,,,,,,,,,,,,,
btc_daily,2025-03-31,BTC,82353.1,83895.8,81222.0,82517.5,212064.576,,,,,,,,,,,,,,,,,,,,,,,,,,,,,
btc_daily,2025-04-01,BTC,82517.5,85595.5,82383.3,85120.9,197263.176,,,,,,,,,,,,,,,,,,,,,,,,,,,,,
btc_daily,2025-04-02,BTC,85121.0,88500.0,82300.0,82485.1,348964.378,,,,,,,,,,,,,,,,,,,,,,,,,,,,,
btc_daily,2025-04-03,BTC,82485.1,83889.2,81172.2,83181.5,239163.519,,,,,,,,,,,,,,,,,,,,,,,,,,,,,
btc_daily,2025-04-04,BTC,83181.7,84686.2,81624.6,83861.3,353109.206,,,,,,,,,,,,,,,,,,,,,,,,,,,,,
btc_daily,2025-04-05,BTC,83861.4,84244.5,82333.8,83506.1,99574.204,,,,,,,,,,,,,,,,,,,,,,,,,,,,,
btc_daily,2025-04-06,BTC,83506.1,83790.5,77111.0,78390.0,281191.753,,,,,,,,,,,,,,,,,,,,,,,,,,,,,
btc_daily,2025-04-07,BTC,78390.1,81200.0,74457.0,79140.0,693843.503,,,,,,,,,,,,,,,,,,,,,,,,,,,,,
btc_daily,2025-04-08,BTC,79140.1,80832.1,76200.1,76297.9,328409.534,,,,,,,,,,,,,,,,,,,,,,,,,,,,,
btc_daily,2025-04-09,BTC,76298.0,83554.9,74578.5,82588.0,560649.862,,,,,,,,,,,,,,,,,,,,,,,,,,,,,
btc_daily,2025-04-10,BTC,82587.9,82706.9,78416.0,79560.2,293662.1,,,,,,,,,,,,,,,,,,,,,,,,,,,,,
btc_daily,2025-04-11,BTC,79560.3,84300.0,78935.5,83378.3,295777.871,,,,,,,,,,,,,,,,,,,,,,,,,,,,,
btc_daily,2025-04-12,BTC,83378.3,85884.2,82756.0,85237.8,158002.837,,,,,,,,,,,,,,,,,,,,,,,,,,,,,
btc_daily,2025-04-13,BTC,85237.9,86100.0,82991.5,83713.7,207038.38,,,,,,,,,,,,,,,,,,,,,,,,,,,,,
btc_daily,2025-04-14,BTC,83713.8,85755.0,83630.9,84553.9,209349.356,,,,,,,,,,,,,,,,,,,,,,,,,,,,,
btc_daily,2025-04-15,BTC,84553.9,86443.0,83560.0,83608.7,184522.182,,,,,,,,,,,,,,,,,,,,,,,,,,,,,
btc_daily,2025-04-16,BTC,83608.6,85493.5,83063.9,83990.0,209441.418,,,,,,,,,,,,,,,,,,,,,,,,,,,,,
btc_daily,2025-04-17,BTC,83990.1,85441.5,83700.0,84915.0,141033.195,,,,,,,,,,,,,,,,,,,,,,,,,,,,,
btc_daily,2025-04-18,BTC,84914.9,85100.0,84260.0,84421.0,55218.842,,,,,,,,,,,,,,,,,,,,,,,,,,,,,
btc_daily,2025-04-19,BTC,84421.0,85600.0,84317.2,85046.9,73380.566,,,,,,,,,,,,,,,,,,,,,,,,,,,,,
btc_daily,2025-04-20,BTC,85046.9,85283.6,83900.0,85138.8,90651.818,,,,,,,,,,,,,,,,,,,,,,,,,,,,,
btc_daily,2025-04-21,BTC,85138.9,88418.2,85100.0,87466.0,274069.871,,,,,,,,,,,,,,,,,,,,,,,,,,,,,
btc_daily,2025-04-22,BTC,87466.0,94142.5,87017.5,93404.9,334005.081,,,,,,,,,,,,,,,,,,,,,,,,,,,,,
btc_daily,2025-04-23,BTC,93404.9,94904.3,91898.0,93632.1,232748.428,,,,,,,,,,,,,,,,,,,,,,,,,,,,,
btc_daily,2025-04-24,BTC,93632.2,93980.6,91619.0,93931.6,157092.728,,,,,,,,,,,,,,,,,,,,,,,,,,,,,
btc_daily,2025-04-25,BTC,93931.5,95769.6,92788.0,94591.8,191830.477,,,,,,,,,,,,,,,,,,,,,,,,,,,,,
btc_daily,2025-04-26,BTC,94591.8,95157.1,93833.0,94575.7,72538.209,,,,,,,,,,,,,,,,,,,,,,,,,,,,,
btc_daily,2025-04-27,BTC,94575.7,95280.5,93547.3,93697.1,83816.183,,,,,,,,,,,,,,,,,,,,,,,,,,,,,
btc_daily,2025-04-28,BTC,93697.0,95578.8,92700.0,94969.0,194420.716,,,,,,,,,,,,,,,,,,,,,,,,,,,,,
btc_daily,2025-04-29,BTC,94969.0,95426.4,93678.7,94200.1,147831.794,,,,,,,,,,,,,,,,,,,,,,,,,,,,,
btc_daily,2025-04-30,BTC,94200.1,95186.5,92848.1,94125.1,170929.31,,,,,,,,,,,,,,,,,,,,,,,,,,,,,
btc_daily,2025-05-01,BTC,94125.2,97388.0,94086.7,96423.3,184526.755,,,,,,,,,,,,,,,,,,,,,,,,,,,,,
btc_daily,2025-05-02,BTC,96423.2,97865.4,96283.1,96831.2,139197.526,,,,,,,,,,,,,,,,,,,,,,,,,,,,,
btc_daily,2025-05-03,BTC,96831.2,96868.4,95700.0,95803.3,71420.629,,,,,,,,,,,,,,,,,,,,,,,,,,,,,
btc_daily,2025-05-04,BTC,95803.3,96266.6,94116.4,94230.2,94260.877,,,,,,,,,,,,,,,,,,,,,,,,,,,,,
btc_daily,2025-05-05,BTC,94230.2,95165.1,93445.1,94696.7,154902.375,,,,,,,,,,,,,,,,,,,,,,,,,,,,,
btc_daily,2025-05-06,BTC,94696.7,96879.5,93327.0,96798.9,173683.066,,,,,,,,,,,,,,,,,,,,,,,,,,,,,
btc_daily,2025-05-07,BTC,96798.9,97700.0,95718.5,96988.4,185267.142,,,,,,,,,,,,,,,,,,,,,,,,,,,,,
btc_daily,2025-05-08,BTC,96988.4,104305.3,96831.5,103228.1,317422.469,,,,,,,,,,,,,,,,,,,,,,,,,,,,,
btc_daily,2025-05-09,BTC,103228.0,104373.0,102240.0,102941.9,172883.922,,,,,,,,,,,,,,,,,,,,,,,,,,,,,
btc_daily,2025-05-10,BTC,102941.9,105000.1,102784.0,104788.8,104384.537,,,,,,,,,,,,,,,,,,,,,,,,,,,,,
btc_daily,2025-05-11,BTC,104788.8,104950.0,103283.3,104072.7,139136.421,,,,,,,,,,,,,,,,,,,,,,,,,,,,,
btc_daily,2025-05-12,BTC,104072.7,105863.1,100678.0,102739.3,256542.699,,,,,,,,,,,,,,,,,,,,,,,,,,,,,
btc_daily,2025-05-13,BTC,102739.3,104949.2,101400.0,104082.0,162368.328,,,,,,,,,,,,,,,,,,,,,,,,,,,,,
btc_daily,2025-05-14,BTC,104082.0,104319.0,102536.0,103458.1,126264.097,,,,,,,,,,,,,,,,,,,,,,,,,,,,,
btc_daily,2025-05-15,BTC,103458.1,104162.8,101270.8,103714.5,176344.106,,,,,,,,,,,,,,,,,,,,,,,,,,,,,
btc_daily,2025-05-16,BTC,103714.2,104524.2,103062.3,103412.2,115513.049,,,,,,,,,,,,,,,,,,,,,,,,,,,,,
btc_daily,2025-05-17,BTC,103412.2,103658.0,102541.6,103079.6,90372.669,,,,,,,,,,,,,,,,,,,,,,,,,,,,,
btc_daily,2025-05-18,BTC,103079.5,106629.8,103052.2,106407.6,173224.284,,,,,,,,,,,,,,,,,,,,,,,,,,,,,
btc_daily,2025-05-19,BTC,106407.5,107114.3,102038.8,105531.6,257825.604,,,,,,,,,,,,,,,,,,,,,,,,,,,,,
btc_daily,2025-05-20,BTC,105531.5,107292.5,104115.2,106800.1,226187.246,,,,,,,,,,,,,,,,,,,,,,,,,,,,,
btc_daily,2025-05-21,BTC,106800.0,110830.0,106037.9,109609.5,413589.854,,,,,,,,,,,,,,,,,,,,,,,,,,,,,
btc_daily,2025-05-22,BTC,109609.6,111959.5,109153.4,111662.7,246067.033,,,,,,,,,,,,,,,,,,,,,,,,,,,,,
btc_daily,2025-05-23,BTC,111662.6,111770.4,106721.9,107271.5,279480.347,,,,,,,,,,,,,,,,,,,,,,,,,,,,,
btc_daily,2025-05-24,BTC,107271.6,109440.2,106836.0,107698.9,165158.758,,,,,,,,,,,,,,,,,,,,,,,,,,,,,
btc_daily,2025-05-25,BTC,107699.0,109285.1,106497.0,108955.9,159465.803,,,,,,,,,,,,,,,,,,,,,,,,,,,,,
btc_daily,2025-05-26,BTC,108956.0,110400.0,108616.6,109386.8,146992.22,,,,,,,,,,,,,,,,,,,,,,,,,,,,,
btc_daily,2025-05-27,BTC,109386.8,110700.0,107438.0,108889.3,223599.905,,,,,,,,,,,,,,,,,,,,,,,,,,,,,
btc_daily,2025-05-28,BTC,108889.2,109252.6,106723.9,107723.1,158417.759,,,,,,,,,,,,,,,,,,,,,,,,,,,,,
btc_daily,2025-05-29,BTC,107723.1,108860.0,105054.2,105539.9,213101.255,,,,,,,,,,,,,,,,,,,,,,,,,,,,,
btc_daily,2025-05-30,BTC,105539.9,106266.0,103555.0,103950.0,219701.302,,,,,,,,,,,,,,,,,,,,,,,,,,,,,
btc_daily,2025-05-31,BTC,103949.9,104859.3,103032.1,104544.7,103607.84,,,,,,,,,,,,,,,,,,,,,,,,,,,,,
btc_daily,2025-06-01,BTC,104544.6,105823.6,103704.1,105583.3,97420.24,,,,,,,,,,,,,,,,,,,,,,,,,,,,,
btc_daily,2025-06-02,BTC,105583.3,105900.0,103600.6,105814.3,158252.918,,,,,,,,,,,,,,,,,,,,,,,,,,,,,
btc_daily,2025-06-03,BTC,105814.4,106775.0,104822.4,105330.1,139216.007,,,,,,,,,,,,,,,,,,,,,,,,,,,,,
btc_daily,2025-06-04,BTC,105330.1,105967.2,104111.7,104641.8,118534.125,,,,,,,,,,,,,,,,,,,,,,,,,,,,,
btc_daily,2025-06-05,BTC,104641.8,105878.3,100305.1,101458.6,246238.674,,,,,,,,,,,,,,,,,,,,,,,,,,,,,
btc_daily,2025-06-06,BTC,101458.7,105283.0,101003.4,104240.0,174300.906,,,,,,,,,,,,,,,,,,,,,,,,,,,,,
btc_daily,2025-06-07,BTC,104240.1,105878.3,103800.1,105507.5,79833.173,,,,,,,,,,,,,,,,,,,,,,,,,,,,,
btc_daily,2025-06-08,BTC,105507.5,106482.6,104927.4,105676.5,75105.104,,,,,,,,,,,,,,,,,,,,,,,,,,,,,
btc_daily,2025-06-09,BTC,105676.5,110653.6,105253.2,110227.9,192956.409,,,,,,,,,,,,,,,,,,,,,,,,,,,,,
btc_daily,2025-06-10,BTC,110228.0,110367.2,108282.0,110235.4,152216.974,,,,,,,,,,,,,,,,,,,,,,,,,,,,,
btc_daily,2025-06-11,BTC,110235.4,110350.0,108001.2,108600.0,134422.321,,,,,,,,,,,,,,,,,,,,,,,,,,,,,
btc_daily,2025-06-12,BTC,108600.1,108782.1,105602.0,105609.5,185790.19,,,,,,,,,,,,,,,,,,,,,,,,,,,,,
btc_daily,2025-06-13,BTC,105609.4,106141.1,102614.0,106027.3,245935.413,,,,,,,,,,,,,,,,,,,,,,,,,,,,,
btc_daily,2025-06-14,BTC,106027.3,106173.6,104225.4,105359.9,79911.57,,,,,,,,,,,,,,,,,,,,,,,,,,,,,
btc_daily,2025-06-15,BTC,105359.8,106099.4,104399.9,105534.6,78819.399,,,,,,,,,,,,,,,,,,,,,,,,,,,,,
btc_daily,2025-06-16,BTC,105534.7,108900.0,104920.0,106750.1,166813.219,,,,,,,,,,,,,,,,,,,,,,,,,,,,,
btc_daily,2025-06-17,BTC,106750.1,107727.4,103300.0,104508.0,226051.863,,,,,,,,,,,,,,,,,,,,,,,,,,,,,
btc_daily,2025-06-18,BTC,104508.0,105500.0,103426.1,104832.8,172706.399,,,,,,,,,,,,,,,,,,,,,,,,,,,,,
btc_daily,2025-06-19,BTC,104832.8,105185.7,103870.3,104607.1,87710.605,,,,,,,,,,,,,,,,,,,,,,,,,,,,,
btc_daily,2025-06-20,BTC,104607.1,106486.2,102255.3,103246.1,199102.135,,,,,,,,,,,,,,,,,,,,,,,,,,,,,
btc_daily,2025-06-21,BTC,103246.1,103940.6,100789.9,102079.8,120771.35,,,,,,,,,,,,,,,,,,,,,,,,,,,,,
btc_daily,2025-06-22,BTC,102079.8,103362.6,98115.4,100904.7,293562.636,,,,,,,,,,,,,,,,,,,,,,,,,,,,,
btc_daily,2025-06-23,BTC,100904.7,106050.0,99547.6,105290.9,297222.041,,,,,,,,,,,,,,,,,,,,,,,,,,,,,
btc_daily,2025-06-24,BTC,105291.0,106239.0,104570.8,106034.9,144449.887,,,,,,,,,,,,,,,,,,,,,,,,,,,,,
btc_daily,2025-06-25,BTC,106034.9,108095.7,105755.6,107280.0,159277.823,,,,,,,,,,,,,,,,,,,,,,,,,,,,,
btc_daily,2025-06-26,BTC,107280.1,108249.9,106500.0,106913.7,114433.386,,,,,,,,,,,,,,,,,,,,,,,,,,,,,
btc_daily,2025-06-27,BTC,106913.8,107686.0,106313.1,107010.7,118637.45,,,,,,,,,,,,,,,,,,,,,,,,,,,,,
btc_daily,2025-06-28,BTC,107010.6,107538.0,106767.0,107241.0,35670.419,,,,,,,,,,,,,,,,,,,,,,,,,,,,,
btc_daily,2025-06-29,BTC,107240.9,108499.0,107112.6,108309.8,79448.325,,,,,,,,,,,,,,,,,,,,,,,,,,,,,
btc_daily,2025-06-30,BTC,108309.8,108783.9,106686.4,107087.4,114681.386,,,,,,,,,,,,,,,,,,,,,,,,,,,,,
btc_daily,2025-07-01,BTC,107087.3,107499.9,105182.6,105637.9,120434.401,,,,,,,,,,,,,,,,,,,,,,,,,,,,,
btc_daily,2025-07-02,BTC,105637.9,109690.4,105010.0,108800.0,177567.261,,,,,,,,,,,,,,,,,,,,,,,,,,,,,
btc_daily,2025-07-03,BTC,108800.0,110484.0,108480.6,109545.2,141487.997,,,,,,,,,,,,,,,,,,,,,,,,,,,,,
btc_daily,2025-07-04,BTC,109545.1,109732.3,107200.0,107935.4,132305.847,,,,,,,,,,,,,,,,,,,,,,,,,,,,,
btc_daily,2025-07-05,BTC,107935.3,108368.1,107688.3,108153.4,36660.948,,,,,,,,,,,,,,,,,,,,,,,,,,,,,
btc_daily,2025-07-06,BTC,108153.4,109684.7,107743.4,109145.8,72388.603,,,,,,,,,,,,,,,,,,,,,,,,,,,,,
btc_daily,2025-07-07,BTC,109145.8,109667.3,107456.0,108203.9,106397.578,,,,,,,,,,,,,,,,,,,,,,,,,,,,,
btc_daily,2025-07-08,BTC,108203.9,109180.0,107400.0,108873.1,95156.027,,,,,,,,,,,,,,,,,,,,,,,,,,,,,
btc_daily,2025-07-09,BTC,108873.2,112036.8,108273.5,111199.9,167834.731,,,,,,,,,,,,,,,,,,,,,,,,,,,,,
btc_daily,2025-07-10,BTC,111199.8,117500.0,110432.2,115979.2,225570.213,,,,,,,,,,,,,,,,,,,,,,,,,,,,,
btc_daily,2025-07-11,BTC,115979.2,118882.8,115186.7,117500.0,199819.357,,,,,,,,,,,,,,,,,,,,,,,,,,,,,
btc_daily,2025-07-12,BTC,117500.0,118176.9,116862.4,117389.3,63722.472,,,,,,,,,,,,,,,,,,,,,,,,,,,,,
btc_daily,2025-07-13,BTC,117389.4,119655.0,117164.3,119038.3,90052.381,,,,,,,,,,,,,,,,,,,,,,,,,,,,,
btc_daily,2025-07-14,BTC,119038.3,123300.0,118862.6,119816.5,221556.12,,,,,,,,,,,,,,,,,,,,,,,,,,,,,
btc_daily,2025-07-15,BTC,119816.5,119919.4,115678.1,117738.5,269977.446,,,,,,,,,,,,,,,,,,,,,,,,,,,,,
btc_daily,2025-07-16,BTC,117738.6,120100.0,117017.1,118590.7,159165.948,,,,,,,,,,,,,,,,,,,,,,,,,,,,,
btc_daily,2025-07-17,BTC,118590.7,120951.5,117412.8,119176.6,164274.401,,,,,,,,,,,,,,,,,,,,,,,,,,,,,
btc_daily,2025-07-18,BTC,119176.5,120846.1,116788.9,117896.4,162246.906,,,,,,,,,,,,,,,,,,,,,,,,,,,,,
btc_daily,2025-07-19,BTC,117896.5,118456.0,117245.9,117814.4,52531.193,,,,,,,,,,,,,,,,,,,,,,,,,,,,,
btc_daily,2025-07-20,BTC,117814.3,118856.6,116370.1,117216.0,82380.582,,,,,,,,,,,,,,,,,,,,,,,,,,,,,
btc_daily,2025-07-21,BTC,117216.1,119720.6,116454.1,117330.2,141885.848,,,,,,,,,,,,,,,,,,,,,,,,,,,,,
btc_daily,2025-07-22,BTC,117330.2,120300.1,115865.0,119993.7,186832.45,,,,,,,,,,,,,,,,,,,,,,,,,,,,,
btc_daily,2025-07-23,BTC,119993.7,120146.5,117250.0,118713.5,136986.897,,,,,,,,,,,,,,,,,,,,,,,,,,,,,
btc_daily,2025-07-24,BTC,118713.4,119469.9,117050.2,118294.3,137377.613,,,,,,,,,,,,,,,,,,,,,,,,,,,,,
btc_daily,2025-07-25,BTC,118294.4,118410.8,114667.3,117583.5,260386.754,,,,,,,,,,,,,,,,,,,,,,,,,,,,,
btc_daily,2025-07-26,BTC,117583.4,118300.0,117114.2,117889.2,57218.604,,,,,,,,,,,,,,,,,,,,,,,,,,,,,
btc_daily,2025-07-27,BTC,117889.3,119766.0,117800.8,119423.4,75978.959,,,,,,,,,,,,,,,,,,,,,,,,,,,,,
btc_daily,2025-07-28,BTC,119423.5,119812.0,117388.0,118041.4,106712.329,,,,,,,,,,,,,,,,,,,,,,,,,,,,,
btc_daily,2025-07-29,BTC,118041.5,119258.7,116923.0,117897.0,115263.463,,,,,,,,,,,,,,,,,,,,,,,,,,,,,
btc_daily,2025-07-30,BTC,117897.1,118763.5,115700.0,117771.0,124917.857,,,,,,,,,,,,,,,,,,,,,,,,,,,,,
btc_daily,2025-07-31,BTC,117771.1,118910.0,115373.9,115697.3,135037.467,,,,,,,,,,,,,,,,,,,,,,,,,,,,,
btc_daily,2025-08-01,BTC,115697.3,116000.0,112660.0,113244.8,221282.099,,,,,,,,,,,,,,,,,,,,,,,,,,,,,
btc_daily,2025-08-02,BTC,113244.8,114000.0,111910.0,112508.8,102459.448,,,,,,,,,,,,,,,,,,,,,,,,,,,,,
btc_daily,2025-08-03,BTC,112508.8,114730.0,111850.0,114150.8,63183.869,,,,,,,,,,,,,,,,,,,,,,,,,,,,,
btc_daily,2025-08-04,BTC,114150.9,115686.0,114053.8,115002.1,83328.591,,,,,,,,,,,,,,,,,,,,,,,,,,,,,
btc_daily,2025-08-05,BTC,115002.1,115073.3,112582.4,114069.6,119316.428,,,,,,,,,,,,,,,,,,,,,,,,,,,,,
btc_daily,2025-08-06,BTC,114069.6,115674.2,113304.5,114941.0,98598.67,,,,,,,,,,,,,,,,,,,,,,,,,,,,,
btc_daily,2025-08-07,BTC,114941.0,117580.0,114211.4,117419.9,134409.055,,,,,,,,,,,,,,,,,,,,,,,,,,,,,
btc_daily,2025-08-08,BTC,117419.9,117591.8,115850.0,116628.2,89828.611,,,,,,,,,,,,,,,,,,,,,,,,,,,,,
btc_daily,2025-08-09,BTC,116628.2,117906.7,116304.0,116422.1,77924.534,,,,,,,,,,,,,,,,,,,,,,,,,,,,,
btc_daily,2025-08-10,BTC,116422.1,119291.9,116413.2,119255.3,130331.779,,,,,,,,,,,,,,,,,,,,,,,,,,,,,
btc_daily,2025-08-11,BTC,119255.3,122450.0,118050.0,118641.9,217088.254,,,,,,,,,,,,,,,,,,,,,,,,,,,,,
btc_daily,2025-08-12,BTC,118641.8,120270.0,118154.3,120081.0,125708.555,,,,,,,,,,,,,,,,,,,,,,,,,,,,,
btc_daily,2025-08-13,BTC,120080.9,123715.9,118829.0,123323.9,188073.873,,,,,,,,,,,,,,,,,,,,,,,,,,,,,
btc_daily,2025-08-14,BTC,123323.9,124545.6,117004.0,118242.2,259801.57,,,,,,,,,,,,,,,,,,,,,,,,,,,,,
btc_daily,2025-08-15,BTC,118242.2,119184.0,116736.3,117279.2,120542.357,,,,,,,,,,,,,,,,,,,,,,,,,,,,,
btc_daily,2025-08-16,BTC,117279.1,117857.1,117089.7,117329.7,46674.42,,,,,,,,,,,,,,,,,,,,,,,,,,,,,
btc_daily,2025-08-17,BTC,117329.8,118558.0,117121.6,117353.8,54386.804,,,,,,,,,,,,,,,,,,,,,,,,,,,,,
btc_daily,2025-08-18,BTC,117353.9,117499.4,114605.0,116183.6,147219.779,,,,,,,,,,,,,,,,,,,,,,,,,,,,,
btc_daily,2025-08-19,BTC,116183.6,116687.7,112666.6,112824.2,141024.287,,,,,,,,,,,,,,,,,,,,,,,,,,,,,
btc_daily,2025-08-20,BTC,112824.1,114569.0,112301.8,114220.5,130522.37,,,,,,,,,,,,,,,,,,,,,,,,,,,,,
btc_daily,2025-08-21,BTC,114220.5,114777.0,111944.0,112462.2,96406.356,,,,,,,,,,,,,,,,,,,,,,,,,,,,,
btc_daily,2025-08-22,BTC,112462.2,117397.4,111625.9,116897.5,199447.977,,,,,,,,,,,,,,,,,,,,,,,,,,,,,
btc_daily,2025-08-23,BTC,116897.5,116988.0,114510.0,115377.1,78419.415,,,,,,,,,,,,,,,,,,,,,,,,,,,,,
btc_daily,2025-08-24,BTC,115377.1,115640.0,110484.0,113446.3,133388.002,,,,,,,,,,,,,,,,,,,,,,,,,,,,,
btc_daily,2025-08-25,BTC,113446.2,113621.3,109219.8,110064.0,204839.785,,,,,,,,,,,,,,,,,,,,,,,,,,,,,
btc_daily,2025-08-26,BTC,110064.1,112330.0,108559.7,111709.9,145041.438,,,,,,,,,,,,,,,,,,,,,,,,,,,,,
btc_daily,2025-08-27,BTC,111710.0,112568.5,110306.9,111194.9,114205.122,,,,,,,,,,,,,,,,,,,,,,,,,,,,,
btc_daily,2025-08-28,BTC,111194.9,113429.0,110811.0,112507.3,97630.277,,,,,,,,,,,,,,,,,,,,,,,,,,,,,
btc_daily,2025-08-29,BTC,112507.3,112585.7,107411.4,108332.4,179725.172,,,,,,,,,,,,,,,,,,,,,,,,,,,,,
btc_daily,2025-08-30,BTC,108332.4,108879.6,107281.0,108757.9,60656.883,,,,,,,,,,,,,,,,,,,,,,,,,,,,,
btc_daily,2025-08-31,BTC,108758.0,109439.9,108021.0,108208.4,70149.546,,,,,,,,,,,,,,,,,,,,,,,,,,,,,
btc_daily,2025-09-01,BTC,108208.4,109874.8,107211.5,109187.9,150280.626,,,,,,,,,,,,,,,,,,,,,,,,,,,,,
btc_daily,2025-09-02,BTC,109187.9,111742.1,108333.0,111188.0,175961.356,,,,,,,,,,,,,,,,,,,,,,,,,,,,,
btc_daily,2025-09-03,BTC,111187.9,112541.2,110486.9,111659.8,105504.421,,,,,,,,,,,,,,,,,,,,,,,,,,,,,
btc_daily,2025-09-04,BTC,111659.7,112136.8,109269.1,110679.4,122300.369,,,,,,,,,,,,,,,,,,,,,,,,,,,,,
btc_daily,2025-09-05,BTC,110679.5,113344.3,110153.3,110614.9,193375.404,,,,,,,,,,,,,,,,,,,,,,,,,,,,,
btc_daily,2025-09-06,BTC,110614.8,111256.2,109850.0,110135.3,46282.516,,,,,,,,,,,,,,,,,,,,,,,,,,,,,
btc_daily,2025-09-07,BTC,110135.2,111559.5,110120.5,111076.0,53840.584,,,,,,,,,,,,,,,,,,,,,,,,,,,,,
btc_daily,2025-09-08,BTC,111075.5,112867.6,110566.5,112012.6,99117.859,,,,,,,,,,,,,,,,,,,,,,,,,,,,,
btc_daily,2025-09-09,BTC,112012.7,113238.0,110714.9,111499.9,137275.133,,,,,,,,,,,,,,,,,,,,,,,,,,,,,
btc_daily,2025-09-10,BTC,111499.9,114287.9,110855.8,113896.8,151901.539,,,,,,,,,,,,,,,,,,,,,,,,,,,,,
btc_daily,2025-09-11,BTC,113896.8,115439.0,113340.7,115427.0,113066.078,,,,,,,,,,,,,,,,,,,,,,,,,,,,,
btc_daily,2025-09-12,BTC,115427.0,116605.7,114681.5,115978.4,119013.718,,,,,,,,,,,,,,,,,,,,,,,,,,,,,
btc_daily,2025-09-13,BTC,115978.4,116245.4,115032.0,115862.7,52529.59,,,,,,,,,,,,,,,,,,,,,,,,,,,,,
btc_daily,2025-09-14,BTC,115862.7,116118.6,115057.0,115210.0,55087.99,,,,,,,,,,,,,,,,,,,,,,,,,,,,,
btc_daily,2025-09-15,BTC,115210.0,116759.9,114338.5,115300.6,117911.279,,,,,,,,,,,,,,,,,,,,,,,,,,,,,
btc_daily,2025-09-16,BTC,115300.5,116910.8,114600.0,116747.3,99446.184,,,,,,,,,,,,,,,,,,,,,,,,,,,,,
btc_daily,2025-09-17,BTC,116747.3,117266.4,114623.3,116402.5,158125.07,,,,,,,,,,,,,,,,,,,,,,,,,,,,,
btc_daily,2025-09-18,BTC,116402.6,117875.2,116033.5,117017.1,107215.717,,,,,,,,,,,,,,,,,,,,,,,,,,,,,
btc_daily,2025-09-19,BTC,117017.1,117406.8,115049.9,115569.5,88151.649,,,,,,,,,,,,,,,,,,,,,,,,,,,,,
btc_daily,2025-09-20,BTC,115569.6,116059.2,115343.0,115624.9,32355.678,,,,,,,,,,,,,,,,,,,,,,,,,,,,,
btc_daily,2025-09-21,BTC,115625.0,115778.0,115137.6,115183.9,32793.431,,,,,,,,,,,,,,,,,,,,,,,,,,,,,
btc_daily,2025-09-22,BTC,115183.9,115344.6,111469.2,112604.7,159461.568,,,,,,,,,,,,,,,,,,,,,,,,,,,,,
btc_daily,2025-09-23,BTC,112604.7,113254.8,111405.1,111947.0,102258.264,,,,,,,,,,,,,,,,,,,,,,,,,,,,,
btc_daily,2025-09-24,BTC,111947.0,113895.8,110935.0,113254.0,105314.096,,,,,,,,,,,,,,,,,,,,,,,,,,,,,
btc_daily,2025-09-25,BTC,113253.9,113462.1,108574.1,108934.5,178663.741,,,,,,,,,,,,,,,,,,,,,,,,,,,,,
btc_daily,2025-09-26,BTC,108934.6,110250.0,108566.0,109588.5,112277.659,,,,,,,,,,,,,,,,,,,,,,,,,,,,,
btc_daily,2025-09-27,BTC,109588.5,109700.0,109021.9,109577.3,35871.924,,,,,,,,,,,,,,,,,,,,,,,,,,,,,
btc_daily,2025-09-28,BTC,109577.2,112300.0,109136.5,112119.6,77247.963,,,,,,,,,,,,,,,,,,,,,,,,,,,,,
btc_daily,2025-09-29,BTC,112119.7,114377.2,111501.0,114257.1,125405.709,,,,,,,,,,,,,,,,,,,,,,,,,,,,,
btc_daily,2025-09-30,BTC,114257.1,114800.0,112615.3,113988.8,119320.015,,,,,,,,,,,,,,,,,,,,,,,,,,,,,
btc_daily,2025-10-01,BTC,113988.7,118631.8,113899.4,118552.4,172989.429,,,,,,,,,,,,,,,,,,,,,,,,,,,,,
btc_daily,2025-10-02,BTC,118552.0,120999.0,118226.4,120481.3,145456.938,,,,,,,,,,,,,,,,,,,,,,,,,,,,,
btc_daily,2025-10-03,BTC,120481.3,123900.0,119200.0,122182.7,167880.262,,,,,,,,,,,,,,,,,,,,,,,,,,,,,
btc_daily,2025-10-04,BTC,122182.6,122781.1,121432.0,122343.2,70479.21,,,,,,,,,,,,,,,,,,,,,,,,,,,,,
btc_daily,2025-10-05,BTC,122343.2,125877.3,122088.1,123426.7,162571.0,,,,,,,,,,,,,,,,,,,,,,,,,,,,,
btc_daily,2025-10-06,BTC,123426.7,126208.5,123018.5,124628.5,140201.329,,,,,,,,,,,,,,,,,,,,,,,,,,,,,
btc_daily,2025-10-07,BTC,124628.6,125098.0,120516.0,121286.5,181899.347,,,,,,,,,,,,,,,,,,,,,,,,,,,,,
btc_daily,2025-10-08,BTC,121286.6,124170.6,121005.3,123237.5,127099.786,,,,,,,,,,,,,,,,,,,,,,,,,,,,,
btc_daily,2025-10-09,BTC,123237.4,123740.1,119572.8,121579.3,163596.38,,,,,,,,,,,,,,,,,,,,,,,,,,,,,
btc_daily,2025-10-10,BTC,121579.4,122497.0,101516.5,112714.9,391963.632,,,,,,,,,,,,,,,,,,,,,,,,,,,,,
btc_daily,2025-10-11,BTC,112715.0,113300.1,109501.0,110579.1,163671.59,,,,,,,,,,,,,,,,,,,,,,,,,,,,,
btc_daily,2025-10-12,BTC,110579.1,115730.3,109509.3,114894.4,217928.037,,,,,,,,,,,,,,,,,,,,,,,,,,,,,
btc_daily,2025-10-13,BTC,114894.5,115912.0,113600.5,115111.9,195996.783,,,,,,,,,,,,,,,,,,,,,,,,,,,,,
btc_daily,2025-10-14,BTC,115112.0,115360.2,109802.0,112983.8,259244.496,,,,,,,,,,,,,,,,,,,,,,,,,,,,,
btc_daily,2025-10-15,BTC,112983.9,113576.1,110096.9,110699.0,131777.09,,,,,,,,,,,,,,,,,,,,,,,,,,,,,
btc_daily,2025-10-16,BTC,110699.1,111960.0,107350.0,108129.4,193544.785,,,,,,,,,,,,,,,,,,,,,,,,,,,,,
btc_daily,2025-10-17,BTC,108129.4,109199.8,103470.0,106378.6,242789.692,,,,,,,,,,,,,,,,,,,,,,,,,,,,,
btc_daily,2025-10-18,BTC,106378.5,107452.6,106270.0,107117.5,68509.903,,,,,,,,,,,,,,,,,,,,,,,,,,,,,
btc_daily,2025-10-19,BTC,107117.5,109399.9,106055.8,108586.2,113473.72,,,,,,,,,,,,,,,,,,,,,,,,,,,,,
btc_daily,2025-10-20,BTC,108586.2,111650.0,107377.2,110469.9,139646.949,,,,,,,,,,,,,,,,,,,,,,,,,,,,,
btc_daily,2025-10-21,BTC,110469.9,113940.0,107400.0,108253.7,241127.426,,,,,,,,,,,,,,,,,,,,,,,,,,,,,
btc_daily,2025-10-22,BTC,108253.8,109160.0,106360.3,107532.0,180893.983,,,,,,,,,,,,,,,,,,,,,,,,,,,,,
btc_daily,2025-10-23,BTC,107532.1,111240.0,107462.9,110025.9,129640.717,,,,,,,,,,,,,,,,,,,,,,,,,,,,,
btc_daily,2025-10-24,BTC,110026.0,112086.0,109650.0,110965.4,110759.532,,,,,,,,,,,,,,,,,,,,,,,,,,,,,
btc_daily,2025-10-25,BTC,110965.4,111903.9,110600.5,111589.4,45269.483,,,,,,,,,,,,,,,,,,,,,,,,,,,,,
btc_daily,2025-10-26,BTC,111589.4,115521.7,111200.0,114497.8,97335.387,,,,,,,,,,,,,,,,,,,,,,,,,,,,,
btc_daily,2025-10-27,BTC,114497.9,116380.2,113792.4,114064.1,118611.612,,,,,,,,,,,,,,,,,,,,,,,,,,,,,
btc_daily,2025-10-28,BTC,114064.2,116074.3,112121.4,112833.5,131088.84,,,,,,,,,,,,,,,,,,,,,,,,,,,,,
btc_daily,2025-10-29,BTC,112833.5,113593.0,109026.4,109985.6,163920.866,,,,,,,,,,,,,,,,,,,,,,,,,,,,,
btc_daily,2025-10-30,BTC,109985.6,111565.1,106200.0,108263.5,205753.644,,,,,,,,,,,,,,,,,,,,,,,,,,,,,
btc_daily,2025-10-31,BTC,108263.6,111233.0,108226.6,109557.3,152063.776,,,,,,,,,,,,,,,,,,,,,,,,,,,,,
btc_daily,2025-11-01,BTC,109557.2,110557.0,109351.5,110047.2,41614.221,,,,,,,,,,,,,,,,,,,,,,,,,,,,,
btc_daily,2025-11-02,BTC,110047.3,111216.0,109368.9,110494.9,61109.173,,,,,,,,,,,,,,,,,,,,,,,,,,,,,
btc_daily,2025-11-03,BTC,110494.9,110711.0,105300.0,106544.0,174258.047,,,,,,,,,,,,,,,,,,,,,,,,,,,,,
btc_daily,2025-11-04,BTC,106544.0,107271.9,98888.8,101450.3,281742.16,,,,,,,,,,,,,,,,,,,,,,,,,,,,,
btc_daily,2025-11-05,BTC,101450.2,104497.6,98909.7,103837.0,167770.094,,,,,,,,,,,,,,,,,,,,,,,,,,,,,
btc_daily,2025-11-06,BTC,103837.0,104210.2,100238.4,101305.6,145029.821,,,,,,,,,,,,,,,,,,,,,,,,,,,,,
btc_daily,2025-11-07,BTC,101305.6,104070.7,99200.0,103305.2,163967.458,,,,,,,,,,,,,,,,,,,,,,,,,,,,,
btc_daily,2025-11-08,BTC,103305.3,103373.8,101400.1,102269.3,70691.949,,,,,,,,,,,,,,,,,,,,,,,,,,,,,
btc_daily,2025-11-09,BTC,102269.3,105440.0,101300.0,104670.6,92367.67,,,,,,,,,,,,,,,,,,,,,,,,,,,,,
btc_daily,2025-11-10,BTC,104670.7,106666.0,104205.9,105966.3,120403.538,,,,,,,,,,,,,,,,,,,,,,,,,,,,,
btc_daily,2025-11-11,BTC,105966.3,107473.7,102400.0,103005.8,132603.774,,,,,,,,,,,,,,,,,,,,,,,,,,,,,
btc_daily,2025-11-12,BTC,103005.8,105297.0,100711.0,101605.8,140876.276,,,,,,,,,,,,,,,,,,,,,,,,,,,,,
btc_daily,2025-11-13,BTC,101605.8,104024.6,97959.0,99654.3,236046.799,,,,,,,,,,,,,,,,,,,,,,,,,,,,,
btc_daily,2025-11-14,BTC,99654.3,99862.8,93955.0,94544.9,287072.783,,,,,,,,,,,,,,,,,,,,,,,,,,,,,
btc_daily,2025-11-15,BTC,94544.9,96800.0,94523.9,95560.3,90220.319,,,,,,,,,,,,,,,,,,,,,,,,,,,,,
btc_daily,2025-11-16,BTC,95560.4,96600.0,92922.8,94221.7,135749.509,,,,,,,,,,,,,,,,,,,,,,,,,,,,,
btc_daily,2025-11-17,BTC,94221.7,96012.2,91250.0,92169.7,205161.285,,,,,,,,,,,,,,,,,,,,,,,,,,,,,
btc_daily,2025-11-18,BTC,92169.8,93799.1,89012.0,92916.9,232691.156,,,,,,,,,,,,,,,,,,,,,,,,,,,,,
btc_daily,2025-11-19,BTC,92916.8,92944.8,88564.4,91508.9,226438.45,,,,,,,,,,,,,,,,,,,,,,,,,,,,,
btc_daily,2025-11-20,BTC,91509.0,93150.0,86066.6,86601.3,276513.027,,,,,,,,,,,,,,,,,,,,,,,,,,,,,
btc_daily,2025-11-21,BTC,86601.4,87465.4,80600.0,85093.5,449804.324,,,,,,,,,,,,,,,,,,,,,,,,,,,,,
btc_daily,2025-11-22,BTC,85093.6,85599.9,83456.0,84689.4,94197.055,,,,,,,,,,,,,,,,,,,,,,,,,,,,,
btc_daily,2025-11-23,BTC,84689.4,88100.0,84622.0,86807.7,138930.073,,,,,,,,,,,,,,,,,,,,,,,,,,,,,
btc_daily,2025-11-24,BTC,86807.6,89177.3,85226.4,88247.1,211113.332,,,,,,,,,,,,,,,,,,,,,,,,,,,,,
btc_daily,2025-11-25,BTC,88247.1,88477.6,86061.1,87324.1,149637.655,,,,,,,,,,,,,,,,,,,,,,,,,,,,,
btc_daily,2025-11-26,BTC,87324.1,90655.4,86260.9,90438.1,159146.533,,,,,,,,,,,,,,,,,,,,,,,,,,,,,
btc_daily,2025-11-27,BTC,90438.0,91931.9,90024.4,91292.2,113685.232,,,,,,,,,,,,,,,,,,,,,,,,,,,,,
btc_daily,2025-11-28,BTC,91292.2,93080.0,90155.0,90847.8,146920.347,,,,,,,,,,,,,,,,,,,,,,,,,,,,,
btc_daily,2025-11-29,BTC,90847.8,91130.0,90092.7,90765.0,54196.679,,,,,,,,,,,,,,,,,,,,,,,,,,,,,
btc_daily,2025-11-30,BTC,90764.9,91934.4,90300.0,90320.6,66139.718,,,,,,,,,,,,,,,,,,,,,,,,,,,,,
btc_daily,2025-12-01,BTC,90320.5,90396.9,83786.0,86241.6,296847.166,,,,,,,,,,,,,,,,,,,,,,,,,,,,,
btc_daily,2025-12-02,BTC,86241.5,92273.2,86140.1,91249.1,228101.165,,,,,,,,,,,,,,,,,,,,,,,,,,,,,
btc_daily,2025-12-03,BTC,91249.1,94185.0,90954.8,93376.7,201298.317,,,,,,,,,,,,,,,,,,,,,,,,,,,,,
btc_daily,2025-12-04,BTC,93376.8,94040.0,90822.5,92034.7,146772.427,,,,,,,,,,,,,,,,,,,,,,,,,,,,,
btc_daily,2025-12-05,BTC,92034.7,92665.5,87976.3,89288.5,179125.057,,,,,,,,,,,,,,,,,,,,,,,,,,,,,
btc_daily,2025-12-06,BTC,89288.6,90257.3,88870.1,89197.1,56826.867,,,,,,,,,,,,,,,,,,,,,,,,,,,,,
btc_daily,2025-12-07,BTC,89197.1,91722.0,87688.0,90345.4,129592.005,,,,,,,,,,,,,,,,,,,,,,,,,,,,,
btc_daily,2025-12-08,BTC,90345.4,92262.6,89553.8,90610.8,152474.739,,,,,,,,,,,,,,,,,,,,,,,,,,,,,
btc_daily,2025-12-09,BTC,90610.8,94555.0,89368.9,92638.4,181930.263,,,,,,,,,,,,,,,,,,,,,,,,,,,,,
btc_daily,2025-12-10,BTC,92638.3,94443.7,91520.0,91977.5,160488.78,,,,,,,,,,,,,,,,,,,,,,,,,,,,,
btc_daily,2025-12-11,BTC,91977.5,93547.3,89200.0,92477.5,191148.068,,,,,,,,,,,,,,,,,,,,,,,,,,,,,
btc_daily,2025-12-12,BTC,92477.6,92719.0,89429.0,90229.6,144844.11,,,,,,,,,,,,,,,,,,,,,,,,,,,,,
btc_daily,2025-12-13,BTC,90229.7,90599.0,89711.9,90191.3,36237.733,,,,,,,,,,,,,,,,,,,,,,,,,,,,,
btc_daily,2025-12-14,BTC,90191.3,90440.0,87504.3,88118.8,92086.654,,,,,,,,,,,,,,,,,,,,,,,,,,,,,
btc_daily,2025-12-15,BTC,88118.8,89972.4,85073.0,86389.9,194216.045,,,,,,,,,,,,,,,,,,,,,,,,,,,,,
btc_daily,2025-12-16,BTC,86390.0,88143.9,85226.0,87826.3,142225.048,,,,,,,,,,,,,,,,,,,,,,,,,,,,,
btc_daily,2025-12-17,BTC,87826.3,90363.2,85261.3,86201.6,208646.748,,,,,,,,,,,,,,,,,,,,,,,,,,,,,
btc_daily,2025-12-18,BTC,86201.6,89447.9,84408.6,85469.7,229573.679,,,,,,,,,,,,,,,,,,,,,,,,,,,,,
btc_daily,2025-12-19,BTC,85469.8,89374.6,85062.7,88100.0,178284.494,,,,,,,,,,,,,,,,,,,,,,,,,,,,,
btc_daily,2025-12-20,BTC,88100.0,88551.8,87698.5,88320.8,35973.848,,,,,,,,,,,,,,,,,,,,,,,,,,,,,
btc_daily,2025-12-21,BTC,88320.7,89050.0,87548.5,88621.3,67624.388,,,,,,,,,,,,,,,,,,,,,,,,,,,,,
btc_daily,2025-12-22,BTC,88621.3,90599.0,87845.0,88581.5,154693.469,,,,,,,,,,,,,,,,,,,,,,,,,,,,,
btc_daily,2025-12-23,BTC,88581.5,88904.9,86536.0,87463.0,133657.948,,,,,,,,,,,,,,,,,,,,,,,,,,,,,
btc_daily,2025-12-24,BTC,87463.1,88033.3,86355.0,87627.3,81543.508,,,,,,,,,,,,,,,,,,,,,,,,,,,,,
btc_daily,2025-12-25,BTC,87627.4,88594.0,86902.1,87182.8,57796.252,,,,,,,,,,,,,,,,,,,,,,,,,,,,,
btc_daily,2025-12-26,BTC,87182.8,89557.6,86619.9,87318.2,149971.737,,,,,,,,,,,,,,,,,,,,,,,,,,,,,
btc_daily,2025-12-27,BTC,87318.3,87956.9,87203.0,87829.4,27294.109,,,,,,,,,,,,,,,,,,,,,,,,,,,,,
btc_daily,2025-12-28,BTC,87829.5,88078.3,87402.6,87920.5,37359.964,,,,,,,,,,,,,,,,,,,,,,,,,,,,,
btc_daily,2025-12-29,BTC,87920.4,90373.4,86760.0,87203.3,190004.209,,,,,,,,,,,,,,,,,,,,,,,,,,,,,
btc_daily,2025-12-30,BTC,87203.2,89355.0,86789.0,88455.3,126745.26,,,,,,,,,,,,,,,,,,,,,,,,,,,,,
btc_daily,2025-12-31,BTC,88455.2,89192.8,87189.2,87608.2,96768.357,,,,,,,,,,,,,,,,,,,,,,,,,,,,,
btc_daily,2026-01-01,BTC,87608.3,88881.4,87508.4,88800.0,47941.303,,,,,,,,,,,,,,,,,,,,,,,,,,,,,
btc_daily,2026-01-02,BTC,88800.0,90945.1,88324.4,89951.4,176662.448,,,,,,,,,,,,,,,,,,,,,,,,,,,,,
btc_daily,2026-01-03,BTC,89951.5,90716.9,89261.2,90595.8,56891.269,,,,,,,,,,,,,,,,,,,,,,,,,,,,,
btc_daily,2026-01-04,BTC,90595.8,91779.7,90595.7,91497.1,73773.029,,,,,,,,,,,,,,,,,,,,,,,,,,,,,
btc_daily,2026-01-05,BTC,91497.2,94760.3,91476.5,93822.4,189416.312,,,,,,,,,,,,,,,,,,,,,,,,,,,,,
btc_daily,2026-01-06,BTC,93822.3,94415.4,91209.0,93708.0,187443.05,,,,,,,,,,,,,,,,,,,,,,,,,,,,,
btc_daily,2026-01-07,BTC,93708.1,93708.1,90634.1,91328.0,148986.85,,,,,,,,,,,,,,,,,,,,,,,,,,,,,
btc_daily,2026-01-08,BTC,91328.1,91666.0,89242.0,91059.8,168475.944,,,,,,,,,,,,,,,,,,,,,,,,,,,,,
btc_daily,2026-01-09,BTC,91059.8,91999.0,89632.8,90603.6,140394.677,,,,,,,,,,,,,,,,,,,,,,,,,,,,,
btc_daily,2026-01-10,BTC,90603.7,90800.0,90351.6,90469.6,25270.741,,,,,,,,,,,,,,,,,,,,,,,,,,,,,
btc_daily,2026-01-11,BTC,90469.7,91252.5,90175.3,90964.4,43544.382,,,,,,,,,,,,,,,,,,,,,,,,,,,,,
btc_daily,2026-01-12,BTC,90964.4,92488.0,90066.0,91252.6,169237.383,,,,,,,,,,,,,,,,,,,,,,,,,,,,,
btc_daily,2026-01-13,BTC,91252.5,96863.7,91011.0,95375.2,200545.918,,,,,,,,,,,,,,,,,,,,,,,,,,,,,
btc_daily,2026-01-14,BTC,95375.2,97932.1,94413.4,96907.9,182043.491,,,,,,,,,,,,,,,,,,,,,,,,,,,,,
btc_daily,2026-01-15,BTC,96908.0,97155.0,95080.0,95567.3,149204.741,,,,,,,,,,,,,,,,,,,,,,,,,,,,,
btc_daily,2026-01-16,BTC,95567.4,95825.0,94234.5,95503.7,101218.089,,,,,,,,,,,,,,,,,,,,,,,,,,,,,
btc_daily,2026-01-17,BTC,95503.8,95621.9,94977.5,95107.9,38969.233,,,,,,,,,,,,,,,,,,,,,,,,,,,,,
btc_daily,2026-01-18,BTC,95107.9,95490.0,93550.3,93614.0,62580.393,,,,,,,,,,,,,,,,,,,,,,,,,,,,,
btc_daily,2026-01-19,BTC,93614.0,93614.1,91800.0,92589.6,108237.056,,,,,,,,,,,,,,,,,,,,,,,,,,,,,
btc_daily,2026-01-20,BTC,92589.6,92845.0,87787.2,88390.6,188076.2,,,,,,,,,,,,,,,,,,,,,,,,,,,,,
btc_daily,2026-01-21,BTC,88390.7,90599.5,87205.5,89411.4,208082.615,,,,,,,,,,,,,,,,,,,,,,,,,,,,,
btc_daily,2026-01-22,BTC,89411.4,90327.7,88465.6,89518.5,105914.221,,,,,,,,,,,,,,,,,,,,,,,,,,,,,
btc_daily,2026-01-23,BTC,89518.4,91195.0,88530.0,89558.7,124825.85,,,,,,,,,,,,,,,,,,,,,,,,,,,,,
btc_daily,2026-01-24,BTC,89558.7,89893.9,89116.9,89180.7,30735.937,,,,,,,,,,,,,,,,,,,,,,,,,,,,,
btc_daily,2026-01-25,BTC,89180.7,89281.6,86021.7,86628.9,124879.363,,,,,,,,,,,,,,,,,,,,,,,,,,,,,
btc_daily,2026-01-26,BTC,86628.9,88834.1,86463.2,88300.6,134609.491,,,,,,,,,,,,,,,,,,,,,,,,,,,,,
btc_daily,2026-01-27,BTC,88300.6,89499.0,87265.4,89197.8,117926.114,,,,,,,,,,,,,,,,,,,,,,,,,,,,,
btc_daily,2026-01-28,BTC,89197.8,90592.7,88786.0,89261.7,123884.859,,,,,,,,,,,,,,,,,,,,,,,,,,,,,
btc_daily,2026-01-29,BTC,89261.7,89316.8,83338.3,84604.7,226761.591,,,,,,,,,,,,,,,,,,,,,,,,,,,,,
btc_daily,2026-01-30,BTC,84604.7,84697.2,81000.0,84211.4,254794.516,,,,,,,,,,,,,,,,,,,,,,,,,,,,,
btc_daily,2026-01-31,BTC,84211.4,84239.5,75500.0,78706.8,271548.511,,,,,,,,,,,,,,,,,,,,,,,,,,,,,
btc_daily,2026-02-01,BTC,78706.7,79396.8,75644.0,76931.5,186984.08,,,,,,,,,,,,,,,,,,,,,,,,,,,,,
btc_daily,2026-02-02,BTC,76931.6,79311.0,74555.0,78692.5,259646.414,,,,,,,,,,,,,,,,,,,,,,,,,,,,,
btc_daily,2026-02-03,BTC,78692.5,79163.0,72889.2,75732.4,307725.516,,,,,,,,,,,,,,,,,,,,,,,,,,,,,
btc_daily,2026-02-04,BTC,75732.4,76952.5,71838.0,73137.4,293124.639,,,,,,,,,,,,,,,,,,,,,,,,,,,,,
btc_daily,2026-02-05,BTC,73137.5,73316.3,62233.3,62868.1,670089.741,,,,,,,,,,,,,,,,,,,,,,,,,,,,,
btc_daily,2026-02-06,BTC,62868.1,71714.4,59800.0,70544.5,559182.769,,,,,,,,,,,,,,,,,,,,,,,,,,,,,
btc_daily,2026-02-07,BTC,70544.5,71690.0,67250.0,69254.2,266663.651,,,,,,,,,,,,,,,,,,,,,,,,,,,,,
btc_daily,2026-02-08,BTC,69254.3,72300.0,68843.7,70288.1,162753.587,,,,,,,,,,,,,,,,,,,,,,,,,,,,,
btc_daily,2026-02-09,BTC,70288.2,71434.9,68271.7,70110.5,222442.828,,,,,,,,,,,,,,,,,,,,,,,,,,,,,
btc_daily,2026-02-10,BTC,70110.6,70499.9,67883.0,68805.3,183872.609,,,,,,,,,,,,,,,,,,,,,,,,,,,,,
btc_daily,2026-02-11,BTC,68805.3,69262.7,65718.5,67054.4,256625.524,,,,,,,,,,,,,,,,,,,,,,,,,,,,,
btc_daily,2026-02-12,BTC,67054.8,68385.0,65081.0,66243.1,199993.259,,,,,,,,,,,,,,,,,,,,,,,,,,,,,
btc_daily,2026-02-13,BTC,66243.2,69473.7,65833.9,68821.5,183043.289,,,,,,,,,,,,,,,,,,,,,,,,,,,,,
btc_daily,2026-02-14,BTC,68821.5,70557.7,68689.1,69795.4,114534.246,,,,,,,,,,,,,,,,,,,,,,,,,,,,,
btc_daily,2026-02-15,BTC,69795.4,70938.5,68029.6,68796.9,151250.13,,,,,,,,,,,,,,,,,,,,,,,,,,,,,
btc_daily,2026-02-16,BTC,68796.9,70110.9,67250.0,68862.5,149579.748,,,,,,,,,,,,,,,,,,,,,,,,,,,,,
btc_daily,2026-02-17,BTC,68862.6,69228.6,66588.0,67475.9,149185.122,,,,,,,,,,,,,,,,,,,,,,,,,,,,,
btc_daily,2026-02-18,BTC,67475.9,68438.0,65826.1,66422.8,163973.391,,,,,,,,,,,,,,,,,,,,,,,,,,,,,
btc_daily,2026-02-19,BTC,66422.8,67299.4,65595.7,66974.0,147432.601,,,,,,,,,,,,,,,,,,,,,,,,,,,,,
btc_daily,2026-02-20,BTC,66973.9,68283.7,66408.1,67979.3,225303.971,,,,,,,,,,,,,,,,,,,,,,,,,,,,,
btc_daily,2026-02-21,BTC,67979.3,68687.0,67488.9,67933.1,87495.493,,,,,,,,,,,,,,,,,,,,,,,,,,,,,
btc_daily,2026-02-22,BTC,67933.2,68220.0,67150.0,67613.5,84343.422,,,,,,,,,,,,,,,,,,,,,,,,,,,,,
btc_daily,2026-02-23,BTC,67613.6,67655.8,63860.0,64625.8,277151.296,,,,,,,,,,,,,,,,,,,,,,,,,,,,,
btc_daily,2026-02-24,BTC,64625.8,64980.0,62401.7,64031.3,223150.569,,,,,,,,,,,,,,,,,,,,,,,,,,,,,
btc_daily,2026-02-25,BTC,64031.4,69999.0,63876.0,67952.5,299238.818,,,,,,,,,,,,,,,,,,,,,,,,,,,,,
btc_daily,2026-02-26,BTC,67952.5,68850.0,66462.0,67448.2,177837.055,,,,,,,,,,,,,,,,,,,,,,,,,,,,,
btc_daily,2026-02-27,BTC,67448.1,68188.8,64875.6,65836.0,205957.364,,,,,,,,,,,,,,,,,,,,,,,,,,,,,
btc_daily,2026-02-28,BTC,65836.0,67735.0,62979.5,66937.1,257922.786,,,,,,,,,,,,,,,,,,,,,,,,,,,,,
btc_daily,2026-03-01,BTC,66937.0,68189.0,65011.0,65750.0,219111.436,,,,,,,,,,,,,,,,,,,,,,,,,,,,,
btc_daily,2026-03-02,BTC,65749.9,70100.0,65234.4,68801.8,277378.032,,,,,,,,,,,,,,,,,,,,,,,,,,,,,
btc_daily,2026-03-03,BTC,68801.8,69221.6,66080.0,68295.3,257469.9,,,,,,,,,,,,,,,,,,,,,,,,,,,,,
btc_daily,2026-03-04,BTC,68295.2,74046.5,67350.0,72641.4,357143.496,,,,,,,,,,,,,,,,,,,,,,,,,,,,,
btc_daily,2026-03-05,BTC,72641.4,73539.1,70612.8,70854.8,226168.28,,,,,,,,,,,,,,,,,,,,,,,,,,,,,
btc_daily,2026-03-06,BTC,70854.8,71387.5,67712.3,68083.0,213382.703,,,,,,,,,,,,,,,,,,,,,,,,,,,,,
btc_daily,2026-03-07,BTC,68083.0,68524.9,66850.1,67232.1,94570.162,,,,,,,,,,,,,,,,,,,,,,,,,,,,,
btc_daily,2026-03-08,BTC,67232.1,68171.6,65569.2,65934.3,155747.973,,,,,,,,,,,,,,,,,,,,,,,,,,,,,
btc_daily,2026-03-09,BTC,65934.3,69498.0,65770.5,68394.1,237211.547,,,,,,,,,,,,,,,,,,,,,,,,,,,,,
btc_daily,2026-03-10,BTC,68394.0,71748.1,68345.0,69901.9,265674.484,,,,,,,,,,,,,,,,,,,,,,,,,,,,,
btc_daily,2026-03-11,BTC,69901.8,71286.0,68932.9,70150.0,195627.956,,,,,,,,,,,,,,,,,,,,,,,,,,,,,
btc_daily,2026-03-12,BTC,70150.0,70756.5,69150.0,70480.1,186490.593,,,,,,,,,,,,,,,,,,,,,,,,,,,,,
btc_daily,2026-03-13,BTC,70480.1,73870.0,70342.7,70895.5,300232.121,,,,,,,,,,,,,,,,,,,,,,,,,,,,,
btc_daily,2026-03-14,BTC,70895.5,71272.3,70256.0,71174.4,79283.014,,,,,,,,,,,,,,,,,,,,,,,,,,,,,
btc_daily,2026-03-15,BTC,71174.4,73199.9,70815.7,72778.9,126474.242,,,,,,,,,,,,,,,,,,,,,,,,,,,,,
btc_daily,2026-03-16,BTC,72778.8,74880.0,72235.6,74846.4,269076.99,,,,,,,,,,,,,,,,,,,,,,,,,,,,,
btc_daily,2026-03-17,BTC,74846.4,75998.9,73330.3,73872.4,218278.973,,,,,,,,,,,,,,,,,,,,,,,,,,,,,
btc_daily,2026-03-18,BTC,73872.3,74633.0,70456.0,71202.9,226755.469,,,,,,,,,,,,,,,,,,,,,,,,,,,,,
btc_daily,2026-03-19,BTC,71202.9,71598.3,68750.0,69887.4,218646.177,,,,,,,,,,,,,,,,,,,,,,,,,,,,,
btc_daily,2026-03-20,BTC,69887.4,71342.2,69350.0,70472.7,186241.517,,,,,,,,,,,,,,,,,,,,,,,,,,,,,
btc_daily,2026-03-21,BTC,70472.6,71077.7,68511.3,68881.5,74084.886,,,,,,,,,,,,,,,,,,,,,,,,,,,,,
btc_daily,2026-03-22,BTC,68881.5,69555.8,67300.0,67830.6,134880.564,,,,,,,,,,,,,,,,,,,,,,,,,,,,,
btc_daily,2026-03-23,BTC,67830.7,71789.8,67400.1,70865.9,291099.678,,,,,,,,,,,,,,,,,,,,,,,,,,,,,
btc_daily,2026-03-24,BTC,70866.0,71377.5,68884.5,70523.9,196191.95,,,,,,,,,,,,,,,,,,,,,,,,,,,,,
btc_daily,2026-03-25,BTC,70524.0,71999.9,70375.0,71297.5,166515.849,,,,,,,,,,,,,,,,,,,,,,,,,,,,,
btc_daily,2026-03-26,BTC,71297.5,71408.1,68115.8,68788.0,186473.614,,,,,,,,,,,,,,,,,,,,,,,,,,,,,
btc_daily,2026-03-27,BTC,68788.1,69142.7,65501.0,66364.2,212351.048,,,,,,,,,,,,,,,,,,,,,,,,,,,,,
btc_daily,2026-03-28,BTC,66364.1,67284.0,65888.0,66334.8,89373.492,,,,,,,,,,,,,,,,,,,,,,,,,,,,,
btc_daily,2026-03-29,BTC,66334.8,67100.0,64918.2,65977.9,110278.396,,,,,,,,,,,,,,,,,,,,,,,,,,,,,
btc_daily,2026-03-30,BTC,65978.0,68148.4,65754.2,66764.4,187059.065,,,,,,,,,,,,,,,,,,,,,,,,,,,,,
btc_daily,2026-03-31,BTC,66764.4,68600.0,65938.0,68241.5,243333.085,,,,,,,,,,,,,,,,,,,,,,,,,,,,,
btc_daily,2026-04-01,BTC,68241.4,69288.0,67534.9,68086.5,157276.22,,,,,,,,,,,,,,,,,,,,,,,,,,,,,
btc_daily,2026-04-02,BTC,68086.4,68639.1,65676.1,66868.5,188358.921,,,,,,,,,,,,,,,,,,,,,,,,,,,,,
btc_daily,2026-04-03,BTC,66868.6,67350.0,66240.0,66930.0,79267.833,,,,,,,,,,,,,,,,,,,,,,,,,,,,,
btc_daily,2026-04-04,BTC,66930.0,67554.5,66745.5,67271.0,50770.337,,,,,,,,,,,,,,,,,,,,,,,,,,,,,
btc_daily,2026-04-05,BTC,67271.1,69108.0,66575.5,68997.9,104918.169,,,,,,,,,,,,,,,,,,,,,,,,,,,,,
btc_daily,2026-04-06,BTC,68997.9,70332.5,68227.5,68817.9,166757.236,,,,,,,,,,,,,,,,,,,,,,,,,,,,,
btc_daily,2026-04-07,BTC,68817.9,72743.4,67711.0,71890.2,232828.247,,,,,,,,,,,,,,,,,,,,,,,,,,,,,
btc_daily,2026-04-08,BTC,71890.2,72858.5,70671.6,71038.1,183378.492,,,,,,,,,,,,,,,,,,,,,,,,,,,,,
btc_daily,2026-04-09,BTC,71038.2,73128.0,70428.0,71750.4,175806.457,,,,,,,,,,,,,,,,,,,,,,,,,,,,,
btc_daily,2026-04-10,BTC,71750.4,73450.0,71382.1,72917.4,156569.666,,,,,,,,,,,,,,,,,,,,,,,,,,,,,
btc_daily,2026-04-11,BTC,72917.4,73773.4,72451.9,73013.4,80169.67,,,,,,,,,,,,,,,,,,,,,,,,,,,,,
btc_daily,2026-04-12,BTC,73013.4,73094.4,70458.2,70711.1,134822.989,,,,,,,,,,,,,,,,,,,,,,,,,,,,,
btc_daily,2026-04-13,BTC,70711.2,74870.0,70517.3,74385.0,213029.519,,,,,,,,,,,,,,,,,,,,,,,,,,,,,
btc_daily,2026-04-14,BTC,74384.9,76009.0,73766.8,74106.9,183261.49,,,,,,,,,,,,,,,,,,,,,,,,,,,,,
btc_daily,2026-04-15,BTC,74106.9,75425.6,73449.0,74776.2,131029.771,,,,,,,,,,,,,,,,,,,,,,,,,,,,,
btc_daily,2026-04-16,BTC,74776.3,75500.0,73256.8,75106.8,158397.725,,,,,,,,,,,,,,,,,,,,,,,,,,,,,
btc_daily,2026-04-17,BTC,75106.8,78300.0,74480.0,77030.6,239395.915,,,,,,,,,,,,,,,,,,,,,,,,,,,,,
btc_daily,2026-04-18,BTC,77030.6,77380.0,75395.9,75653.8,105894.391,,,,,,,,,,,,,,,,,,,,,,,,,,,,,
btc_daily,2026-04-19,BTC,75653.8,76200.0,73700.2,73758.4,128978.211,,,,,,,,,,,,,,,,,,,,,,,,,,,,,
btc_daily,2026-04-20,BTC,73758.4,76531.0,73669.0,75790.1,166149.667,,,,,,,,,,,,,,,,,,,,,,,,,,,,,
btc_daily,2026-04-21,BTC,75790.1,76999.0,74777.9,76288.2,164760.987,,,,,,,,,,,,,,,,,,,,,,,,,,,,,
btc_daily,2026-04-22,BTC,76288.3,79444.0,76078.6,78139.8,191087.096,,,,,,,,,,,,,,,,,,,,,,,,,,,,,
btc_daily,2026-04-23,BTC,78139.7,78648.0,76504.6,78216.8,172485.012,,,,,,,,,,,,,,,,,,,,,,,,,,,,,
btc_daily,2026-04-24,BTC,78217.4,78546.0,77206.8,77395.4,127783.005,,,,,,,,,,,,,,,,,,,,,,,,,,,,,
btc_daily,2026-04-25,BTC,77395.3,77847.0,77100.0,77585.0,46592.486,,,,,,,,,,,,,,,,,,,,,,,,,,,,,
btc_daily,2026-04-26,BTC,77585.0,78994.8,77280.0,78613.5,79943.305,,,,,,,,,,,,,,,,,,,,,,,,,,,,,
btc_daily,2026-04-27,BTC,78614.4,79455.0,76400.0,77331.2,169100.883,,,,,,,,,,,,,,,,,,,,,,,,,,,,,
btc_daily,2026-04-28,BTC,77331.2,77450.0,75635.6,76298.1,103918.877,,,,,,,,,,,,,,,,,,,,,,,,,,,,,
btc_daily,2026-04-29,BTC,76298.2,77873.2,74868.0,75749.9,186533.503,,,,,,,,,,,,,,,,,,,,,,,,,,,,,
btc_daily,2026-04-30,BTC,75749.9,76630.3,75273.5,76305.4,99754.46,,,,,,,,,,,,,,,,,,,,,,,,,,,,,
btc_daily,2026-05-01,BTC,76305.4,78879.9,76265.4,78192.0,152998.306,,,,,,,,,,,,,,,,,,,,,,,,,,,,,
btc_daily,2026-05-02,BTC,78191.9,79145.0,77979.3,78652.9,51441.108,,,,,,,,,,,,,,,,,,,,,,,,,,,,,
btc_daily,2026-05-03,BTC,78652.8,79428.9,78027.0,78529.0,72033.621,,,,,,,,,,,,,,,,,,,,,,,,,,,,,
btc_daily,2026-05-04,BTC,78529.0,80771.7,78128.3,79826.1,280916.582,,,,,,,,,,,,,,,,,,,,,,,,,,,,,
btc_daily,2026-05-05,BTC,79826.1,81745.4,79761.2,80861.9,170921.528,,,,,,,,,,,,,,,,,,,,,,,,,,,,,
btc_daily,2026-05-06,BTC,80861.9,82828.7,80651.2,81390.1,158200.508,,,,,,,,,,,,,,,,,,,,,,,,,,,,,
btc_daily,2026-05-07,BTC,81390.0,81680.6,79461.5,79969.4,134727.652,,,,,,,,,,,,,,,,,,,,,,,,,,,,,
btc_daily,2026-05-08,BTC,79969.5,80478.0,79137.4,80155.2,106762.913,,,,,,,,,,,,,,,,,,,,,,,,,,,,,
btc_daily,2026-05-09,BTC,80155.2,81043.2,80080.0,80634.0,55957.334,,,,,,,,,,,,,,,,,,,,,,,,,,,,,
btc_daily,2026-05-10,BTC,80634.0,82460.5,80225.1,82177.7,94950.803,,,,,,,,,,,,,,,,,,,,,,,,,,,,,
btc_daily,2026-05-11,BTC,82177.7,82350.0,80394.0,81699.1,121990.421,,,,,,,,,,,,,,,,,,,,,,,,,,,,,
btc_daily,2026-05-12,BTC,81699.1,81757.3,79801.0,80461.0,121313.956,,,,,,,,,,,,,,,,,,,,,,,,,,,,,
btc_daily,2026-05-13,BTC,80461.0,81270.2,78713.8,79288.3,139700.645,,,,,,,,,,,,,,,,,,,,,,,,,,,,,
btc_daily,2026-05-14,BTC,79288.2,81999.0,78869.4,81048.9,175883.625,,,,,,,,,,,,,,,,,,,,,,,,,,,,,
btc_daily,2026-05-15,BTC,81048.8,81623.8,78610.0,79074.0,153823.505,,,,,,,,,,,,,,,,,,,,,,,,,,,,,
btc_daily,2026-05-16,BTC,79074.0,79199.7,77601.8,78104.2,86150.451,,,,,,,,,,,,,,,,,,,,,,,,,,,,,
btc_daily,2026-05-17,BTC,78104.3,78564.3,76666.0,77430.4,86217.669,,,,,,,,,,,,,,,,,,,,,,,,,,,,,
btc_daily,2026-05-18,BTC,77430.4,77757.5,76014.2,76963.2,178363.499,,,,,,,,,,,,,,,,,,,,,,,,,,,,,
btc_daily,2026-05-19,BTC,76963.2,77384.6,76107.1,76799.9,99046.639,,,,,,,,,,,,,,,,,,,,,,,,,,,,,
btc_daily,2026-05-20,BTC,76800.0,77825.8,76485.0,77510.3,107607.406,,,,,,,,,,,,,,,,,,,,,,,,,,,,,
btc_daily,2026-05-21,BTC,77510.3,78180.0,76696.7,77586.2,117095.161,,,,,,,,,,,,,,,,,,,,,,,,,,,,,
btc_daily,2026-05-22,BTC,77586.3,77862.7,75322.0,75513.1,116206.213,,,,,,,,,,,,,,,,,,,,,,,,,,,,,
btc_daily,2026-05-23,BTC,75513.1,77427.0,74203.6,76715.2,153827.753,,,,,,,,,,,,,,,,,,,,,,,,,,,,,
btc_daily,2026-05-24,BTC,76715.3,77600.0,76056.0,77030.3,91134.277,,,,,,,,,,,,,,,,,,,,,,,,,,,,,
btc_daily,2026-05-25,BTC,77030.3,77887.9,76871.4,77281.5,76708.408,,,,,,,,,,,,,,,,,,,,,,,,,,,,,
btc_daily,2026-05-26,BTC,77281.5,78077.1,75641.2,75905.5,164920.082,,,,,,,,,,,,,,,,,,,,,,,,,,,,,
btc_daily,2026-05-27,BTC,75905.6,76155.5,74210.0,74418.1,144715.461,,,,,,,,,,,,,,,,,,,,,,,,,,,,,
btc_daily,2026-05-28,BTC,74418.0,74565.3,72556.0,73591.4,179445.677,,,,,,,,,,,,,,,,,,,,,,,,,,,,,
btc_daily,2026-05-29,BTC,73591.4,74293.1,72436.0,73428.2,146157.182,,,,,,,,,,,,,,,,,,,,,,,,,,,,,
btc_daily,2026-05-30,BTC,73428.2,74108.8,73130.1,73856.8,52543.686,,,,,,,,,,,,,,,,,,,,,,,,,,,,,
btc_daily,2026-05-31,BTC,73856.9,74250.0,73340.7,73653.2,58241.459,,,,,,,,,,,,,,,,,,,,,,,,,,,,,
btc_daily,2026-06-01,BTC,73653.2,74070.5,70650.9,71391.5,213471.128,,,,,,,,,,,,,,,,,,,,,,,,,,,,,
btc_daily,2026-06-02,BTC,71391.5,71397.0,67573.5,67964.3,179659.253,,,,,,,,,,,,,,,,,,,,,,,,,,,,,
btc_daily,2026-06-03,BTC,66730.1,67493.8,64050.8,64117.7,310901.538,,,,,,,,,,,,,,,,,,,,,,,,,,,,,
btc_daily,2026-06-04,BTC,64117.7,64739.8,61344.8,63853.4,431174.611,,,,,,,,,,,,,,,,,,,,,,,,,,,,,
btc_daily,2026-06-05,BTC,63853.4,63955.0,59080.0,61022.0,478161.885,,,,,,,,,,,,,,,,,,,,,,,,,,,,,
btc_daily,2026-06-06,BTC,61022.0,61500.0,59451.3,60849.7,174760.843,,,,,,,,,,,,,,,,,,,,,,,,,,,,,
btc_daily,2026-06-07,BTC,60849.7,64250.0,60708.0,63298.5,217479.033,,,,,,,,,,,,,,,,,,,,,,,,,,,,,
btc_daily,2026-06-08,BTC,63299.0,64179.5,62377.0,63057.9,184441.053,,,,,,,,,,,,,,,,,,,,,,,,,,,,,
btc_daily,2026-06-09,BTC,63057.9,63499.9,60755.0,61695.0,221399.474,,,,,,,,,,,,,,,,,,,,,,,,,,,,,
btc_daily,2026-06-10,BTC,61694.9,62840.2,60691.9,61483.7,193054.264,,,,,,,,,,,,,,,,,,,,,,,,,,,,,
btc_daily,2026-06-11,BTC,61483.6,63915.3,61483.6,63597.9,193994.574,,,,,,,,,,,,,,,,,,,,,,,,,,,,,
btc_daily,2026-06-12,BTC,63598.0,64362.6,62800.0,63547.0,145723.782,,,,,,,,,,,,,,,,,,,,,,,,,,,,,
btc_daily,2026-06-13,BTC,63547.0,64738.0,63360.0,64418.2,76161.387,,,,,,,,,,,,,,,,,,,,,,,,,,,,,
btc_daily,2026-06-14,BTC,64418.3,65775.0,63650.0,65702.1,116733.458,,,,,,,,,,,,,,,,,,,,,,,,,,,,,
btc_daily,2026-06-15,BTC,65702.1,67255.4,65314.3,66285.9,167952.941,,,,,,,,,,,,,,,,,,,,,,,,,,,,,
btc_daily,2026-06-16,BTC,66285.9,66956.7,65328.8,65644.8,129106.426,,,,,,,,,,,,,,,,,,,,,,,,,,,,,
btc_daily,2026-06-17,BTC,65644.8,66419.2,63881.2,64472.9,199486.299,,,,,,,,,,,,,,,,,,,,,,,,,,,,,
btc_daily,2026-06-18,BTC,64472.9,64780.0,62232.1,62924.1,187698.716,,,,,,,,,,,,,,,,,,,,,,,,,,,,,
btc_daily,2026-06-19,BTC,62924.0,63645.0,62237.2,63512.6,112226.881,,,,,,,,,,,,,,,,,,,,,,,,,,,,,
btc_daily,2026-06-20,BTC,63512.5,64370.9,63136.2,64270.0,95676.696,,,,,,,,,,,,,,,,,,,,,,,,,,,,,
btc_daily,2026-06-21,BTC,64270.1,64568.0,63220.0,63287.1,84982.076,,,,,,,,,,,,,,,,,,,,,,,,,,,,,
btc_daily,2026-06-22,BTC,63287.2,65597.2,63286.2,63990.2,161843.008,,,,,,,,,,,,,,,,,,,,,,,,,,,,,
btc_daily,2026-06-23,BTC,63990.1,64247.2,61870.0,62696.7,172919.239,,,,,,,,,,,,,,,,,,,,,,,,,,,,,
btc_daily,2026-06-24,BTC,62696.7,63209.6,59060.0,61051.2,278097.304,,,,,,,,,,,,,,,,,,,,,,,,,,,,,
btc_daily,2026-06-25,BTC,61051.2,61931.1,58030.0,59771.9,301830.174,,,,,,,,,,,,,,,,,,,,,,,,,,,,,
btc_daily,2026-06-26,BTC,59772.0,60734.0,58288.0,60072.0,282095.151,,,,,,,,,,,,,,,,,,,,,,,,,,,,,
btc_daily,2026-06-27,BTC,60071.9,60924.7,59819.8,60000.3,81302.593,,,,,,,,,,,,,,,,,,,,,,,,,,,,,
btc_daily,2026-06-28,BTC,60000.4,60543.3,58888.0,59550.2,103598.697,,,,,,,,,,,,,,,,,,,,,,,,,,,,,
btc_daily,2026-06-29,BTC,59550.2,60758.3,58850.0,60224.7,227776.275,,,,,,,,,,,,,,,,,,,,,,,,,,,,,
btc_daily,2026-06-30,BTC,60224.7,60250.0,58160.0,58605.4,191646.301,,,,,,,,,,,,,,,,,,,,,,,,,,,,,
btc_daily,2026-07-01,BTC,58605.4,61322.0,57758.6,59999.6,263938.481,,,,,,,,,,,,,,,,,,,,,,,,,,,,,
btc_daily,2026-07-02,BTC,59999.6,62180.0,59555.0,61540.6,235950.072,,,,,,,,,,,,,,,,,,,,,,,,,,,,,
btc_daily,2026-07-03,BTC,61540.5,62957.2,61229.0,62565.5,132498.494,,,,,,,,,,,,,,,,,,,,,,,,,,,,,
btc_daily,2026-07-04,BTC,62565.5,63450.0,62302.6,63114.8,79649.524,,,,,,,,,,,,,,,,,,,,,,,,,,,,,
btc_daily,2026-07-05,BTC,63114.9,63990.7,62410.1,63617.1,92627.144,,,,,,,,,,,,,,,,,,,,,,,,,,,,,
btc_daily,2026-07-06,BTC,63617.2,64691.9,61297.0,64023.6,242793.799,,,,,,,,,,,,,,,,,,,,,,,,,,,,,
btc_daily,2026-07-07,BTC,64023.5,64298.1,62638.0,63335.4,177205.838,,,,,,,,,,,,,,,,,,,,,,,,,,,,,
btc_daily,2026-07-08,BTC,63335.4,63740.2,61520.0,62255.3,163095.725,,,,,,,,,,,,,,,,,,,,,,,,,,,,,
btc_daily,2026-07-09,BTC,62255.1,63484.9,61666.0,63197.0,150854.293,,,,,,,,,,,,,,,,,,,,,,,,,,,,,
btc_daily,2026-07-10,BTC,63197.1,64680.0,62897.0,64129.5,138788.057,,,,,,,,,,,,,,,,,,,,,,,,,,,,,
btc_daily,2026-07-11,BTC,64129.5,64497.4,63668.8,63783.0,53674.895,,,,,,,,,,,,,,,,,,,,,,,,,,,,,
btc_daily,2026-07-12,BTC,63783.1,64271.9,63602.8,63750.0,60091.946,,,,,,,,,,,,,,,,,,,,,,,,,,,,,
btc_daily,2026-07-13,BTC,63749.9,64411.8,61806.0,62307.0,195782.223,,,,,,,,,,,,,,,,,,,,,,,,,,,,,
btc_daily,2026-07-14,BTC,62307.0,65130.0,62240.9,65014.7,190875.183,,,,,,,,,,,,,,,,,,,,,,,,,,,,,
btc_daily,2026-07-15,BTC,65014.6,65589.7,64450.9,64721.4,132223.614,,,,,,,,,,,,,,,,,,,,,,,,,,,,,
btc_daily,2026-07-16,BTC,64721.4,64974.5,63712.6,63801.0,130469.462,,,,,,,,,,,,,,,,,,,,,,,,,,,,,
btc_daily,2026-07-17,BTC,63801.1,64356.7,62505.1,63909.9,165852.813,,,,,,,,,,,,,,,,,,,,,,,,,,,,,
btc_daily,2026-07-18,BTC,63909.9,64837.4,63859.6,64806.7,49226.738,,,,,,,,,,,,,,,,,,,,,,,,,,,,,
btc_daily,2026-07-19,BTC,64806.7,64948.8,64259.5,64694.7,62795.03,,,,,,,,,,,,,,,,,,,,,,,,,,,,,
btc_daily,2026-07-20,BTC,64694.8,65788.0,63736.1,65224.8,179506.147,,,,,,,,,,,,,,,,,,,,,,,,,,,,,
btc_daily,2026-07-21,BTC,65224.7,66924.1,65115.3,66522.4,138894.915,,,,,,,,,,,,,,,,,,,,,,,,,,,,,
btc_daily,2026-07-22,BTC,66522.3,66711.0,65505.0,66082.0,116810.615,,,,,,,,,,,,,,,,,,,,,,,,,,,,,
btc_daily,2026-07-23,BTC,66082.0,66284.1,64636.0,65069.6,124767.778,,,,,,,,,,,,,,,,,,,,,,,,,,,,,
btc_daily,2026-07-24,BTC,65069.6,65780.0,63666.0,64116.5,147537.472,,,,,,,,,,,,,,,,,,,,,,,,,,,,,
btc_daily,2026-07-25,BTC,64116.5,64417.1,63760.5,64338.1,46247.634,,,,,,,,,,,,,,,,,,,,,,,,,,,,,
btc_daily,2026-07-26,BTC,64338.0,65555.0,64256.4,65375.1,65763.163,,,,,,,,,,,,,,,,,,,,,,,,,,,,,
btc_daily,2026-07-27,BTC,65375.2,65722.5,63567.0,63720.8,147831.733,,,,,,,,,,,,,,,,,,,,,,,,,,,,,
btc_daily,2026-07-28,BTC,63720.7,64084.5,62660.1,63903.6,144273.862,,,,,,,,,,,,,,,,,,,,,,,,,,,,,
btc_daily,2026-07-29,BTC,63903.6,64715.9,63234.0,63958.9,179976.299,,,,,,,,,,,,,,,,,,,,,,,,,,,,,
btc_daily,2026-07-30,BTC,63958.9,65157.0,63576.4,64750.0,112855.732,,,,,,,,,,,,,,,,,,,,,,,,,,,,,
btc_daily,2026-07-31,BTC,64750.0,65391.3,62410.5,62859.9,174964.935,,,,,,,,,,,,,,,,,,,,,,,,,,,,,
btc_daily,2026-08-01,BTC,62859.9,63126.6,62228.8,62792.3,54738.143,,,,,,,,,,,,,,,,,,,,,,,,,,,,,
btc_daily,2026-08-02,BTC,62792.3,63779.0,62782.3,63550.0,84040.407,,,,,,,,,,,,,,,,,,,,,,,,,,,,,
btc_daily,2026-08-03,BTC,63550.0,64058.8,62268.2,63497.2,151843.862,,,,,,,,,,,,,,,,,,,,,,,,,,,,,
btc_daily,2026-08-04,BTC,63497.1,64512.9,63290.2,64075.5,130025.3,,,,,,,,,,,,,,,,,,,,,,,,,,,,,
btc_daily,2026-08-05,BTC,64075.6,65022.0,63847.0,64633.9,145120.247,,,,,,,,,,,,,,,,,,,,,,,,,,,,,
btc_daily,2026-08-06,BTC,64634.0,64971.7,64111.0,64300.0,99304.784,,,,,,,,,,,,,,,,,,,,,,,,,,,,,
btc_daily,2026-08-07,BTC,64299.9,65358.0,64128.3,64885.4,124388.38,,,,,,,,,,,,,,,,,,,,,,,,,,,,,
btc_daily,2026-08-08,BTC,64885.5,65163.0,64784.3,64928.5,26438.302,,,,,,,,,,,,,,,,,,,,,,,,,,,,,
btc_daily,2026-08-09,BTC,64928.6,65482.7,64700.0,64867.8,47848.462,,,,,,,,,,,,,,,,,,,,,,,,,,,,,
btc_daily,2026-08-10,BTC,64867.8,65373.6,63788.0,63939.3,128825.728,,,,,,,,,,,,,,,,,,,,,,,,,,,,,
btc_daily,2026-08-11,BTC,63939.3,64470.0,63211.6,63572.0,106023.646,,,,,,,,,,,,,,,,,,,,,,,,,,,,,
btc_daily,2026-08-12,BTC,63571.9,64450.0,63283.0,63454.7,114432.813,,,,,,,,,,,,,,,,,,,,,,,,,,,,,
